id,name,link,categories,county,region,city,street,zip,country,latitude,longitude,phone,email,website,facebook,instagram,linkedin,description,featured_image,date_added
8425,3 different styles of yoga classes in Gorey Co.Wexford,https://dostuff.ie/providerpages/3-different-styles-of-yoga-classes-in-gorey-co-wexford/,"Breathwork & Pranayama, Hatha Yoga, Meditation, Mindfulness, Vinyasa Flow, Wellbeing, Wellness Retreats",Wexford,County Wexford,Gorey,Gorey corporation lands,Y25 V6P6,Ireland,52.6747425,-6.2959234,0851280870,lk_yoga@yahoo.com,https://lkyoga.ie,https://www.facebook.com/lk_yoga_,https://www.instagram.com/lk_yoga_,,Hi I’m Lauren from LK YOGA and I teach weekly classes in The Olive Room in The Palms Health & Well-being Centre Gorey. Tuesday 6.30-8pm Relaxing Yoga & Yoga Nidra Meditation Thursday 9.30-11am Hatha Yoga & Yoga Nidra Meditation Friday 7-8am Vinyasa Flow Classes are suitable for all levels including complete beginners All mats & props provided Drop in €16 (prebooking essential) 5 week block 90min class €70 5week block 60 min class €60 5 flexi class pass €75 TXT 0851280870 DM/PM @lk_yoga_,https://dostuff.ie/wp-content/uploads/2026/06/IMG_2340.jpeg,2026-06-17T09:51:41
8178,ART JAM STUDIO,https://dostuff.ie/providerpages/art-jam-studio/,"Adult Art, Craft and Making, Art, Craft & Making, Painting, Pottery & Ceramics",Kerry,County Kerry,Killarney,"22A New Street, Killarney",V93 N793,,51.705042897491,-8.5358957558187,+353860615695,info@artjam.ie,https://www.artjam.ie,https://www.facebook.com/artjamireland,https://www.instagram.com/art_jam_ireland,,"Art Jam Studio Killarney is a new creative space for adults to attend once off creative activities such as Paint & Sip and Sculpt & Sip along with drop in sessions during the day to paint your own pottery, mindful art, collage making, splash art. tote bag painting etc. Also providing pottery classes, abstract art classes, mindful & intuitive art classes. There will be a range of drop in creative activities and classes - something for everyone and a unique space in the centre of Killarney town.",https://dostuff.ie/wp-content/uploads/2026/05/Copy-of-Pink-Circle-Text-Logo-2.png,2026-05-31T18:18:52
6714,Ability Fitness Sligo,https://dostuff.ie/providerpages/ability-fitness-sligo/,"Fitness & Sports, Intellectual Disability Supported Inclusion",Sligo,County Sligo,Sligo,"Snap Fitness Sligo, Unit 9",F91 N522,Ireland,54.2496801,-8.470979,0838958141,jenna.abilityfitnesssligo@gmail.com,,,https://www.instagram.com/abilityfitnesssligo?igsh=MXZnbWw0bW9jOHhidg%3D%3D&utm_source=qr,,"Inclusive fitness classes held in Snapfitness Sligo for adults with autism/additional needs who prefer a sensory friendly environment. Low arousal, low impact and inclusive. Run by a hca (Jenna) in disability services qualified in low arousal training (studio 3 trainer) and all necessary up to date certificate (first aid, CPR, medication, epilepsy) alongside two gym instructors from Snapfitness Robbie and Laura.",https://dostuff.ie/wp-content/uploads/2026/03/IMG_5977.jpeg,2026-03-04T11:43:21
7815,Acting Classes Dublin and Online,https://dostuff.ie/providerpages/acting-classes-dublin-and-online/,"Acting & Drama, Music, Drama & Performance, Professional Development (CPD)",Dublin,County Dublin,Dublin 1,1 Foley St Dublin 1 D01 WA07 Foley St,D01 WA07,Ireland,53.3527936,-6.2492934,+353877596715,scottdavidmichael@gmail.com,https://davidscott.ie/,https://www.facebook.com/share/1JNd6mmZ7U/?mibextid=wwXIfr,https://www.facebook.com/share/1JNd6mmZ7U/?mibextid=wwXIfr,,"The Actors Wednesday Workshop and The Actors Friday Studio, The Summer Week Intensive and online one to one training. The Applied Art of Acting. Acting classes running in Dublin for over 15 years, taught by David Scott. Corporate training. www.davidscott.ie E. scottdavidmichael@gmail.com",https://dostuff.ie/wp-content/uploads/2026/05/IMG_8154.jpeg,2026-05-07T17:17:56
6426,Acting Workshops Baldoyle D13,https://dostuff.ie/providerpages/acting-workshops-baldoyle-d13/,"Acting & Drama, Adult Learning, DIY, Life Skills, Audition Preparation, Music, Drama & Performance, Public Speaking & Presentation",Dublin,County Dublin,Dublin,"Baldoyle Racecourse Community Centre, d13 x226",D13PK63,Ireland,53.4001804,-6.1372329,0868742749,wm.morgan@gmail.com,https://www.actorwilliammorgan.com,https://www.facebook.com/actorwilliammorgan,https://www.instagram.com/actorwilliammorgan,https://www.linkedin.com/in/actorwilliammorgan/,"A no nonsense approach to the art of acting. Workshops are designed for actors of all levels of experience and for those without any previous experience who are keen to unleash their creative side. The workshops will cover character development, script analysis and delivering an authentic performance for both stage and screen. In a fun, safe space, the workshops will improve your communication skills , public speaking , self-confidence , self-esteem and resilience . You will be encouraged to push yourself out of your comfort zone and approach each session with an open mind.",https://dostuff.ie/wp-content/uploads/2026/02/DoStuff-1.png,2026-02-24T11:16:15
6423,Acting Workshops – Dublin 2,https://dostuff.ie/providerpages/acting-workshops/,"Acting & Drama, Adult Learning, DIY, Life Skills, Audition Preparation, Public Speaking & Presentation",Dublin,County Dublin,Dublin 2,"The Pearse Centre, 27 Pearse St",D13PK63,Ireland,53.3450737,-6.2534374,0868742749,wm.morgan@gmail.com,https://www.actorwilliammorgan.com,https://www.facebook.com/actorwilliammorgan,https://www.instagram.com/actorwilliammorgan,https://www.linkedin.com/in/actorwilliammorgan/,"A no nonsense approach to the art of acting. Workshops are designed for actors of all levels of experience and for those without any previous experience who are keen to unleash their creative side. The workshops will cover character development, script analysis and delivering an authentic performance for both stage and screen. In a fun, safe space, the workshops will improve your communication skills , public speaking , self-confidence , self-esteem and resilience . You will be encouraged to push yourself out of your comfort zone and approach each session with an open mind.",https://dostuff.ie/wp-content/uploads/2026/02/DoStuff.png,2026-02-24T11:11:29
5643,Activities with Support for Intellectual Disabilities,https://dostuff.ie/providerpages/activities-with-support-for-intellectual-disabilities/,Intellectual Disability Supported Inclusion,"Online,Antrim,Armagh,Carlow,Cavan,Clare,Cork,Derry,Donegal,Down,Dublin,Fermanagh,Galway,Kerry,Kildare,Kilkenny,Laois,Leitrim,Limerick,Longford,Louth,Mayo,Meath,Monaghan,Offaly,Roscommon,Sligo,Tipperary,Tyrone,Waterford,Westmeath,Wexford,Wicklow",,,,,,,,,,,,,,"This category will be populated with activities by individuals, community groups and organisations which have the necessary supports to enable children and adults with an intellectual disability to take part. Add your activity here",https://dostuff.ie/wp-content/uploads/2026/07/B2EA6C2F-6AB2-4022-BF2F-D287C4F243FE.jpg,2026-01-23T13:11:44
6129,Adult Beginner Piano Class,https://dostuff.ie/providerpages/adult-beginner-piano-class/,"Adult Learning, DIY, Life Skills, Keyboard, Music School, Music Theory, Music, Drama & Performance, Piano",Westmeath,County Westmeath,Kilbeggan,,,Ireland,53.3650473,-7.49398,,info@ainenol.com,,https://www.facebook.com/ainenolan.com,https://www.instagram.com/ainenolan.com_piano,,"A relaxed, supportive space where you can take time each week just for you. Discover the joy of making music and learning something new with like-minded adults. No experience needed and no age limit! Classes take place in a small group setting in Kilbeggan, Co. Westmeath and are personally led by Áine Nolan PhD - 20+ years teaching experience. Limited availability! Email info@ainenolan.com to secure your place.",https://dostuff.ie/wp-content/uploads/2025/07/Do-Stuff-Music-And-Performance-1920x1280-1.webp,2026-02-10T10:58:12
9759,Afterschool service,https://dostuff.ie/providerpages/afterschool-service/,"Afterschool Clubs, Camps & Afterschool, Homework Clubs",Dublin,County Dublin,Dublin,Firhouse,D24,Ireland,53.2823254,-6.3415209,,juniorexplorers1@hotmail.com,,,https://www.instagram.com/juniorexplorers_1?igsh=MW1iNWFzb2hkMXhjcA%3D%3D&utm_source=qr,,"Afterschool collection and care, homework support, healthy snack provided and lots of fun indoor and outdoor activities.",https://dostuff.ie/wp-content/uploads/2026/07/ISIMG-789124.jpeg,2026-07-21T18:58:40
8265,Alize’s School of Singing,https://dostuff.ie/providerpages/alizes-school-of-singing/,"Choirs & Ensembles, Guitar, Music, Drama & Performance, Musical Theatre, Piano, Singing & Vocal Coaching, Ukulele",Kilkenny,County Kilkenny,Kilkenny,"Danville Business Park, Ring Rd",,Ireland,52.6356196,-7.2351915,,admin@schoolofsinging.ie,http://www.schoolofsinging.ie,https://www.facebook.com/share/1LEe8q7cGX/?mibextid=wwXIfr,https://www.instagram.com/alizes_school_of_singing?utm_source=qr,,"Alize’s School of Singing is an award-winning music and performing arts school based in Kilkenny, dedicated to building confidence, creativity, and performance skills in children, teens, and adults. Founded by Alize Comerford, the school offers expert tuition in singing, drama, musical theatre, piano, guitar, ukulele, pop choir, and performance training in a fun, supportive, and encouraging environment.",https://dostuff.ie/wp-content/uploads/2026/06/38330.png,2026-06-07T18:23:05
7837,Archaeology Camps – Booking Now,https://dostuff.ie/providerpages/archaeology-camps-booking-now/,"Archaeology, Camps & Afterschool, Nature & Outdoor Camps, Nature, Outdoors & Group Meet-Ups",Dublin,,,Various Locations - please see website,Various Locations - please see website,,,,087 7556808,info@sia.ie,http://sia.ie/archaeology-summer-camps-for-kids/,,,,"Our camps provide a new and fascination alternative to sports -themed camps and other school break activities for children aged between 7-12 years old. If your child is a curious explorer with a thirst for knowledge about the past this is the camp for them! With camps all year round they introduce children to the mysteries and adventures of our past in a fun, practical and hands on way. Sparking their imagination.",https://dostuff.ie/wp-content/uploads/2026/07/c25f5ae1-76c3-4dea-8f0e-18742b17a180-2-2.png,2026-05-08T13:58:56
3206,Art Classes/Private mentoring,https://dostuff.ie/providerpages/art-classes-private-mentoring/,"Art, Craft & Making, Card Making, Drawing & Illustration, Kids Art Club, Painting",Mayo,mayo,westport,"Unit 2 The Courtyard , James Street, Westport",F28DP40,,,,09844573,westportartmusicschool@gmail.com,https://www.westportartmusicschool.com,https://www.facebook.com/WAMSwestport/,https://www.instagram.com/westportartmusic/?hl=en,,"We offer private art mentoring for 1on1, groups on a regular basis or a once-off. Perfect if you’re looking for a rainy day activity when visiting Westport. We have classes for children and adults throughout the year available in blocks of 4-8 weeks and options for drop in occasionally (more so throughout the summer) whether your a local and want a hand with a project, or you want to master a certain skill or your visiting with your family and want to try something different and spend a couple hours watercolour painting on a Rainy day.. contact us to organise the perfect activity for you. we cover watercolour, acrylic painting, drawing, basic crafts and card making.",https://dostuff.ie/wp-content/uploads/2025/09/IMG_2421.jpeg,2025-09-21T12:32:35
7982,Art Clubs with Playful Tribe,https://dostuff.ie/providerpages/art-clubs-with-playful-tribe/,"Afterschool Clubs, Art, Craft & Making, Arts & Crafts Camps, Camps & Afterschool, Drawing & Illustration, Kids Art Club, Kids Craft Workshops, Mindfulness, Painting, Paper Crafts & Origami, Pottery & Ceramics, Printmaking, Sculpture",Meath,County Meath,Bettystown,Eastham Rd,A92 VR02,Ireland,53.7006314,-6.2550226,,contact.playfultribe@gmail.com,https://bookwhen.com/playfultribe,,https://www.instagram.com/playfultribe,,"Playful Tribe Afterschool Art Clubs Sessions are relaxed and process-led, with the focus on creativity, self-expression, and enjoying making art. We explore a range of materials including air-dry clay, watercolours, oil pastels, acrylics, drawing, and mixed media, while learning how to use professional tools and techniques. All materials are included . Mondays 4-5:30pm (Junior & Senior Infants) Tuesdays 4-5:30pm (1st Class - 6th Class) Classes are drop-off and take place in our home studio in Bettystown. They’re best suited for children who are comfortable participating independently without one-to-one support/SNA. Our art classes run on a continuous basis throughout the year, and you can join at any time once we have a vacancy in the class of your choice.",https://dostuff.ie/wp-content/uploads/2026/05/IMG_1458.jpeg,2026-05-16T14:56:24
7445,"Art classes for children in Wexford and Lucan, co.Dublin",https://dostuff.ie/providerpages/art-classes-for-children-in-wexford-and-lucan-co-dublin/,"Afterschool Clubs, Art Therapy, Art, Craft & Making, Kids Art Club, Kids Craft Workshops, Painting",Wexford,County Wexford,Wexford,"Clonard Community Centre, Clonard Rd",8GJCWH,Ireland,52.332483956579324,-6.478548645973206,0863090977,e.oleinik@gmail.com,,https://www.facebook.com/share/1CdZeumZdg/,https://www.instagram.com/elenapyramidart?igsh=b3puYmdoaDNwenlv,,"🎨✨ Let Your Child’s Creativity Shine! ✨🎨 Looking for a fun, inspiring activity for your child? Our art classes are the perfect place for young imaginations to grow! 🖌️ Explore painting, drawing, and creative crafts 🌈 Build confidence and self-expression 👩‍🎨 Small, friendly groups with personal guidance 🎉 Perfect for beginners and budding young artists alike Whether your child loves to doodle or dreams of becoming the next great artist, our classes are all about creativity, fun, and discovery. 📍 Limited spaces available – don’t miss out! 📩 Message now to book a spot or learn more Let’s create something amazing together! 🎨💫",https://dostuff.ie/wp-content/uploads/2026/04/1000045341.jpg,2026-04-16T11:08:30
6073,Art in Layers,https://dostuff.ie/providerpages/art-in-layers/,"Art, Craft & Making, Card Making, Printmaking",Dublin,County Dublin,Dublin,Camden Street Lower,,Ireland,53.3351402,-6.2652351,,,https://artinlayers.ie/,https://www.facebook.com/share/1DD9g6cBTq/,https://www.instagram.com/art.in.layers?igsh=MWR2OGw5YXgwN2ZmcQ==,,"Discover hands-on creativity at Art in Layers, a studio dedicated to layered and textured art. Enjoy unique workshops including Joomchi, Kinusaiga, printmaking with recycled milk cartons, botanical collage with pressed flowers, pop-up card making, and more.",https://dostuff.ie/wp-content/uploads/2026/02/20240907_182617.jpg,2026-02-06T15:13:58
7605,Art workshops & Tea,https://dostuff.ie/providerpages/art-workshops-and-tea/,"Adult Art, Craft and Making",Armagh,Armagh,Carnagh,50 Carrickaduff Road,BT60 3HZ,,54.18390056034637,-6.724224890854624,,info@trishredmondart.com,,https://www.facebook.com/share/18rwhPZj36/,https://www.instagram.com/trishredmondart,,"Relaxed art workshops for adults in Studio 50, based in Carnagh, Co.Armagh, BT60 3HZ. Enjoy 2 hours of calm and creativity with professional artist Trish Redmond.👩‍🎨 Classes are suitable for beginners, as Trish offers guidance throughout ensuring everyone goes home with a completed artwork. All materials are provided. Come alone or bring a friend and enjoy some time in a relaxed environment with like minded people. Tea, coffee and freshly baked treats served! ☕️🧁 Check Trish Redmonds social media for upcoming events! Studio 50 is also open for private art workshops. Contact Trish for more information.",https://dostuff.ie/wp-content/uploads/2026/04/1000077295.jpg,2026-05-04T15:25:46
7238,Arty Party Place,https://dostuff.ie/providerpages/arty-party-place-craft-workshop/,"Adult Learning, DIY, Life Skills, Art, Craft & Making, Arts & Crafts Camps, Candle Making, Card Making, Felt Making, Kids Art Club, Kids Craft Workshops, Knitting & Crochet, Pottery & Ceramics, Science & STEM Camps, Sewing & Dressmaking, Teen Camps, Transition Year, Upcycling",Laois,County Laois,Portlaoise,6 Hynd's Square,R32 Y002,Ireland,53.0341058,-7.3009751,085 1139695,info@artypartyplace.com,https://www.artypartyplace.com,https://www.facebook.com/artypartyplace,,,"We are a small craft workshop, birthday and pottery space located in the heart of Portlaoise at the rear of JBR Art Haus - the Midlands largest craft supply store. We offer a huge range of craft workshops throughout the year as well as afterschool craft club, kids craft camps, pottery events and a drop in pottery painting venue. We work with various community ventures and county councils to facilitate a large variety of pottery, craft, crochet and upcycling workshops across the Midlands. In store we host themed birthday events such as pottery, pop star, dinosaur, Harry Potter, decor letters, clay time insects, keyrings and bracelets, slime time, Minecraft or we can create an event to suit your needs. We also offer a mobile craft party service - we travel to your event with our craft packages. Our Adult Workshops include crochet, beginners sewing, upcycling, candle making, soap making, needle felting, floral wreaths, foraged balms and teas, pottery painting, pottery handbuilding, foiling, alcohol ink art and polymer clay jewellery.",https://dostuff.ie/wp-content/uploads/2026/04/Use-AI-Image-Apr-7-2026-14_23_51.png,2026-04-07T14:28:07
3183,Automatic Driving Lessons Cork City,https://dostuff.ie/providerpages/automatic-driving-lessons-cork-city/,"Adult Learning, DIY, Life Skills, Driving Lessons",Cork,Private Address,Private Address,Private Address,Private Address,Private Address,Private Address,Private Address,0861254724,paulohalloran100@gmail.com,https://drivinglessonscorkcity.ie,,,,"EDT Driving Lessons Paul O’Halloran RSA approved driving instructor operating in Cork City and suburbs Book with confidence 0861254724 Door to door services provided if required Pay As You Go, no upfront payment Now also accepting Revolut EDT book provided free of charge Visit drivinglessonscorkcity.ie for more information, videos and testimonials",https://dostuff.ie/wp-content/uploads/2025/09/77d3faa3-1688-4388-91f9-d239e4b9aff3-1.jpeg,2025-09-21T10:43:15
7875,BRICK LEGENDS LEGO CLUBS & EVENTS,https://dostuff.ie/providerpages/brick-legends-lego-clubs-events/,"Afterschool Clubs, Camps & Afterschool, Easter Camps, Halloween Camps, Montessori & Play‑Based Learning, Summer Camps","Antrim,Armagh,Carlow,Cavan,Clare,Cork,Derry,Donegal,Down,Dublin,Fermanagh,Galway,Kerry,Kildare,Kilkenny,Laois,Leitrim,Limerick,Longford,Louth,Mayo,Meath,Monaghan,Offaly,Roscommon,Sligo,Tipperary,Tyrone,Waterford,Westmeath,Wexford,Wicklow",,All Ireland,,P12 XP84,,51.90436491355358,-8.957801375516372,0876488071,stephen@bricklegends.ie,https://www.bricklegends.ie,https://www.facebook.com/bricklegendsireland,https://www.instagram.com/bricklegendsireland/,,"WELCOME TO Brick Legends Ireland Our kids LEGO® clubs are dedicated to fostering STEM based creativity, imagination, and a love for learning through the magical world of LEGO® bricks. At Brick Legends, we believe that playing with LEGO® is more than just a fun pastime; it's a powerful tool for education and STEM (Science, Technology, Engineering, and Mathematics) development. Through the joy of building and problem-solving, children engage in a hands-on learning experience that enhances their cognitive, social, and emotional skills.",https://dostuff.ie/wp-content/uploads/2026/05/circle.png,2026-05-11T09:13:50
8952,Babble & Bloom,https://dostuff.ie/providerpages/babble-bloom/,"Antenatal & Postnatal, Baby & Early Learning, Baby Sign Language, New Parent Workshops, Parent & Toddler Groups",Dublin,County Dublin,Malahide,"Malahide Castle, Malahide Demesne",,Ireland,53.4445767,-6.1655167,,Hello@babbleboxlearning.com,https://bookwhen.com/babblebox/e/ev-sfu2l-20260916100000,,https://www.instagram.com/babbleboxlearning,,"Parent and baby early communication courses Learn evidence-based strategies to support your baby's communication from the very beginning. Created and led by a registered Speech & Language Therapist. You’ll learn how to: Model baby signs Build connection and language through play Turn everyday moments into communication opportunities All through relaxed, play-based sessions. Suitable for babies and toddlers aged 6–14 months, Babble & Bloom offers a relaxed and supportive environment to connect with your baby, build confidence in supporting their development, and meet other parents at a similar stage. Join us for six weeks of play and practical learning that will help you nurture your baby’s communication skills in everyday moments. Please note: While Babble & Bloom is created and led by a Speech & Language Therapist, it is an educational class rather than a Speech & Language Therapy service. Participation does not constitute assessment or therapy, and the course is not a substitute for speech and language assessment or intervention where needed.",https://dostuff.ie/wp-content/uploads/2026/06/Babble-Bloom-Banner.png,2026-06-28T19:31:31
7878,Baby & Me Ballet Dublin,https://dostuff.ie/providerpages/baby-me-ballet-dublin/,Parent & Toddler Groups,Dublin,County Dublin,Swords,Swords,,Ireland,53.4557467,-6.219740600000001,+353838110214,hello.babyandmeballet@gmail.com,https://www.babyandmeballet.com,,https://www.instagram.com/babyandmeballetdublin/,,"For little ones aged 14M-30M, 2.5-3.5Y, and their grown-ups. Dance, Sing & Play Together. Gentle introduction to Ballet, through dancing, singing & playing.",https://dostuff.ie/wp-content/uploads/2026/05/Untitled-design-1.jpg,2026-05-11T10:33:00
9807,Baby Massage with Emma,https://dostuff.ie/providerpages/baby-massage-with-emma/,Baby Massage,"Dublin,Louth,Meath",Private Address,Private Address,Private Address,Private Address,Private Address,Private Address,Private Address,,babymassageemma@gmail.com,,,,,Hi! I’m Emma! I’m a registered nurse and midwife and recently certified with the IAIM in infant massage. I’m setting up Baby Massage classes in Co. Louth. 5 Classes per course €150 per course (most private health insurance companies offer some reimbursement) email for more info or to book - babymassageemma@gmail.com or Instagram - @babymassagewithemma,https://dostuff.ie/wp-content/uploads/2026/07/IMG_7153.png,2026-07-22T19:47:28
7890,Baby Massage with Laura – Navan & Surrounds,https://dostuff.ie/providerpages/baby-massage-with-laura-navan-surrounds/,Baby Massage,Meath,County Meath,Navan,Navan,,Ireland,53.653949875860675,-6.6965582977026905,,lauramcq.babymassage@gmail.com,,https://www.instagram.com/babymassagewithlaura,https://www.instagram.com/baby_massage_with_laura,,"Baby Massage Classes led by an experienced Paediatric/Neonatal Intensive Care Nurse (10+ years). Babies - birth to 12 months. All babies welcome, including babies with special needs/complex needs/any additional needs or life limiting conditions. Loads of room for any medical equipment eg suction machines/portable ventilators/feeding pumps etc. If your baby has a feeding tube, stoma bag, tracheostomy, CPAP/BiPap mask, Peg tube etc - massage can be adapted to suit your baby. I have so much experience looking after babies with any additional needs and will support you to make you feel comfortable. Classes are ran in Navan - Red River Yoga Studio (Wednesdays at 10am) and Wilkinstown Community Centre (Mondays at 10am). I also offer 1:1 classes if desired. Relaxed, baby-led classes. If you need to feed, change your baby, walk around or just cuddle your baby that is fine. All you need to bring is a small blanket for your baby. I provide yoga mats, cushions, oils etc.. Tea, coffee, sweet treats provided for the second part of the class where parents sit & chat & get to know eachother :) DM on Instagram @baby_massage_with_laura or Email: lauramcq.babymassage@gmail.com",https://dostuff.ie/wp-content/uploads/2026/05/IMG_3839.jpeg,2026-05-11T20:44:36
7416,Baby Sensory Dunboyne,https://dostuff.ie/providerpages/baby-sensory-dunboyne/,"Baby & Early Learning, New Parent Workshops, Sensory Classes, Tummy Time Classes",Meath,County Meath,Dunboyne,"St. Peter's GAA Dunboyne, Rooske Rd",A86 Y750,Ireland,53.41029983294892,-6.473115559588458,0851083592,meath@babysensory.ie,https://www.babysensory.ie/meath,https://www.facebook.com/babysensorymeath,https://www.instagram.com/babysensorymeath,,"Baby Sensory® classes are designed to support your baby’s development from birth to 13 months through gentle sensory activities, music, movement and play. Every activity is carefully designed using research into early childhood development, supporting your baby’s sensory, physical and cognitive growth in a natural, fun way. Each class is carefully structured for your baby’s stage, from tiny newborns to active explorers, all in a warm, welcoming environment. ⸻ Why parents love Baby Sensory: 💛 A special time to bond with your baby 💚 Supports early development and key milestones 💛 A friendly space to meet other local parents 💚 No pressure, just enjoy the moment together ⸻ What to expect: 💛 Sensory play (lights, textures, bubbles and more) 💚 Music and movement 💛 Varied, age-appropriate activities All designed to stimulate your baby’s senses while keeping things calm and enjoyable for you both.",https://dostuff.ie/wp-content/uploads/2026/04/IMG_0531.jpeg,2026-04-15T21:23:57
6203,Baby Sensory Kildare & Carlow,https://dostuff.ie/providerpages/baby-sensory-kildare-carlow-2/,Baby & Early Learning,"Carlow,Kildare",County Kildare,Newbridge,Keadeen Hotel,R21 NX58,Ireland,53.1624406,-6.8240632,0879182643,kildare@babysensory.ie,https://www.babysensory.ie/kildare/,https://www.facebook.com/babysensorykildare/,https://www.instagram.com/babysensorykildare/,,"Support your baby’s development with research-backed classes parents trust and babies love. Baby Sensory® classes provide ideas for creative play, massage, tummy time, movement, visual development, textures, scents and music in simple practical ways that can be easily repeated at home. We also use a combination of original and traditional songs and rhymes to develop early speech and language skills, and sensory signing activities to help you and your baby communicate from birth. Suitable from birth to 13 months.",https://dostuff.ie/wp-content/uploads/2026/02/489757245_1250627907070997_2674939916392306553_n.jpg,2026-02-14T11:56:02
6210,Baby Sensory Kildare & Carlow,https://dostuff.ie/providerpages/baby-sensory-kildare-carlow-3/,Baby & Early Learning,"Carlow,Kildare",County Kildare,Naas,"Studio 3 Yoga, Pilates & Holistic Centre, Unit 5A",R21 NX58,Ireland,53.2316878,-6.653085700000001,0879182643,kildare@babysensory.ie,https://www.babysensory.ie/kildare/,https://www.facebook.com/babysensorykildare/,https://www.instagram.com/babysensorykildare/,,"Support your baby’s development with research-backed classes parents trust and babies love. Baby Sensory® classes provide ideas for creative play, massage, tummy time, movement, visual development, textures, scents and music in simple practical ways that can be easily repeated at home. We also use a combination of original and traditional songs and rhymes to develop early speech and language skills, and sensory signing activities to help you and your baby communicate from birth. Suitable from birth to 13 months.",https://dostuff.ie/wp-content/uploads/2026/02/489757245_1250627907070997_2674939916392306553_n-2.jpg,2026-02-14T12:00:19
6200,Baby Sensory Kildare & Carlow,https://dostuff.ie/providerpages/baby-sensory-kildare-carlow/,"Baby & Early Learning, Sensory Classes","Carlow,Kildare",County Carlow,Carlow,"Seven Oaks Hotel and Leisure Club, Athy Rd",R93 V4K5,Ireland,52.8411361,-6.929079199999999,0879182643,kildare@babysensory.ie,https://www.babysensory.ie/kildare/%20,https://www.facebook.com/babysensorykildare/,https://www.instagram.com/babysensorykildare/,,"Support your baby’s development with research-backed classes parents trust and babies love. Baby Sensory® classes provide ideas for creative play, massage, tummy time, movement, visual development, textures, scents and music in simple practical ways that can be easily repeated at home. We also use a combination of original and traditional songs and rhymes to develop early speech and language skills, and sensory signing activities to help you and your baby communicate from birth. Suitable from birth to 13 months.",https://dostuff.ie/wp-content/uploads/2026/02/489757245_1250627907070997_2674939916392306553_n-1.jpg,2026-02-14T11:52:31
7406,Baby Sensory Navan,https://dostuff.ie/providerpages/baby-sensory-navan/,"Baby & Early Learning, New Parent Workshops, Sensory Classes, Tummy Time Classes",Meath,County Meath,Navan,"Claremont Stadium, Commons Rd",C15 TX9T,Ireland,53.641887634300645,-6.699810939659905,0851083592,meath@babysensory.ie,https://www.babysensory.ie/meath,https://www.facebook.com/babysensorymeath,https://www.instagram.com/babysensorymeath,,"Baby Sensory® classes are designed to support your baby’s development from birth to 13 months through gentle sensory activities, music, movement and play. Every activity is carefully designed using research into early childhood development, supporting your baby’s sensory, physical and cognitive growth in a natural, fun way. Each class is carefully structured for your baby’s stage, from tiny newborns to active explorers, all in a warm, welcoming environment. ⸻ Why parents love Baby Sensory: 💛 A special time to bond with your baby 💚 Supports early development and key milestones 💛 A friendly space to meet other local parents 💚 No pressure, just enjoy the moment together ⸻ What to expect: 💛 Sensory play (lights, textures, bubbles and more) 💚 Music and movement 💛 Varied, age-appropriate activities All designed to stimulate your baby’s senses while keeping things calm and enjoyable for you both.",https://dostuff.ie/wp-content/uploads/2026/04/77409993-dcd1-4a6a-b797-452016221f01.jpeg,2026-04-15T17:03:45
3051,Ballet Classes for Adults,https://dostuff.ie/providerpages/ballet-classes-for-adults/,"Adult Beginners, Art History & Culture, Ballet, Dance & Movement, Music, Drama & Performance",Cork,County Cork,Cork,John Redmond St,T23 Y584,Ireland,51.9025443,-8.4749791,0833716740,corkadultballet@gmail.com,https://linktr.ee/corkadultballet,,https://www.instagram.com/corkadultballet,,"Cork Adult Ballet offers ballet classes for adults of all experience levels. Experience the joy of classical ballet in a supportive and inclusive environment. Please find all information in this document . Tuesday evenings beginning September 9 at Dance Cork Firkin Crane 5:30 - 6:30 pm Beginner ballet 6:30 - 8:00 pm Open ballet 8 - 8:30 pm Pre-pointe/pointe class Sunday afternoons beginning August 31 at the ACA Performing Arts Academy 4 - 5:30 pm Open ballet 5:30 - 6 pm Pointe/pre-pointe Please get in touch to sign up. All classes operate on a drop-in/pay-as-you-go basis, but please get in touch to register at least one day in advance as class size is limited. I will respond to confirm your place. Email: corkadultballet@gmail.com Phone/WhatsApp: 0833716740 Instagram: @corkadultballet Further information",https://dostuff.ie/wp-content/uploads/2025/09/dostuff.ie-banner-1.png,2025-09-11T13:16:56
9968,Barleyhill Icelandics,https://dostuff.ie/providerpages/barleyhill-icelandics/,Horse Riding,Mayo,County Mayo,,Barleyhill,F12 DY92,Ireland,53.9189028,-9.0458783,0858354655,barleyhillstables@gmail.com,,,https://www.instagram.com/barleyhillicelandics?igsh=MTFpbnF4aWM1cmt2bg%3D%3D&utm_source=qr,,Come join us at Barleyhill Icelandics for an adventure you will never forget! Learn about the fantastic Icelandic horse with their special gaits!,https://dostuff.ie/wp-content/uploads/2026/07/1ce8703f-5715-4760-abb9-e46173b9fe26.jpeg,2026-07-29T21:56:51
7092,"Beekeeping, hen keeping, forest bathing",https://dostuff.ie/providerpages/beekeeping-hen-keeping-forest-bathing/,"Bee Keeping, Birdwatching, Gardening & Horticulture, Meditation, Nature & Outdoor Camps, Nature Walks & Biodiversity, Nature, Outdoors & Group Meet-Ups",Cork,County Cork,Whitegate,,,Ireland,51.8267841,-8.2321121,0872559698,katemarie@live.ie,https://beewildwithkate.com/,,https://www.instagram.com/beewild_with_kate/,,"BEEWILD FOR KIDS - beekeeping interactive session - equipment run thru - hivemind education - honey tastings - sowing seeds ( to take home) - meet the hens , pigs , calves , chicks 🐣 - bee spotting ☘️ follow the bees So much more ✨☀️🌱🚜 🍵 tea & organic treats included ⭐️⭐️⭐️ Beewild Combo - beekeeping setup - Equipment run thru - The hive as medicine - Matriarch - honey tastings - what trees to plant 🌳 - weeds as wonders 🌱 - bee spotting (what they’re working Day/month) - chicken setup - hatching & incubators - hygiene & health - benefits of roosters - meet the chicks! 🐣 - grow your own set up - weed suppression - natural fertiliser 🌊 - pest prevention - sowing seeds ( to take home) 🍵Tea & organic treats included ⭐️⭐️⭐️ FOREST Bathing☘️🌱 (forest is on site on the farm) - trees as medicine - plant ID walk - how to regulate your nervous system - benefits to your immune system - sensory exercises - breathing practices - guided visualisation - Tea circle in the woods 🍵🍵🍵",https://dostuff.ie/wp-content/uploads/2026/04/Minimal-Square-Photo-Collage-Photography-Instagram-Post.png,2026-04-03T19:10:52
8019,Bloom Baby Classes North East Ireland,https://dostuff.ie/providerpages/bloom-baby-classes-north-east-ireland/,"Baby & Early Learning, Sensory Classes, Tummy Time Classes",Cavan,County Cavan,Cavan,Pollamore Near,H12 P6E5,Ireland,53.9829581,-7.341142199999999,0857527315,carol@bloombabyclasses.com,https://www.bloombabyclasses.com/northeast-ireland,,https://www.instagram.com/bloombabyclassesneireland?igsh=MWh5dTM4Zml2YWtsNA==,,"We have two classes on offer. Caterpillar Club for babies aged 0-6 months and Busy Bees for babies aged 6-15 months. 🐛 Caterpillar Club (Birth - 6 Months) 🐛 A gentle and calming introduction to our musical sensory classes. These sessions are designed to support all areas of baby development, with a strong focus on parent and baby bonding. Our Caterpillar Club classes awaken baby’s early senses and provide stimulation in a fun yet soothing environment using music, sensory props, lights, and movement. We finish each class with our magical chill parachute and a short guided baby massage to encourage relaxation and hopefully a lovely long nap afterwards! 🐝 Busy Bees (6-15 Months) 🐝 A fun, lively musical development class designed to help babies grow in confidence as they explore the world around them. Activities encourage fine and gross motor skills, body awareness, early language development, rhythm, and social interaction. Building on the gentle foundations of Caterpillar Club, Busy Bees introduces instruments, movement, and our amazing branded props to support development in all areas through play and music. ✨ Different Theme Every Week! ✨ Our classes feature a brand new theme every week for a whole year! During theme time, babies can enjoy themed music, dress-up, sensory lights, fun props, and heuristic treasure baskets. Busy Bees love interacting with each other while exploring the themed activities, while our Caterpillar babies can enjoy tummy time alongside sensory lights and themed props. Theme time is also a lovely opportunity for parents to relax, chat, and build friendships within our Bloom community.",https://dostuff.ie/wp-content/uploads/2026/05/1000063621.png,2026-05-18T18:17:56
7275,Bloom Baby Classes Wicklow and South Dublin,https://dostuff.ie/providerpages/bloom-baby-classes-wicklow-and-south-dublin/,"Baby & Early Learning, Sensory Classes","Dublin,Wicklow",County Wicklow,,,,,52.97959590500769,-6.0451106036986335,089 201 6519,clare@bloombabyclasses.com,https://www.bloombabyclasses.com/wicklow-and-south-dublin/,https://www.facebook.com/bloombabywicklowandsouthdublin,https://www.instagram.com/bloombabywicklowandsouthdublin/,,"South Dublin locations: Sandyford & Dun Laoghaire. Wicklow locations: Bray, Greystones, Wicklow Town & Arklow. Classes suitable from 6 weeks up until when your little one begins to confidently walk! 🐛 Caterpillar Club . (6 weeks - 6 months) 🐛 A gentle and calm introduction to our musical sensory classes. Activities designed to aid all areas of baby development, with a strong focus on parent and baby bonding. Our Caterpillar club class awakens baby's first senses and stimulates in a fun, yet soothing way, using music, sensory props and lights. We end the class with our amazing chill parachute and a short guided baby massage to encourage a lovely long nap! 🐝 Busy Bees (6 months to 15 months/or when baby is confidently walking) A fun, lively musical baby development class that focuses on growing baby's confidence for the big world around them. Encouraging fine and gross motor skills, body awareness, early language skills & rhythm. Building on the gentle activities of Caterpillar Club, this session uses instruments and our amazing branded props to bring on their development in all areas. We have a new theme to explore each week with super cute dress up, props and themed music. During our theme time our caterpillar club babies can work on their tummy time & Busy Bees will get busy practicing social skills with their new Bloom pals, whilst exploring a variety of exploratory play and sensory heuristic treasure baskets. This is the perfect time for Mummies or Daddies to catch up and get to know one another.",https://dostuff.ie/wp-content/uploads/2026/04/FB-Banner_WicklowSouthDublin.png,2026-04-08T10:45:34
7945,Boyne Babies Sensory Classes,https://dostuff.ie/providerpages/boyne-babies-sensory-classes/,"Baby & Early Learning, Sensory Classes",Meath,County Meath,J,"Julianstown Community Centre, Dimanistown West",A92 D250,Ireland,53.6697087,-6.2914502,,boynebabies@gmail.com,https://www.boynebabies.ie,https://www.facebook.com/people/Boyne-Babies/61581447088095/,https://www.instagram.com/boynebabies/,,"Welcome to Boyne Babies — sensory-rich baby and toddler classes designed to support early development, exploration, and parent–child bonding in a fun and nurturing environment. Our weekly themed sessions include music, movement, lights, textures, messy play, soft play, and interactive sensory activities tailored to different stages, from non-walkers to toddlers aged 2 years. Boyne Babies is also a welcoming space for parents to connect, meet other local families, and enjoy quality time with their little ones in a relaxed and supportive setting. Classes take place weekly at Julianstown Community Centre, offering a calm, engaging, and development-focused experience for both children and parents.",https://dostuff.ie/wp-content/uploads/2026/05/IMG_3390.jpg,2026-05-14T12:32:19
6973,CHILDRENS ART CLASS SATURDAY,https://dostuff.ie/providerpages/childrens-art-class-saturday/,"Art History & Culture, Art, Craft & Making, Kids Art Club",Dublin,County Dublin,Dublin 24,"Partas, Brookfield Enterprise Centre, Rossfield Ave",D24DK8W,Ireland,53.28770290000001,-6.4040523,0870004398,dpouch@gmail.com,,,https://instagram.com/@alchemyartstudio7,,"CHILDRENS ART CLASSES IN MY STUDIO TALLAGHT, DUBLIN 24 4 WEEKS ART CLASSES FOR CHILDREN AGED 5-11 12PM -1.30PM €60, ALL MATERIALS PROVIDED. A FUN, FREE FLOW ART AND CRAFT ENVIRONMENT",https://dostuff.ie/wp-content/uploads/2026/03/KIDS-SATURDAY.png,2026-03-24T15:31:31
9814,Clontarf Children’s Choir / Pre Instrumental Music,https://dostuff.ie/providerpages/clontarf-childrens-choir-pre-instrumental-music/,"Choirs & Ensembles, Music Lessons (Online), Music School, Music, Drama & Performance, Singing & Vocal Coaching",Dublin,County Dublin,clontarf,Clontarf,D03 Y6V3,Ireland,53.36689459999999,-6.204143999999999,0862654928,mcdermottmusic22@gmail.com,https://mcdermottmusic.ie/,https://www.facebook.com/share/p/DVRp5f6YoHzTduS3/?,https://www.instagram.com/mcdermott_music?igsh=dmNjOHFvMXdoZDdo&utm_source=qr,https://linktr.ee/mcdermottmusic.ie?fbclid=IwdGRjcATOFKlwZG9mAWZkaWQWULCIYupfjhl1r8wJeyZxMI667o6-BWV4dG4DYWVtAjExAHNydGMGYXBwX2lkCjY2Mjg1NjgzNzkAAR6yYw4AYeyJf6AwJ3jPfb08JkWaPDb_h6looxWeytAUFR0sSCJpDVDlcthRkg_aem_pziHS6RU7LRbdDlI6mwekQ,"McDermott Music is a vibrant music education programme based in Clontarf, Dublin, offering engaging, high-quality classes for children of all ages. Founded by qualified primary teacher and music educator Lauraine McDermott , McDermott Music provides Kodály-inspired early years music classes, the Clontarf Children’s Choir (ages 7–12) and the Clontarf Youth Choir (ages 12–18). At the heart of McDermott Music is the belief that every child deserves the opportunity to experience the joy of music in a welcoming, supportive environment. There are no auditions- just a focus on building confidence, developing musicianship, creating lasting friendships and fostering a lifelong love of music. Through inspiring performances, exciting collaborations and a strong sense of community, children grow not only as musicians but as confident, creative young people. Sing. Learn. Belong.",https://dostuff.ie/wp-content/uploads/2026/07/IMG_8251.png,2026-07-22T22:25:51
6476,"Coaching, Reiki, Seichem, Sound Healing & Wellness Workshops",https://dostuff.ie/providerpages/coaching-reiki-seichem-sound-healing-wellness-workshops/,Wellbeing,Dublin,County Dublin,Dublin 18,5 The Leys,D18HEN3,Ireland,53.2482871,-6.1829809,0876554832,aoife@empowerwellnesscoaching.ie,https://www.empowerwellnesscoaching.ie/,,https://www.instagram.com/empoweredbyaoife,https://www.linkedin.com/in/aoifemmurphy/,"I empower people to gain clarity and create lasting change through coaching and calming energy healing therapies. Dealing with stress, major life changes, uncertainty, or disconnection My passion is guiding people back to the clarity and power within so that they can live a more content and connected life. The right approach looks different for everyone. I use a range of healing modalities and techniques to meet people where they are, choosing what best supports their individual needs. All sessions are personalised and offered both online and in my peaceful home studio in Dublin 18, just minutes from Luas. Whether you’re seeking Coaching, Reiki healing, or Sound Healing therapy, I’m here to support you on your journey towards clarity, calm and growth. I also host regular wellness workshops and sound baths. When you're ready to take the next step, I’m here to empower you.",https://dostuff.ie/wp-content/uploads/2026/02/WhatsApp-Image-2025-11-19-at-11.06.14.jpeg,2026-02-25T19:55:21
3079,Conscious Crafting,https://dostuff.ie/providerpages/conscious-crafting/,"Art, Craft & Making, Mindfulness",Waterford,waterford,,"Blue door, River Cottage, Wells lane, Gyles Quay, Ferrybank",X91H6D9,,52.25870042831602,-7.07063109215333,0833260767,info@conscious-crafting.com,https://conscious-crafting.com,https://facebook.com/consciouscrafting,https://instagram.com/consciouscraftingconnect,,"Conscious Crafting provides innovative and inclusive crafting & visual arts workshops that promote mindfulness and creativity for people of age 9 & up and all backgrounds. We strive to create a supportive and collaborative environment inspired principles of art therapy that fosters self-reflection, emotional expression and connections. We believe that by introducing simple art and craft techniques around conscious themes, we can inspire positive change and contribute to happier, more aware and connected communities.",https://dostuff.ie/wp-content/uploads/2026/07/DB69C8BA-5717-46DE-8125-39F0D9C60C65.png,2025-09-12T08:59:46
9547,Couples Build Evening,https://dostuff.ie/providerpages/couples-build-evining/,"Clubs, Hobbies & Food, Science & STEM Camps, Social & Meetup Groups",Wicklow,County Wicklow,Greystones,Creowen,A63 D276,Ireland,53.0995278,-6.069963700000001,0870512626,info.wicklow@youngengineers.ie,https://wicklowcounty.youngengineers.ie/ye_product/thursday-parent-and-child-build-5pm-to-7pm-9th-july-2026/,,https://www.instagram.com/youngengineerswicklowcounty/,,"❤️ Date Night with a Twist! 🧱 Looking for something different to do together? Join our Couples Build Evening and enjoy 90 minutes of creativity, teamwork, laughter, and hands-on building challenges. 📅 Every Thursday (starting 23rd July) 🕔 5:00 PM – 6:30 PM 💶 €30 per couple Disconnect from your phones, reconnect with each other, and build something amazing together. 💌 Message us to reserve your spot – spaces are limited!",https://dostuff.ie/wp-content/uploads/2026/07/ChatGPT-Image-Jul-13-2026-at-05_26_24-PM.png,2026-07-13T17:34:15
8039,Creart Art sessions for children and adults,https://dostuff.ie/providerpages/creart-art-sessions-for-children-and-adults/,"Adult Art, Craft and Making, Art, Craft & Making, Arts & Crafts Camps, Easter Camps, Kids Art Club, Mindfulness, Summer Camps, Teen Camps",Dublin,Private Address,Private Address,Private Address,Private Address,Private Address,Private Address,Private Address,,Info@creart.ie,https://www.creart.ie/,https://www.facebook.com/creart.dublin,https://www.instagram.com/creart.dublin?igsh=MWJraG5rOWJucnQ3YQ%3D%3D&utm_source=qr,,"Art for all ages - Afterschool art and camps, parent and child sessions, arty birthday parties, Sip and paint, Team building, sister sheds, Abstract art, paint pour and mixed media sessions. Additional learning needs can be organised.",https://dostuff.ie/wp-content/uploads/2026/05/46645FCF-D7F1-43C2-AE47-7A3FAEC77AF7.png,2026-05-20T07:21:18
3093,Crestfield Driving School,https://dostuff.ie/providerpages/crestfield-driving-school/,"Adult Learning, DIY, Life Skills, Driving Lessons",Cork,County Cork,Cork,Cork,T45FE80,Ireland,51.9352609,-8.3944536,0830873063,Crestfielddrivingschool@gmail.com,,,https://instagram.com/crestfielddriving,,"-Automatic Driving Lessons. - Crestfield Driving School. Become a Safe, Confident driver and pass your driving test. John Kelleher is a Road Safety Authority (RSA) approved Driving Instructor operating in Cork City and Suburbs. - EDT , Essential Driver Training. - Pretest Lessons. - Refresher Lessons. - I can meet you anywhere around Cork City or Suburbs. We can meet at your School/Place of work and finish the lesson at your house if that's convenient. - Tailored Instruction, each lesson is planned to meet the students needs.",https://dostuff.ie/wp-content/uploads/2025/09/IMG_1595.jpeg,2025-09-16T10:26:01
5674,Crochet Club 9-13 year olds,https://dostuff.ie/providerpages/crochet-club-9-13-year-olds/,"Art, Craft & Making, Kids Craft Workshops, Knitting & Crochet",Cork,County Cork,Cork,Douglas,,Ireland,51.8711662,-8.4242008,,rubyandriver123@gmail.com,https://rubyandriver.sumupstore.com/,https://www.facebook.com/share/1ABLvtABBV/?mibextid=wwXIfr,https://www.instagram.com/ruby_and_river_?igsh=eGYzNmVmb2szcTk4&utm_source=qr,,"Relax, Create, Connect Learn crochet with like minded creatives in a supportive and encouraging environment in the heart of Douglas.",https://dostuff.ie/wp-content/uploads/2026/02/IMG_3442.jpeg,2026-01-25T21:56:38
7568,Cuidiú Cork,https://dostuff.ie/providerpages/cuidiu-cork/,Baby & Early Learning,Cork,Cork,,,,,51.898002254558556,-8.475523658224768,,cork@cuidiu.ie,https://www.cuidiucork.ie/,https://www.facebook.com/cuidiucorkpage,https://www.instagram.com/cuidiucork/,,"Our events have become famous for helping parents find the tribe that will offer them support and encouragement along their parenting journey. Whether you are breastfeeding, bottle-feeding, staying at home or working outside of the house, you’re in the right place. From coffee mornings to playgroups, cafe meet ups to breastfeeding support, our events are an enjoyable way to socialise with other parents. We have regular parent, toddler, baby, breastfeeding info, and social meet ups throughout Cork. Whether you are a mum, dad, grandparent, or carer, you are very welcome to our events. Join us at one of our meet ups and enjoy making friends and connections with local mums and dads while letting the smallies make new pals. For up to date information on our events check out our website: https://www.cuidiucork.ie/cuidiú-cork-events",https://dostuff.ie/wp-content/uploads/2026/04/WhatsApp-Image-2026-04-23-at-09.24.23.jpeg,2026-04-23T09:27:01
8255,DOSARTIST – OIL PAINTING CLASSES & WORKSHOPS,https://dostuff.ie/providerpages/diarmaid-o-sollivan-artist-oil-painting-classes-workshops/,"Adult Art, Craft and Making, Adult Learning, DIY, Life Skills, Art History & Culture, Art, Craft & Making, Older Adults, Painting",Cork,County Cork,Cork,61 Roche's Buildings,T23 HK46,Ireland,51.9068392,-8.4698386,0879580185,Iamdosartist@gmail.com,https://www.dosartist.com,,https://www.instagram.com/dosartist%20,,"Diarmaid’s classes and workshops are the perfect way to get introduced to oil painting. Learn about the essential materials needed to get started, their uses and how to save money in the process. They include lots of tips, skills and techniques such as basic colour theory, colour mixing using a limited palette, constructing a successful composition, underpainting and lots more. His easygoing step by step approach makes creating a beautiful and successful oil painting a very reachable goal. Diarmaid’s own realist painting style informs his classes and gives his students essential knowledge of how to accomplish paintings full of light, contrast and depth while also encouraging each student to explore their own preferred style. His teaching method is fun, welcoming, encouraging, informative and technical. Each of his students have the benefit of technical demonstrations and one to one advice throughout the classes and workshops. Diarmaid’s classes and workshops are the perfect way to get introduced to oil painting. Learn about the essential materials needed to get started, their uses and how to save money in the process. They include lots of tips, skills and techniques such as basic colour theory, colour mixing using a limited palette, constructing a successful composition, underpainting and lots more. His easygoing step by step approach makes creating a beautiful and successful oil painting a very reachable goal. Diarmaid’s own realist painting style informs his classes and gives his students essential knowledge of how to accomplish paintings full of light, contrast and depth while also encouraging each student to explore their own preferred style. His teaching method is fun, welcoming, encouraging, informative and technical. Each of his students have the benefit of technical demonstrations and one to one advice throughout the classes and workshops.",https://dostuff.ie/wp-content/uploads/2026/06/logo.png,2026-06-07T09:03:33
7820,Dance Class,https://dostuff.ie/providerpages/dance-class/,"Adult Beginners, Ballet, Choreography, Commercial Dance, Contemporary & Modern, Dance & Movement, Jazz, Kids Dance",Cork,County Cork,Cork,"Highfield Rugby Club, Woodleigh Park",T12 T027,Ireland,51.8855432,-8.5168862,0894297148,jessdanceandacro@gmail.com,https://sunflowerstepsdance.my.canva.site/sunflower-steps-dance/page-5,,https://www.instagram.com/sunflower_steps_dance?igsh=MXJxb29vY2ltMWlrMw==,,Classes for Kids and Adults,https://dostuff.ie/wp-content/uploads/2026/05/1000030540-1.png,2026-05-07T17:50:38
7361,Driving Lessons in Wicklow,https://dostuff.ie/providerpages/driving-lessons-in-wicklow/,"Adult Learning, DIY, Life Skills, Driving Lessons",Wicklow,Private Address,Private Address,Private Address,Private Address,Private Address,Private Address,Private Address,0976701772,davidcope75@gmail.com,https://www.davecopedrivingschool.com,,https://instagram.com/davecopedrivingschool,,Manual Driving lessons provided by qualified and capable instructors.,https://dostuff.ie/wp-content/uploads/2026/04/94a5b1c3-07d4-4c87-bf60-0e82f03f3573-1_all_857.jpg,2026-04-12T19:52:21
9482,Embodied Yoga & Meditation (Wexford),https://dostuff.ie/providerpages/embodied-yoga-meditation-wexford/,"Yoga, Pilates & Wellbeing",Wexford,County Wexford,Gorey,Gorey corporation lands,,Ireland,52.675307,-6.295941,+353 85 202 9859,hello@lostandfoundwellness.com,https://www.lostandfoundwellness.com,https://www.facebook.com/lostfoundwellness,https://www.instagram.com/lostandfoundwellness,,"Yoga, meditation and integrative wellbeing coaching in Gorey, Co. Wexford. Laura Molson of Lost&Found Wellness offers welcoming, inclusive practices that support everyday life. Movement, meditation and guided reflection are explored side-by-side, helping you steady your nervous system, listen inward and navigate life with greater clarity. Begin exactly as you are today. Find your way.",https://dostuff.ie/wp-content/uploads/2026/07/1000065076.png,2026-07-12T00:29:03
6695,"Energy Workshop – Dowsing, Chakra Clearing, LeyLine",https://dostuff.ie/providerpages/energy-workshop-dowsing-chakra-clearing-leyline/,"Yoga, Pilates & Wellbeing",Meath,County Meath,,Fourknocks,K45 V029,Ireland,53.600405053731144,-6.350434179090094,0830142394,sacredplaceadventures@gmail.com,,https://www.facebook.com/sacredplaceadventures,https://www.instagram.com/sacredplaceadventures,,"Join me for an Energy Workshop at the Spring Equinox event at the Fourknocks passage tomb in Co. Meath. Where we will: experience the beautiful Rock Art, over 5,000 years old & learn a little about the sacred site Dowse for Energy Lines outside & inside using Dowsing Rods Assess & Balance our chakras using pendulums Meditation to tune into & cleanse ourselves & the sacred land surrounding us & relax in a SoundBath to ground ourselves This event is fully guided, No experience is required March 21st Saturday 10.15am - 12noon €40 Limited Numbers due to space & also this is a public space and may have others in it while we are there. Dowsing Rods & Pendulums are supplied for the event duration, with an option to purchase at the event. What to Bring: Fold-up Chair or Yoga Mat Suitable Footwear, Wrap Warm Although we will be within the chamber for a lot of the event duration, it can be cold. There are loose gravel stones on the chamber floor surface, so a Fold-up chair may be more comfortable rather than lying on a yoga mat. Booking Link https://calendly.com/reflexologyr.../fourknocksspringequinox",https://dostuff.ie/wp-content/uploads/2026/03/Energy-Workshop.jpg,2026-03-02T22:39:08
7730,Eoin’s Guitar Lessons,https://dostuff.ie/providerpages/eoins-guitar-lessons/,"Music Composition, Music School, Music Theory",Tipperary,County Tipperary,Borrisokane,7 Ardán,E45 C634,Ireland,52.9911879,-8.132229,0830078097,eoin5150@gmail.com,,https://www.facebook.com/eoinsguitarlessons,https://www.instagram.com/eoins_guitar_lessons,,"Guitar and Ukulele lessons based in Borrisokane. Also serving Nenagh, Cloughjordan and Portumna and their surrounds. Online lessons available to anyone anywhere!",https://dostuff.ie/wp-content/uploads/2026/05/1000000022.jpg,2026-05-05T08:19:51
8371,Expressive Art Group for Kids,https://dostuff.ie/providerpages/expressive-art-group-for-kids/,"Art, Craft & Making",Tipperary,County Tipperary,New Birmingham,Glengoole,,Ireland,52.6160322,-7.6396517,0861216343,chloesplaytherapy@gmail.com,,,https://www.instagram.com/expressiveartwithchloe?utm_source=qr,,"Join us each Thursday 5pm- 6pm In Glengoole Community Hall for a creative and engaging Expressive Arts Group where children can explore, imagine, and express themselves in a relaxed and supportive environment. Through a variety of art, craft, sensory, movement, and creative activities, children are encouraged to follow their interests, make their own choices, and develop confidence in their ideas and abilities.",https://dostuff.ie/wp-content/uploads/2026/06/IMG_0148.jpeg,2026-06-14T10:55:49
8064,Expressive Art Group for Kids in Glengoole,https://dostuff.ie/providerpages/expressive-art-group-for-kids-in-glengoole/,"Art, Craft & Making",Tipperary,County Tipperary,New Birmingham,Glengoole,,Ireland,52.6160322,-7.6396517,,chloesplaytherapy@gmail.com,,,https://www.instagram.com/expressiveartwithchloe?igsh=eWZwbzVjdWE3YThl&utm_source=qr,,EXPRESSIVE ARTS GROUP FOR KIDS 💫Thursdays in Glengoole A fun and creative expressive arts group for children from preschool age up to 10 years 🎨✨ Our sessions include:🌈 Messy & process art🕺 Movement breaks💛 Creative expression & emotional processing🤝 Friendship building🎉 One hour drop & collect,https://dostuff.ie/wp-content/uploads/2026/05/000B693C-1EE4-430C-BFDD-FDDCD3D4F776.png,2026-05-22T09:00:44
6860,Felted Handbag Workshop,https://dostuff.ie/providerpages/felted-handbag-workshop/,"Art, Craft & Making, Felt Making",Galway,Private Address,Private Address,Private Address,Private Address,Private Address,Private Address,Private Address,,karen@fabulousfibres.com,https://www.fabulousfibres.com,https://www.facebook.com/profile.php?id=100064110851464,https://www.instagram.com/fabulous_fibres/,,"Discover the art of wet felting and create your own unique handbag in this hands-on one day workshop. Designed for both beginners and those with experience in felting, this course will guide you through the entire process of designing and making a stylish felted handbag from start to finish. By the end of this course, you will have created a personalised, handmade felted handbag that reflects your style and creativity. You will also gain the skills and confidence to continue to explore the art of felting on your own Time: 10am to 4pm Venue: Heritage Centre, Creggs, F42 X674 Included: All materials to create your handbag plus tea, coffee and cake",https://dostuff.ie/wp-content/uploads/2026/03/Copy-of-Felted-Handbag-Workshop-180426.jpeg,2026-03-13T09:09:02
7577,Fitness & Music Membership (Online) – for People with Disabilities,https://dostuff.ie/providerpages/fitness-music-membership-online-for-people-with-disabilities/,"Fitness & Sports, Intellectual Disability Inclusion with Supports, Intellectual Disability Supported Inclusion, Music, ONLINE Activities, Physical Disability Inclusion with Supports",Dublin,Private Address,Private Address,Private Address,Private Address,Private Address,Private Address,Private Address,0861086329,contact@allwaysableltd.com,https://www.allwaysableltd.com/,,https://www.instagram.com/allwaysableltd/,,"🎥 2 on-demand fitness sessions each month, designed for all abilities - train anytime, at your own pace. 🎶 Weekly live music-based movement class every Thursday, 5:30–6:15 PM. Valid until canceled 7 day free trial",https://dostuff.ie/wp-content/uploads/2026/04/Screenshot_20260401_151409_Instagram.jpg,2026-04-24T11:54:42
7735,Fitness Classes in Co Tipperary – Zumba and more!,https://dostuff.ie/providerpages/fitness-classes-in-co-tipperary-zumba-and-more/,"CrossFit & Functional Fitness, Dance & Movement, Dance Fitness, Fitness & Sports, Gym & Strength Training, Mobility & Stretching, Personal Training, Zumba",Tipperary,Private Address,Private Address,Private Address,Private Address,Private Address,Private Address,Private Address,0863965537,everybodymovement1@gmail.com,https://everybodymovement.ie/,https://www.facebook.com/profile.php?id=61568556993470,https://www.instagram.com/everybodymovement_ebm/?hl=en,,"Classes in various locations around Co Tipperary. Zumba dance fitness Strong Nation (HIIT) Circuit Training/Functional Fitness Seated Classes - Suitable for those with additional learning needs, or limited mobility. Boxing Fit Pump It Up and more! These classes are for EVERY BODY - whether you're new to exercise or not! Run by a qualified fitness instructor and personal trainer. Classes are kept small and fun!",https://dostuff.ie/wp-content/uploads/2026/05/Fitness-flyer-photo.jpeg,2026-05-05T11:55:20
4139,Flow To Restore Class,https://dostuff.ie/providerpages/flow-to-restore-class/,"Breathwork & Pranayama, Meditation, Yin/Restorative Yoga, Yoga, Pilates & Wellbeing",Cork,County Cork,Cork,11 Academy St,T12KHW6,Ireland,51.898735051660545,-8.473109711775358,0851333954,nicolaosullivan93@hotmail.com,https://www.tribeflowstudio.com/teachers,,https://www.instagram.com/gra_healing_with_nicola?igsh=MWZpd2JueDJvcGRnbw==,,"Yoga Class Move, breathe, and come home to yourself. Monday evenings in person 7.30pm-8.45pm Tribe Flow Studio, Cork city Flow to Restore is an all-levels class that begins with a gentle flow to build warmth, presence, and connection to the breath. Moving mindfully, we explore simple, fluid sequences that open the body and settle the mind. As the pace slows, we shift into stillness- resting into yin inspired poses held for longer, offering space for deep release and nervous system regulation. This practice invites you to soften, unwind, and land fully in your body. The perfect practice to support you during the change of season. Whether you’re seeking mindful movement, soothing stillness, or a bit of both, this practice meets you right where you are. Expect to leave feeling grounded, clear, and gently restored. 🌙 All are welcome. Come with an open heart, move with awareness, and rest with intention.",https://dostuff.ie/wp-content/uploads/2026/02/Nicola-OSullivan-Yoga-Classes-1.jpg,2025-11-08T11:43:55
3044,Fun Fitness Classes,https://dostuff.ie/providerpages/fun-fitness-classes/,"Gym & Strength Training, Live Online Classes, Mobility & Stretching, Personal Training, Wellbeing",Dublin,County Dublin,Saggart,"Saggart Schoolhouse Community Centre, School Rd",D24 V04D,Ireland,53.27866789999999,-6.4443264,0852813593,teamcffitness@gmail.com,,,https://www.instagram.com/carlosfabianfit,,"New To Fitness Or Intermediate? Why Not Try This 6 Week Fun Fitness Class To Get In Shape. Every Thursday from 7pm-7:45pm Saggart Schoolhouse Community Centre, Saggart, Co Dublin Starting 18th September 2025 €10 Pay As You Go or €55 For 6 Weeks - Start any time! Booking Is Essential - Suitable For Men & Women Of All Ages! Online Option Also Available",https://dostuff.ie/wp-content/uploads/2025/09/IMG_0577.png,2025-09-11T11:22:00
7517,Fun Kids Yoga & Mindfulness Classes,https://dostuff.ie/providerpages/fun-kids-yoga-mindfulness-classes/,"Kids & Family Yoga, Yoga, Pilates & Wellbeing",Cork,County Cork,Mallow,"Southside Community Centre, Bellevue",,Ireland,52.1302838,-8.6469873,0858298833,,,,https://www.instagram.com/breatheandbloomkidsyoga?igsh=MWY0bDhwYmo4Z3gx&utm_source=qr,,NEW Kids Yoga Classes 🧘‍♂️🌿 Mallow & Kanturk Delighted to be starting kids yoga & mindfulness classes in North Cork - Mallow & Kanturk 😊 These classes are designed to help children: ✨ Build confidence ✨ Improve focus ✨ Learn to relax and unwind Ages 4–12 | 4-week block | Limited spaces Send me a message if you’d like to book a spot or more information 💛 https://www.instagram.com/breatheandbloomkidsyoga?igsh=MWY0bDhwYmo4Z3gx&utm_source=qr,https://dostuff.ie/wp-content/uploads/2026/04/IMG_0273.png,2026-04-18T11:37:03
8204,GCakes – Cake Decorating Workshops,https://dostuff.ie/providerpages/gcakes-cake-decorating-workshops/,"Adult Art, Craft and Making, Art, Craft & Making, Cake Decoration, Clubs, Hobbies & Food, Cooking & Baking, Kids Craft Workshops, Making & DIY",Dublin,County Dublin,Dublin,,,,53.448510324568375,-6.145596085945872,,gcakescakedecoratingworkshops@gmail.com,https://www.gcakes.ie,,https://www.instagram.com/gcakes_,,"Decorating Workshops From cupcakes, cookies, and cakes our workshops are designed around age your event/birthday or other. Each of my workshops are very hands - on and every guest will go away with a new found knowledge of cake decorating using very techniques & skulls. Who will they cater for? In our children's workshops they will be tailored to children's needs & skill set. I'll be there to talk & teach them through each process. In turn they how so much fun using their creative minds, learn a new skill & have fun! For Events/Corporate/VIP/Launches: I will setup workshop for you in your chosen location. Each workshop can be tailored to your clients needs. If you wish for me to host a private event in Dublin whether its for a social event, corporate or other please tap 'Enquire' tab. Please note these are not baking classes. I will supply freshly baked items that they get to bring home. We do not cater for allergens. All items are baked in stored were nuts are stored. Workshops In all my workshops guests will get to take home their very own sweet creations and bring home a sweet box of handmade delicious treats decorated with their own hands. We will supply all the necessary utensils, tools to decorate in a theme suited to their wishes & age group! Our Tween & Teen Workshops 12+ years are slightly more advanced they will learn a range of decorating skills, from piping to using sugar paste, 3D Models & more!",https://dostuff.ie/wp-content/uploads/2026/06/SON_5464.jpeg,2026-06-02T16:06:38
6171,Galentines Yoga & Brunch Waterford,https://dostuff.ie/providerpages/galentines-yoga-brunch-waterford/,"Yoga, Pilates & Wellbeing",Waterford,County Waterford,Dunhill,Moon & Lotus Studio by Yoga With Ginni,X91 P8X2,Ireland,52.177101,-7.2510578,0833717354,yogawithginni@gmail.com,http://www.yogawithginni.com,,https://www.instagram.com/yoga.with.ginni,,"Galentine’s Flow & Brunch 💖 Grab your gals (or come solo 💕) and join us for a joyful morning of movement, laughter & sweet indulgence. ✨ What’s included: 🧘‍♀️ Fun, feel-good all-levels yoga 🥐 Pastries & chocolate treats 🥂 Prosecco + non-alcoholic options 💬 Time to relax, connect & chat 📅 Saturday 15th February ⏰ 11am – 1pm 📍 Moon & Lotus Studio, Dunhill (X91 FV9) 🧘‍♀️ With Yoga With Ginni 💗 €35 per person 💌 Limited spaces – booking essential https://yogawithginni.com/services/upcoming/",https://dostuff.ie/wp-content/uploads/2026/02/1000128166.png,2026-02-11T15:56:50
6865,Galway Cookery Classes,https://dostuff.ie/providerpages/galway-cookery-classes/,Cooking & Nutrition,Galway,County Galway,Kilcolgan,Roevehagh,H91RHH9,Ireland,53.215517,-8.8360313,0866066494,galwaycookeryclasses@gmail.com,https://galwaycookeryclasses.com/,https://www.facebook.com/galwaycookeryclasses,https://www.instagram.com/galwaycookeryclasses/,,"We offer traditional Irish baking and cooking classes in my country home in Kilcolgan, on the West Coast of Ireland. Try your hand at scone and bread making or learn how to cook a delicious Irish stew, apple pie, Irish coffee and so much more. If you would like to cook something specific, or you have dietary requirements, feel free to send me an email and we will create a personalised menu of dishes to fit your taste. Class times can be organised to suit you, they last about 2 hours, and most include a maximum of six people. After all your hard work in the kitchen you will settle down with a hot cup of tea or coffee to enjoy the fruit of your labour. Please contact us at galwaycookeryclasses@gmail.com to book your class! We hope to see you soon :)",https://dostuff.ie/wp-content/uploads/2026/03/unnamed-1.jpg,2026-03-13T10:51:09
6029,Gentle vinyasa yoga,https://dostuff.ie/providerpages/gentle-vinyasa-yoga/,"Yoga, Pilates & Wellbeing",Kerry,County Kerry,Killarney,Killarney,,Ireland,52.0599609,-9.504537000000001,0873327149,febes23@gmail.com,,,https://www.instagram.com/soma_yoga_flow,,Gentle vinyasa yoga with restorative flow,https://dostuff.ie/wp-content/uploads/2026/02/0C7D3E12-DBC7-412A-8558-E97E93973323.jpeg,2026-02-03T22:25:47
9611,"Grannies, Squares and Stitches. A Morning of Creativity and Community",https://dostuff.ie/providerpages/grannies-squares-and-stitches-a-morning-of-creativity-and-community/,"Adult Art, Craft and Making, Art, Craft & Making",Cork,County Cork,Kinsale,"West Cork Collective, Main St",T12 X2ND,Ireland,51.6666804,-8.5952416,0858263872,emma@emmajacobsart.com,https://emmajacobsart.com,https://www.facebook.com/emmajacobsart,https://www.instagram.com/emmajacobsart,https://www.linkedin.com/in/emmamcnallyjacobs/,"DCCI AUGUST CRAFT MONTH EVENT! Join Emma Jacobs Art at the West Cork Collective for a cozy morning celebrating cottagecore tradition and granny hobbies! We are inviting young adults from all over the area to unroll their yarn, pack up their projects, and bridge the generation gap. Bring your Grannies. Bring your granny squares. Bring your knitting. Whether you are a master knitter, a crochet beginner, or just want to enjoy a cup of tea in good company, this morning is for you. Learn the timeless art of the granny square from local experts, share your skills, or just enjoy the relaxed stitch-and-chat vibe. Event Details: • Date: Saturday, 8 August • Time: 10:00 AM – 1:00 PM • Venue: West Cork Collective • Cost: Free admission (Tea and delicious home baking provided) What to Expect: • Stitch & Chat: A relaxed space to work on your current projects. • Skill Sharing: Learn the art of the granny square from the true experts—our local nans! • Cottagecore Vibes: Cozy acoustic music, endless tea, and artistic company. No granny? No problem! Come along anyway, borrow one of ours, or just bring your creative spirit. All skill levels are entirely welcome. Booking is Essential: Spaces are limited. Secure your spot by contacting Emma: 📧 Email: emma@emmajacobsart.com 📞 Call/Text: 085 826 3872",https://dostuff.ie/wp-content/uploads/2026/07/Cushions-Landscape.jpg,2026-07-14T10:45:07
8003,Green&Blue Project Launch Gathering,https://dostuff.ie/providerpages/greenblue-project-launch-gathering/,"Art, Craft & Making, Drawing & Illustration, Nature Walks & Biodiversity, Nature, Outdoors & Group Meet-Ups, Printmaking, Public Speaking & Presentation, Social & Meetup Groups",Westmeath,County Westmeath,Mullingar,"Cúige Studios, 17-23 Dominick St",N91 E7KC,Ireland,53.5245683,-7.345310899999999,0852000654,,,,https://www.instagram.com/greenandblue.project/,,"We’re happy to announce that, with the support of Creative Ireland and Westmeath County Council, we are launching Green&Blue — a community arts and ecology project fostering connections between local communities and the natural ecosystems surrounding them through art and creative participation. Our focus is on the plant life surrounding local waterways: an essential and often overlooked part of the Midlands landscape. Through workshops, sketch-walks, field sessions and collaborative activities, the project invites participants to slow down, observe and develop a deeper relationship with the environments they encounter in everyday life. We’re very excited to invite you to the official launch of Green&Blue 🌿 📅 Tuesday, 26 May 🕖 7pm 📍 Cuige Studios (17–23 Dominick St, Mullingar, N91 E7KC) Join us for an offline gathering to meet in person, celebrate the beginning of the project together and talk about Green&Blue. We’ll introduce some of the artists, ecologists and collaborators involved in the project, share upcoming workshops and activities, speak about the ideas behind Green&Blue, and chat about ways to participate over the coming months. Whether you’re interested in art, biodiversity, local landscapes, sketching, environmental topics or simply want to connect — you are very welcome to join us. Free admission",https://dostuff.ie/wp-content/uploads/2026/05/cover_branded.jpg,2026-05-16T21:44:51
6368,Grow Music,https://dostuff.ie/providerpages/grow-music/,"Audition Preparation, Bass, Cello, Choirs & Ensembles, Clarinet, Drums & Percussion, Fiddle, Flute, Guitar, Irish Traditional Music, Keyboard, Music Composition, Music School, Music Theory, Music, Drama & Performance, Piano, Singing & Vocal Coaching, Ukulele, Viola, Violin, Wind & Brass",Louth,County Louth,Dundalk,30 Clanbrassil St,A91 R264,Ireland,54.0064207,-6.402244100000001,+353 85 7493112,heather@growmusic.ie,https://www.growmusic.ie,https://www.facebook.com/growmusicireland,https://www.instagram.com/grow_music_ireland,,"Cultivating talent in children and adults with 1 to 1 music lessons, ensembles, and professional instruction focusing on performance. Locations in Dundalk and Drogheda, Co. Louth, Ireland.",https://dostuff.ie/wp-content/uploads/2026/02/IMG_8193.jpeg,2026-02-22T20:32:35
7089,"Growing Food , beekeeping & henkeeping (introduction series)",https://dostuff.ie/providerpages/growing-food-beekeeping-henkeeping-introduction-series/,"Bee Keeping, Birdwatching, Gardening & Horticulture, Nature Walks & Biodiversity, ONLINE Activities",Cork,Private Address,Private Address,Private Address,Private Address,Private Address,Private Address,Private Address,0872559698,katemarie@live.ie,https://beewildwithkate.com/,,https://www.instagram.com/beewild_with_kate/,,☘️☘️first session FOOD - how to set up - essentials - weed suppression & NO DIG - how to make free fertiliser - 5 staples for the Irish homes - Q &A ☘️☘️Bees how to set up - swarming - how to control / collect - jobs of bees - how to create habitats - month to month action - how to extract medicine from the hive - Q&A ☘️☘️Hens - how to set up - housing- hens preferences - hygiene and health - chicks - breeding incubators Q&A,https://dostuff.ie/wp-content/uploads/2026/04/fb546b14-94fe-4301-8a27-3b6e26f2868a.jpeg,2026-04-03T19:03:19
8145,Harmonics Music School,https://dostuff.ie/providerpages/harmonics-music-school/,"Bass Guitar, Guitar, Junior Cycle (General), Leaving Cert (General), Music School, Music Theory, Music, Drama & Performance, Piano, Singing & Vocal Coaching, Ukulele",Wicklow,County Wicklow,kilcoole,Beach Court Kilcoole,,Ireland,53.1127842,-6.0651958,,hello@harmonicsmusicschool.com,https://www.harmonicsmusicschool.com,https://www.facebook.com/share/1KdjHXQqxV/?mibextid=wwXIfr,https://www.instagram.com/harmonics_music_school,,"Harmonics Music School offers one to one lessons for adults and children, in a welcoming, safe and supportive environment 🧡 Feeling nervous or anxious? We're here for you every step of the way! All of our passionate teachers are handpicked by us, 𝐆𝐚𝐫𝐝𝐚 𝐯𝐞𝐭𝐭𝐞𝐝, 𝐓𝐮𝐬𝐥𝐚 𝐜𝐞𝐫𝐭𝐢𝐟𝐢𝐞𝐝 and follow our 𝐬𝐭𝐫𝐢𝐜𝐭 𝐜𝐡𝐢𝐥𝐝 𝐬𝐚𝐟𝐞𝐠𝐮𝐚𝐫𝐝𝐢𝐧𝐠 𝐩𝐨𝐥𝐢𝐜𝐲. Our warm welcome for both adults and children will make you feel right at ease... so let's get you or your child/teen started on their musical journey! 🧡 𝑳𝒐𝒄𝒂𝒕𝒊𝒐𝒏𝒔 𝒊𝒏 𝑮𝒓𝒆𝒚𝒔𝒕𝒐𝒏𝒆𝒔 & 𝑲𝒊𝒍𝒄𝒐𝒐𝒍𝒆",https://dostuff.ie/wp-content/uploads/2026/05/5526.jpg,2026-05-28T16:59:59
7053,Harmony Music,https://dostuff.ie/providerpages/harmony-music-school-cork/,"Bass Guitar, Cello, Drums & Percussion, Guitar, Music, Music & Drama Camps, Music Lessons (Online), Music School, Music Theory, Music, Drama & Performance, Piano, Singing & Vocal Coaching, Violin",Cork,County Cork,Ballincollig,"The Carraig Centre, Carraig Centre, Ballincollig",P31 PV20,Ireland,51.8898468,-8.5886058,,harmonymusiccork@gmail.com,https://harmonymusic.mymusicstaff.com/home,,https://www.instagram.com/harmony.music.cork/?utm_source=ig_web_button_share_sheet,,"Harmony Music is a music school in Ballincollig. We have been running lessons in the Carraig Centre since 2020 and have since added lessons in Gaelscoil Uí Ríordain. We offer 1:1 instrumental lessons in piano, cello, voice, guitar, bass guitar, violin and drums as well as group lessons for singing, guitar, Suzuki piano and Music Explorers. We teach adults, teenagers and children aged 4+ of all levels in various music styles. Our focus is to make progress while enjoying the process. We give our students the opportunity to take part in concerts, complete RIAM grade exams, or to take a student centered approach by taking into account the level, style and personal musical interests of the individual student. We believe its important to enjoy music while progressing and keep enjoyment of music in focus during lessons.",https://dostuff.ie/wp-content/uploads/2026/03/29666.png,2026-03-30T13:23:17
5698,Hatha yoga flow in Aluna yoga Kildare 7pm on Tuesdays,https://dostuff.ie/providerpages/hatha-yoga-flow-in-aluna-yoga-kildare/,"Hatha Yoga, Meditation, Yoga, Pilates & Wellbeing",Kildare,County Kildare,Kildare,Bishopsland,R32POEO,Ireland,53.1636795,-6.9132372,0852703665,aislennon57@gmail.com,https://bookinghawk.com/events-overview/anu-yoga/1351,,https://www.instagram.com/anu_yoga__,,"This is a Hatha yoga flow class focused on cultivating deeper inner awareness and connection through conscious breathing and intentional movement. Each week we will explore a new intention and point of focus, supporting a deeper sense of peace, strength, and relaxation. Suitable for all levels and all bodies, this class offers a space to slow down, reconnect, and come home to yourself.",https://dostuff.ie/wp-content/uploads/2025/07/Do-Stuff-Wellbeing-and-Community-1920x1280-1.webp,2026-01-26T11:32:43
5578,Health & Lifestyle Coaching,https://dostuff.ie/providerpages/health-lifestyle-coaching/,"Counselling, Webinars & Masterclasses, Yoga, Pilates & Wellbeing",Cork,Private Address,Private Address,Private Address,Private Address,Private Address,Private Address,Private Address,0833083262,banuwellness@gmail.com,,,https://www.instagram.com/banu_wellness?igsh=cWk5N2M5OGF1Y3Q5&utm_source=qr,,Nutrition and Supplement Counselling Physical Wellness Plan Sound Sleep Routine Wellness Check-in Behaviour Guidance,https://dostuff.ie/wp-content/uploads/2026/01/Logo-2.png,2026-01-20T17:29:20
7991,Hedge School Wicklow,https://dostuff.ie/providerpages/hedge-school-wicklow/,"Cooking & Baking, Cooking & Nutrition",Wicklow,County Wicklow,B,2 Monks Glade,A67 RR64,Ireland,52.9468417,-6.030977099999999,00353877756785,miche@hedgeschoolireland.ie,https://hedgeschoolireland.ie/,https://www.facebook.com/share/192hDo5NZ5/?mibextid=wwXIfr,https://www.instagram.com/hedgeschoolwicklow.ie?igsh=YzV2b2QweG90c2s%3D&utm_source=qr,https://www.linkedin.com/in/miche-teehan-75239356?utm_source=share_via&utm_content=profile&utm_medium=member_ios,"Master the Art of Bread Making at Hedge School Wicklow Step into the heart of Wicklow and discover the deeply satisfying craft of artisan bread making. Whether you are a complete beginner or looking to perfect your crust, this intimate, hands-on workshop at Hedge School Wicklow will guide you through the alchemy of flour, water, salt, and yeast. What to Expect Hosted in a cozy, welcoming environment, our classes are strictly limited to 4 participants . This small group size ensures you receive personalized, step-by-step guidance from our expert baker. During this immersive workshop, you will: Learn the Fundamentals: Understand the science of fermentation, hydration, and flour selection. Get Hands-On: Master essential techniques for mixing, kneading, shaping, and scoring your dough. Bake to Perfection: Learn the secrets to achieving the perfect oven spring, golden crust, and airy crumb. Enjoy the Fruits of your Labor: Gather with your fellow bakers to taste your fresh loaves with local Wicklow butter and preserves. Class Details Capacity: Maximum of 4 people per session (perfect for individuals, couples, or small groups of friends). Skill Level: Beginners and intermediate bakers are equally welcome. What’s Included: All ingredients, baking equipment, a recipe booklet to take home, and refreshments. Plus, you’ll leave with your own freshly baked artisan loaves! Note: Spaces are highly limited due to our small class size. Book your bench today and bring the timeless aroma of freshly baked artisan bread into your own kitchen!",https://dostuff.ie/wp-content/uploads/2026/05/Hedge-School-Logos-Circle.jpeg,2026-05-16T15:28:24
7331,I Made It – T-Shirt Painting Workshop,https://dostuff.ie/providerpages/i-made-it-t-shirt-painting-workshop/,"Adult Art, Craft and Making, Art Therapy, Art, Craft & Making, Painting",Dublin,Dublin,Dublin,"Unit 9, Kennelsfort Rd Upper, Woodfarm, Dublin,, Dublin, D20 EY68,","D20 EY68,",,53.35046637156842,-6.3797295424381835,+353894556090,imadeit.ie@gmail.com,https://www.imadeit-ie.com/,,https://www.instagram.com/imadeit_ie/,,🎨 Discover the Joy of T-Shirt Painting! Our workshops offer a vibrant space to express your creativity and design your own custom tees. ✨ All skill levels welcome!,https://dostuff.ie/wp-content/uploads/2026/07/I-Made-It-T-Shirt-Painting-Workshops-Dublin.png,2026-04-11T14:41:36
5814,Ickle Minds,https://dostuff.ie/providerpages/ickle-minds-sensory-play/,"Baby & Early Learning, Messy Play, Sensory Classes",Longford,Ireland,Longford,,,,53.81685201303629,-7.773772220070212,0879020370,ickleminds@gmail.com,,,https://www.instagram.com/ickleminds,,Messy and sensory play sessions for grown up and children aged 6 mths to 5 years.,https://dostuff.ie/wp-content/uploads/2026/01/This-playgroup-is-fantastic.-My-little-boy-Tarran-attends-and-he-absolutel_20260118_175531_0000.png,2026-01-26T23:44:32
8224,Image Consultant,https://dostuff.ie/providerpages/image-consultant/,"Business & Entrepreneurship, Fashion, Beauty, Image & Styling, Image Consultancy",Cork,"Cork, Ireland",Cork,,,,,,,hello@lyndadiblasi.com,https://www.lyndadiblasi.com,,https://instagram.com/lynda.diblasi.image_consultant,,"Cork based personal stylist 📧hello@lyndadiblasi.com website www.lyndadiblasi.com In person & online private style consultations Colour Analysis clarifies your best colour shades Personal shopping sessions tailored to your shape, budget and lifestyle Looking to elevate your personal image through weight changes, menopause, new life chapters, book your style consultation today Visiting Cork book your tailored shopping session saves you stress and time",https://dostuff.ie/wp-content/uploads/2026/06/5EB088F1-FCD2-4AD9-9BD7-9F396A938A06.png,2026-06-04T17:12:48
8660,International volleyball Ireland,https://dostuff.ie/providerpages/international-volleyball-ireland/,"Afterschool Clubs, Fitness & Sports, Sports Camps, Summer Camps, Teen Camps, Volleyball",Dublin,Private Address,Private Address,Private Address,Private Address,Private Address,Private Address,Private Address,+353830506534,Internationalvolleyballireland@gmail.com,https://www.ivi-sports.com,https://www.facebook.com/internationalvolleyballireland,http://www.instagram.com/internationalvolleyballireland,,"🏐 International Volleyball Ireland (IVI) International Volleyball Ireland is one of Ireland's fastest-growing volleyball communities, bringing together players of all backgrounds, nationalities, and skill levels. We offer: • Weekly volleyball training sessions for beginners, intermediate and advanced players • Junior volleyball programmes for children and teenagers • National League teams for competitive players • Social volleyball sessions and tournaments throughout the year • Coaching and player development opportunities • A welcoming and inclusive environment for everyone Whether you're completely new to volleyball or an experienced player looking for a team, IVI provides opportunities to learn, improve, compete, and make new friends through sport. 📍 Based in Dublin, Ireland 👥 Open to players of all nationalities and backgrounds 🏐 Juniors, adults, social and competitive volleyball For current training schedules, events, and registration information, visit: www.ivi-sports.com Follow us on social media: 📸 Instagram: @internationalvolleyballireland",https://dostuff.ie/wp-content/uploads/2026/06/inbound4622605552270840858.png,2026-06-18T18:39:12
7358,Irish Dancing Classes in Wicklow,https://dostuff.ie/providerpages/irish-dancing-classes-in-wicklow/,"Dance & Movement, Irish Dance, Irish Language & Culture, Summer Camps",Wicklow,Private Address,Private Address,Private Address,Private Address,Private Address,Private Address,Private Address,0876601845,dowlingschoolofdancing@live.ie,,https://www.facebook.com/share/18DX7SHNwF/,https://www.instagram.com/thedowlingschool?igsh=MTM4b2xxMmc4YXd1cA==,,Irish dancing classes provided by the Dowling School of Irish Dancing with classes in various locations in Wicklow and South County Dublin!,https://dostuff.ie/wp-content/uploads/2026/04/Screenshot_20260412_184138_Gmail.jpg,2026-04-12T19:48:42
3289,Kate Cuddy Yoga,https://dostuff.ie/providerpages/kate-cuddy-yoga/,"Baby Yoga, Breathwork & Pranayama, Hatha Yoga, Pilates Mat, Prenatal/Postnatal Yoga, Vinyasa Flow, Wellness Retreats, Yin/Restorative Yoga, Yoga, Pilates & Wellbeing",Cork,County Cork,"Glounthaune Community Centre, Glounthaune Village",Lackenroe,T45 K124,Ireland,51.910856,-8.3361591,0868214002,katecuddy@gmail.com,https://www.katecuddy.yoga/,https://www.facebook.com/katecuddyyoga,https://www.instagram.com/katecuddyyoga/,,"Join me for Yoga classes in Glounthaune Community Centre, Mondays, Tuesdays and Wednesdays. There are classes suitable for absolute beginners, more advanced practitioners, teenagers and new mums and their babies, so I hope there's something for almost everyone. 🧘‍♂️ Physical Benefits Improves flexibility & mobility – Gradual stretching keeps joints and muscles limber. Builds strength – Holding poses engages muscles and improves tone. Enhances posture – Strengthens your core and back, reducing slouching and pain. Supports balance & coordination – Especially helpful as we age. Helps with pain relief – Particularly for back, neck, or joint issues. 🧠 Mental & Emotional Benefits Reduces stress & anxiety – Breathing techniques and mindfulness activate your relaxation response. Improves focus & mental clarity – Many find they concentrate better after yoga. Boosts mood – Can lower cortisol and increase endorphins. Supports better sleep – A calmer nervous system helps you rest more deeply. 🌱 Lifestyle & Long-Term Benefits Mind-body connection – Encourages you to listen to your body. Accessible to all levels – Gentle or challenging options exist for every ability. Community & routine – Classes or home practice can provide structure and social support.",https://dostuff.ie/wp-content/uploads/2025/09/KateCuddyYoga-1.jpg,2025-09-29T11:25:08
3166,Kids & Teen Yoga Classes (Tralee Area),https://dostuff.ie/providerpages/kids-teen-yoga-classes-tralee-area/,"Kids & Family Yoga, Teen Camps, Yoga, Pilates & Wellbeing",Kerry,County Kerry,Tralee,"Collis Sandes House, Killeen",,Ireland,52.2867085,-9.690439,,superstarsyoga@gmail.com,http://Www.superstarsyoga.net,https://www.facebook.com/1597882483611572?ref=_xav_ig_profile_page_web,https://www.instagram.com/superstarsyoga/,,"Weekly Kids & Teens yoga classes in Tralee. A mixture of yoga poses, games, movement, mindfulness, breathing exercises, art and relaxation. Thursday Afternoons at Collis Sandes, Tralee for 5-8 year olds and 9-13 year olds. Saturday Mornings at Banna Leisure Centre, Ardfert for 4-7 year olds and 8-11 year olds. Also providing yoga for preschools, primary and secondary schools, clubs and parties.",https://dostuff.ie/wp-content/uploads/2025/09/Aug-25-flyer-A5.png,2025-09-19T15:42:10
8228,Kids Summer Art Camp,https://dostuff.ie/providerpages/kids-summer-art-camp/,"Art, Craft & Making, Camps & Afterschool, Kids Art Club, Kids Craft Workshops, Summer Camps",Mayo,County Mayo,Newport,Greenway Lane Studio,F28 WY97,Ireland,53.9049883,-9.613749499999999,0857211863,mo.greenwayartists@gmail.com,https://www.greenwaylaneartstudiocafe.com/,https://www.facebook.com/GreenwayLaneartstudiocafe/,https://www.instagram.com/greenwaylaneartstudiocafe/,,"Greenway Lane Kids Summer Art Camp is all set for the start of summer. As always, our focus will be all things creative. We will cover a range of arts and crafts aim to have loads and loads of fun! With a limited enrolment of 12, children receive a lot of personal attention from us. With attentive teachers and excellent facilities, and a nurturing camp community, the creative campers find a place they can be themselves, meet like-minded friends and have a lovely experience.",https://dostuff.ie/wp-content/uploads/2026/06/IMG_8990.jpeg,2026-06-04T20:02:53
6176,Kids Yoga & Zumbini Combo Class Midleton,https://dostuff.ie/providerpages/kids-yoga-midleton/,"Kids & Family Yoga, Music & Movement for Tots",Cork,County Cork,Midleton,"My Place, Community Centre, Mill Rd.",P25 YT50,Ireland,51.9175186,-8.1758317,085 121 4467,mightykidsyoga1@gmail.com,,https://facebook.com/mightykidsyoga,https://instagram.com/mightykidsyoga,,"Preschool Yoga & Zumbini Combo Class takes place in My Place Midleton on Thursdays from 3.30-4.15pm. The Zumbini portion of the class includes singing, dancing and playing instruments. Children are introduced to music from various cultural backgrounds with a child centred and developmentally appropriate approach. The yoga includes yoga stories which are age appropriate and themed-jungle adventures, farm adventures, missions to the moon, ocean dives and explore common issues kids experience such as managing frustration, friendships, separation anxiety through the fun characters wee meet, The stories include visuals and props to facilitate understanding. The yoga also includes mindfulness activities, easy-to-follow games, dance and a little relaxation to finish. The secret ""ingredient"" is playfulness keeping your child motivated, excited and moving. The classes also work on children's emotional intelligence, provide coping tools and enhance social skills.",https://dostuff.ie/wp-content/uploads/2026/02/tempImagevkiX9B.jpg,2026-02-11T20:51:14
9398,Kids Yoga Ballinlough (6-8 Years),https://dostuff.ie/providerpages/kids-yoga-ballinlough-6-8-years/,Kids & Family Yoga,Cork,County Cork,Ballinlough,Ballinlough Youth Hall,T12 ET7E,,,,085 121 4467,mightykidsyoga1@gmail.com,,https://www.facebook.com/mightykidsyoga,https://www.instagram.com/mightykidsyoga,,"Day & Time: Tuesdays 3.10-3.40pm This thirty minute fun and imaginative yoga class caters for children aged 6-8 years. The sessions combine age-appropriate yoga postures, breathing and relaxation techniques with imaginative and creative stories. In addition to mindfulness activities, yoga games and dance to provide a fully inclusive and non-competitive complete form of exercise. The yoga stories are age appropriate and themed-jungle adventures, missions to the moon, ocean dives and explore common issues kids experience such as managing frustration, friendships, healthy eating and self-belief through the fun characters we meet. The secret ""ingredient"" is playfulness, keeping your child motivated, excited and moving. These classes also work on children’s emotional intelligence, provide coping tools and enhance social skills.",https://dostuff.ie/wp-content/uploads/2026/07/image-5.jpeg,2026-07-08T21:31:08
9402,Kids Yoga Ballinlough (9-12 Years),https://dostuff.ie/providerpages/kids-yoga-ballinlough-9-12-years/,Kids & Family Yoga,Cork,County Cork,Ballinlough,Ballinlough Youth Hall,T12 ET7E,,,,085 121 4467,mightykidsyoga1@gmail.com,,https://facebook.com/mightykidsyoga,https://www.instagram.com/mightykidsyoga,,"Day & Time: Tuesdays 3.45-4.30pm This forty five minute fun and imaginative yoga class caters for 9-12 year olds. The sessions combine yoga postures, breathing and relaxation techniques with imaginative and creative stories. In addition to mindfulness activities, yoga games, partner poses, mindfulness art activities and dance to provide a fully inclusive and non-competitive complete form of exercise. The yoga stories are age appropriate and themed-jungle adventures, missions to the moon, ocean dives and explore common issues kids experience such as managing frustration, friendships, self-belief, gratitude and kindness through the fun characters we meet. Sessions are age-appropriate, engaging, and designed to support learning, coordination, and resilience. These classes also work on children’s emotional intelligence, provide coping tools and enhance social skills.",https://dostuff.ie/wp-content/uploads/2026/07/image-4.jpeg,2026-07-08T21:44:55
3082,Kundalini and Face Yoga Class,https://dostuff.ie/providerpages/kundalini-and-face-yoga-class/,"Breathwork & Pranayama, Face Yoga, Kundalini Yoga, Reiki, Yoga, Pilates & Wellbeing",Kilkenny,County Kilkenny,,"Koru Wellness, Unit 3G, Castle Yard, Kilkenny r95k662",R95k662,,51.71179980885809,-8.423193209284156,0861512948,kgcraniosacral@gmail.com,https://heartfelthealingireland.com/,https://facebook.com/heartfelthealingireland,https://instagram.com/heartfelthealingireland,,"This class is a unique blend of Kundalini Yoga and Face yoga . Kundalini Yoga practice encapsulates, Mantra (sound repetition), Pranayama (breathing exercise), Kriya (movement/posture) and Meditation (repetitive sound or finger movement to occupy the brain). The result is invigorating or relaxing depending on the class focus. Face Yoga is a mixture of facial exercise, massage, acupressure and energy work. The result is rejuvenating the skin, toning the facial muscles and bone.",https://dostuff.ie/wp-content/uploads/2025/09/Title-1.png,2025-09-12T14:49:35
7640,LITTLE KICKERS KILDARE,https://dostuff.ie/providerpages/little-kickers-kildare/,"Fitness & Sports, Parent & Toddler Groups, Team Sports (Soccer/GAA/Rugby)",Kildare,County Kildare,Naas,"Naas Sports Centre, Caragh Rd",,Ireland,53.2159384,-6.683003599999999,0868176288,abalmer@littlekickers.ie,https://www.littlekickers.ie,https://www.facebook.com/littlekickerskildare,https://www.instagram.com/littlekickerskildare,,"Little kickers Kildare conducts weekly football classes for kids aged between 18 months and 8 years old. We currently have classes in Naas, Newbridge, Celbridge, and Maynooth. Our classes are suitable for boys and girls of all skill levels, including absolute beginners! We have four different football classes, each tailored to a different age group. However, we have two core beliefs that we take into every session: Firstly, we believe in something we call ""Play not Push"". It means teaching football in a fun, pressure-free environment. We want to give children a positive introduction to sport. Secondly, we believe football can be educational. Coached in the right way, it can stimulate imagination and aid early development skills, such as learning colours and numbers, following instructions, and playing as a team. You can register at www.littlekickers.ie or contact us for more information!",https://dostuff.ie/wp-content/uploads/2026/04/OIP.jpg,2026-04-29T18:45:40
7448,"LK YOGA ~ Yoga, Women’s Circles, Cohosted Events",https://dostuff.ie/providerpages/lk-yoga-womens-wellness-circles-cohosted-events/,"Breathwork & Pranayama, Hatha Yoga, Meditation, Stress Management, Vinyasa Flow, Wellbeing, Wellness Retreats, Yoga, Pilates & Wellbeing",Wexford,County Wexford,Gorey,"The Palms Health and Wellbeing Centre, Block C, The Avenue",Y25 V6P6,Ireland,52.67454189999999,-6.2956042,0851280870,lk_yoga@yahoo.com,,https://www.facebook.com/lk_yoga_,https://www.instagram.com/lk_yoga_,,"Hi I’m Lauren. I am an 800hr registered yoga teacher based in Gorey, Co.Wexford. I teach 3 weekly classes, Relaxing Hatha & Yoga Nidra, Hatha & Yoga Nidra and Vinyasa Flow. My classes focus on forming a deeper connection and understanding of your body and breath, to create safety, strength and softness. All levels are welcome including complete beginners. I also completed a year long apprenticeship in Sexual Alchemy and holding sacred space for women in a trauma informed way. I hold regular women’s circles throughout the year. I am based in The Olive Room in The Palms Health & Well-being Centre on the Avenue in Gorey.",https://dostuff.ie/wp-content/uploads/2026/04/LK-Yoga.jpg,2026-04-16T14:07:12
6915,Laola Movement: Outdoor Pilates classes & retreats in Malahide area,https://dostuff.ie/providerpages/laola-movement-outdoor-pilates-classes-in-malahide/,"Nature, Outdoors & Group Meet-Ups, Outdoor Bootcamps, Pilates Mat, Yoga, Pilates & Wellbeing",Dublin,County Dublin,Malahide,Malahide,,Ireland,53.4509236,-6.1501378,,laola.movement@gmail.com,https://linktr.ee/laola.pilates,,https://www.instagram.com/laola_movement,,"LAOLA Movement was founded in 2023 by Taty, a German born, Ireland based certified Pilates instructor with a love for movement, connection, and the outdoors. Her mission? To help people feel stronger, more flexible, and ultimately happier in their own skin — through joyful, accessible Pilates classes and unforgettable experiences in nature. LAOLA’s name is inspired by the German word for “Mexican wave” (La Ola) — a symbol of community, rhythm, and spine mobility (the core of Pilates!). It perfectly reflects the brand’s philosophy: to move together, to celebrate our bodies, and to ride life’s waves — on the mat and beyond. What began as a handful of outdoor classes quickly grew into a growing movement in the local community. Today, LAOLA offers a mix of outdoor group classes in summer , online sessions in winter , and one-of-a-kind Pilates events that bring like-minded souls together — from sea swims to paddleboarding and even Pilates with alpacas. Taty is YMCA accredited through Reformation Studio (Dublin), with additional qualifications in Ante & Postnatal Pilates (APPI, London 2024) and an ongoing focus on women’s health and the transitions women go through across life stages. Every class is led by her personally, blending technical precision with fun, human connection. Whether you're a curious beginner or a seasoned mover, LAOLA Movement welcomes all genders and levels . Taty creates a space that’s equal parts grounding and uplifting—rooted in movement, laughter, and community care. Outdoor events include: Outdoor Pilates & Sea Swims (every Monday 7pm!) Beach Pilates, Sea Swim & Sauna (next one coming up in August) Sunset Pilates & Stand-Up Paddleboarding (next one coming up soon!) Hidden Reset: A 3-hour mini retreat with Pilates, breathwork, nourishing snacks, local wine, and… alpacas. Yes, alpacas. ( Next one coming up in April) “Pilates?! I thought you said pies and lattes” – A morning event with Pilates, followed by light breakfast and pastries. Yes, humor belongs in your wellness journey, too. 📍 For the latest class schedule and a healthy dose of Pilates inspiration, follow @laola_movement. 📩 Booking via Wunderbook or email: laola.movement@gmail.com or this link tree 🌊 Taty can’t wait to welcome you on the mat—or in the sea. Testimonials about LAOLA Movement From Alison: “ I love Taty’s classes. She brings energy, encouragement and fun to each class. Taty offers regular slots as well as pop up activities with a social element and outdoor classes on Paddy’s Hill and the beach. This is a welcoming pilates community and I strongly recommend it.” From Roshni: “ Signed up on Taty's 6 week pilates program at the beginning of Jan. The best first decision I made in 2024. Taty is excellent, she listens to understand your personal goals. Her sessions are well paced, fun and as challenging as you want them to be.” From Emma: “Completed two courses now with Taty and couldn’t recommend her more. Amazing instructor and classes are fun and rewarding.” From Sarah: “The best pilates I have done to date! Taty kept it so interesting, and I learned so much about stretch and movement.” More to be found on @laola_movement instagram highlights under testimonials.",https://dostuff.ie/wp-content/uploads/2026/03/Screenshot-2026-03-19-at-15.28.31.png,2026-03-19T15:29:11
8389,Le Chéile Music Piano Community,https://dostuff.ie/providerpages/le-cheile-music-piano-community/,"Live Online Classes, Music Lessons (Online), Music, Drama & Performance, ONLINE Activities, Piano","Online,Antrim,Armagh,Carlow,Cavan,Clare,Cork,Derry,Donegal,Down,Dublin,Fermanagh,Galway,Kerry,Kildare,Kilkenny,Laois,Leitrim,Limerick,Longford,Louth,Mayo,Meath,Monaghan,Offaly,Roscommon,Sligo,Tipperary,Tyrone,Waterford,Westmeath,Wexford,Wicklow",Private Address,Private Address,Private Address,Private Address,Private Address,Private Address,Private Address,0833591139,leah@lecheilemusic.com,https://www.skool.com/le-cheile-music/about,https://www.facebook.com/lecheilemusic,,https://www.instagram.com/lecheilemusic,"Le Chéile Music is an online community for piano students who want to stay motivated and make steady progress in the company of like minded adults. Run by Leah Murphy MA, a teacher and Music Therapist with 20 years experience, the page offers a free sight reading course and the famous 40 Piece Challenge, along with access (after upgrading) to a library of ground-breaking neuroscience-based courses on all aspects of learning piano, and live group classes for every level from beginners to advanced. See what current members are saying about the community here: https://ie.trustpilot.com/review/lecheilemusic.com",https://dostuff.ie/wp-content/uploads/2026/06/Gemini_Generated_Image_n39z08n39z08n39z.png,2026-06-15T12:50:20
7657,"Little Folk- Music for Babies, Toddlers, & Young Children",https://dostuff.ie/providerpages/little-folk-music-for-babies-toddlers-young-children/,"Dads & Babies, Music, Music & Movement for Tots, Music, Drama & Performance, Parent & Toddler Groups, Rhyme Time","Cavan,Meath,Westmeath",Private Address,Private Address,Private Address,Private Address,Private Address,Private Address,Private Address,,littlefolkmusic@outlook.com,https://www.kylejamesriley.com/,https://www.facebook.com/littlefolkmusicclass,https://www.instagram.com/kylejriley,,"Little folk is an early years music class perfectly suited for children aged 4 months - 5 years (or 6 or older) and their parents. Regular class schedule- Monday- Oldcastle Masonic Hall 10am Tuesday- Mullingar Arts Centre 10&11am Wednesday- Kells Family Resource Centre 10&11am Friday- The Backyard, Cavan Town 10&11am Featuring 45 minutes of live music, playing percussive instruments and movement with scarves, a good time is to be had by all. Classes explore rhythm, tempo and movement featuring Kyle’s award winning original children’s music and traditional children's music. Following the Kodaly philosophy of music training, the voice is the first instrument. The sessions are highly interactive and all music is performed live. Kyle has been writing and performing children's music since 2012.",https://dostuff.ie/wp-content/uploads/2026/05/Basic-Info2.jpeg,2026-05-01T16:27:16
8093,Little Strokes Art Studio,https://dostuff.ie/providerpages/little-strokes-art-studio/,"Adult Art, Craft and Making, Kids Art Club, Kids Craft Workshops",Down,County Down,Newry,"39a Derryleckagh Road,",BT342NL,,51.705042897491,-8.5358957558187,07542791868,orla.poland.art@gmail.com,https://www.orla-poland-art.com,https://www.facebook.com/OrlaPolandArt%20,,,Little Strokes Art Studio is an art studio based in the heart of Co. Down. We offer a range of workshops and art clubs for both children and adults where we encourage creativity to shine.,https://dostuff.ie/wp-content/uploads/2026/05/IMG_2123.jpeg,2026-05-23T23:06:09
6653,Local Grinds,https://dostuff.ie/providerpages/local-grinds/,"English, Grinds, Academic Support, Transition Year, Homework Support, Maths",Cork,"Cork, Ireland",,,,,51.705042897491,-8.5358957558187,0831786339,,,,,,"Qualified Primary School Teacher, providing grinds in Maths and English to primary school aged children. Providing homework supports also.",https://dostuff.ie/wp-content/uploads/2026/03/Screenshot_20260205_161541_M365-Copilot.jpg,2026-03-01T20:32:18
7417,Lunch-Time Sound Bath,https://dostuff.ie/providerpages/lunch-time-sound-bath/,"Sound Baths, Sound Therapy, Yoga, Pilates & Wellbeing",Dublin,County Dublin,Dublin 9,"Our Lady of Dolours, Botanic Rd",D09 K5R6,Ireland,53.372843099177004,-6.267798071524495,0894928822,thegroundedascent@gmail.com,https://www.thegroundedascent.com,,https://www.instagram.com/thegroundedascent/,,"Join Emily for an immersive journey of sound therapy and meditation, created to nurture peace, presence, and renewal. Sound therapy is an ancient healing practice, rooted in traditions that span thousands of years and cultures. From Tibetan singing bowls in the Himalayas to the use of gongs, drums, and chimes across Indigenous traditions worldwide, sound has long been recognised as a powerful tool for restoration and transformation. Modern research supports what these traditions have known—vibrational sound can calm the nervous system, reduce stress, and bring the body and mind into harmony. In this session, Tibetan and crystal singing bowls, gentle chimes, and the resonance of voice weave a deeply calming soundscape. The vibrations work not only through the ears but through the whole body, encouraging deep rest, release, and reflection. This experience is an invitation to pause, soften, and reconnect with your inner stillness. Whether you are seeking clarity, grounding, or simple relaxation, this session offers a sacred space to realign and recharge. Please wear comfortable clothes and bring your own mat, blankets and anything that will help you feel comfortable and cosy. Please note this is not suitable for those who have a pacemaker.",https://dostuff.ie/wp-content/uploads/2026/04/DoStuff-Listing-Afternoon-Sound-Bath-in-Glasnevin-.png,2026-04-15T17:47:01
7768,Maitri Yoga Louth,https://dostuff.ie/providerpages/maitri-yoga-louth/,"Tai Chi & Qigong, Yoga, Pilates & Wellbeing",Louth,County Louth,Drogheda,"Maitri Yoga Louth, Unit 15-5",A92 E368,Ireland,53.7148496,-6.3482123,087 2159284,maitriyogalouth@gmail.com,https://www.maitriyogalouth.com,https://www.facebook.com/share/1Kdfn1z782/,https://www.instagram.com/maitriyogalouth?igsh=MWljOWk4ZGtqM3lmNw==,,"Step into a cosy, welcoming studio designed to help you slow down, soften, and truly rest. Each class is intentionally gentle and unhurried, creating a calm and supportive space where you can move, breathe, and reconnect at your own pace. As a teacher living with MS, I understand the importance of adapting movement to suit your body on any given day. Every session is thoughtfully tailored, offering options and encouragement so you feel safe, supported, and empowered—exactly as you are. Classes include Yoga Flow, Gentle Yoga, Beginners Yoga, Chair Yoga, Tai Chi, and CIRCL Mobility, alongside deeply restful offerings such as restorative workshops, meditation, yoga nidra, yin yoga, and “longer time to exhale” classes designed to soothe the nervous system and promote deep relaxation. Whether you’re looking to build gentle strength, improve mobility, or simply take time out to rest and restore, this is a space where you can breathe more deeply, move more freely, and leave feeling grounded and renewed.",https://dostuff.ie/wp-content/uploads/2026/05/FB_IMG_1676188221207.jpg,2026-05-05T20:58:38
6836,Makerspace@ Bare Food,https://dostuff.ie/providerpages/makerspace-bare-food/,"Art, Craft & Making",Louth,County Louth,Drogheda,15West Street Drogheda,A92PCF3,,53.701767245923,-6.4517600225498,0876626697,eimscullen@hotmail.com,,https://www.facebook.com/share/19uiar2Nmz/?mibextid=wwXIfr,https://instagram.com/cottagemarketdrogheda,,"Unleash your creativity at our Makers workshops in Bare Food Cafe. Curated by the Cottage Market you can Explore Block Printing or Discover Decoupage. Part of Soundtown night time economy offerings in Drogheda on the last Friday of the month March 27th Book through Eventbrite The Cottage Market , Makerspace@ Bare Food",https://dostuff.ie/wp-content/uploads/2026/03/inbound1391066070056317753.png,2026-03-11T19:48:55
7752,Malahide Musical & Dramatic Society,https://dostuff.ie/providerpages/malahide-musical-dramatic-society/,"Acting & Drama, Music, Drama & Performance, Musical Theatre",Dublin,County Dublin,Malahide,"Malahide Community School, Broomfield",,Ireland,53.43826499999999,-6.152653300000001,,malahidemusicalsociety@gmail.com,https://www.malahidemusical.com,https://www.facebook.com/malahidemusical/,https://www.instagram.com/malahidemusical/?hl=en,,"Malahide Musical & Dramatic Society was established in 1976 when a number of people from Malahide Sports & Recreation Committee, who were lovers of music, came together to create what is now the MMDS that we know and love. The very first musical production, The Quaker Girl, took to the same stage we call home all these years later, in Malahide Community School in November of 1977. MMDS has continued to flourish since then, with musicals, plays and various concerts and performances every year, and an ever-growing group of members.",https://dostuff.ie/wp-content/uploads/2026/05/Site-header.png,2026-05-05T17:43:44
7556,Maths Grinds Letterkenny | Leaving Cert & Junior Cert | DMG Donegal Maths Grinds,https://dostuff.ie/providerpages/maths-grinds-letterkenny/,"A-Level (general), Business & Entrepreneurship, Grinds, Academic Support, Transition Year, Junior Cycle (General), Leaving Cert (General), Live Online Classes, Maths, On‑Demand Courses, Other Online, Study Skills & Exam Prep, Teacher Training, Transition Year",Donegal,Private Address,Private Address,Private Address,Private Address,Private Address,Private Address,Private Address,0851363906,ddonegalmathsgrinds@gmail.com,https://www.donegalmathsgrinds.ie,https://www.facebook.com/donegalmathsgrinds.ie/,https://www.instagram.com/donegalmathsgrinds,,Struggling with Maths? Not sure where to start? DMG Donegal Maths Grinds provides expert maths tuition for: Leaving Cert (Higher & Ordinary Level) Junior Cert (Higher & Ordinary Level) ✔️ Clear step-by-step explanations ✔️ Focus on exam techniques ✔️ Identify weak areas fast ✔️ Proven results with real students 🎯 Start with a FREE maths test on our website and see your level instantly. 🌐 Website: www.donegalmathsgrinds.ie⁠ 📍 Based in Letterkenny – small group classes & online lessons available 💬 Message now to secure your place (limited spaces),https://dostuff.ie/wp-content/uploads/2026/04/1000175741.png,2026-04-22T18:29:16
7925,Mini Movers dance class,https://dostuff.ie/providerpages/mini-movers-dance-class/,"Camps & Afterschool, Dance & Movement, Dance Fitness, Parent & Toddler Groups",Cork,County Cork,Cork,"Highfield Rugby Club, Woodleigh Park",P67 KD34,Ireland,51.90239013105118,-8.53446642161892,0894297148,Jessiesheehan.js@gmail.com,https://sunflowerstepsdance.my.canva.site/sunflower-steps-dance/page-5?fbclid=IwVERTSARpoeJleHRuA2FlbQIxMABzcnRjBmFwcF9pZAwzNTA2ODU1MzE3MjgAAR7DpD98p-f7idcqXP1mwRyhooTWswhgimySD_Wdp7crEsRdJx8TP1Vp_hHqqQ_aem_e5XUYHVbrdq6u4wXve0lVg,,https://www.instagram.com/sunflower_steps_dance?igsh=MXJxb29vY2ltMWlrMw==,,"Dance class for children from 4-6 years old. Parents are required to attend. Highfield Rugby Club, Bishopstown",https://dostuff.ie/wp-content/uploads/2026/05/1000030540.png,2026-05-13T13:21:39
9811,Mna Movement mom & baby Fitness Class,https://dostuff.ie/providerpages/mna-movement-mom-baby-fitness-class/,"Antenatal & Postnatal, Parent & Toddler Groups",Kerry,County Kerry,Tralee,"Bounce Sports & Fitness Studio Tralee, Unit 3",V92 A5DV,Ireland,52.2718608,-9.7090724,,,,,https://www.instagram.com/mna_movement,,Mna movement A class designed for mom’s who are postpartum This class is designed for mom’s to get movement weekly in a private gym without the stress of childcare Baby is welcome along work out with like minded people make connections new friendships and take some time for yourself Based in Tralee Co.Kerry Pop over to Instagram mna_movement,https://dostuff.ie/wp-content/uploads/2026/07/A72C2A36-90A4-4EEC-A818-24831693BD28.png,2026-07-22T20:20:08
7278,Music Maestros – Baby & Toddler Music Classes,https://dostuff.ie/providerpages/music-maestros-baby-and-toddler-music-classes/,"Baby & Early Learning, Music & Movement for Tots, New Parent Workshops, Parent & Toddler Groups, Piano","Dublin,Kildare",County Dublin,Chapelizod,,,,,,,musicmaestrosinfo@gmail.com,https://www.musicmaestros.ie,https://www.facebook.com/profile.php?id=61560108085767,https://www.instagram.com/musicmaestros.ie/,,"Music Maestros provides baby & toddler music classes in North Kildare (Kilcock / Celbridge) and West Dublin (Chapelizod / Adamstown), along with private piano classes in Chapelizod. Baby & toddler music classes are a fun way of introducing your little maestro to music from an early age. We'll play around with foundational musical concepts (e.g. fast & slow / loud & soft) while constantly working on developing a steady beat. However the main benefits of music at this young age will be focusing on their fine & gross motor skills / cognitive skills / expression / communication and much more. Always wanted to learn the piano? All ages are welcome (from 5 years+). The piano is a beautiful instrument and so satifying to play, but did you know it can improve your memory, support brain development, reduce stress and anxiety, improve hand-eye coordination and improve your focus? Find out more by clicking the website link below 🎶 Have a question? Get in touch with me directly at musicmaestrosinfo@gmail.com, or DM me on Instagram / Facebook.",https://dostuff.ie/wp-content/uploads/2026/04/Photo-for-website-6.jpg,2026-04-08T13:36:47
8027,Native herbs and edible flowers – herbal tea workshops,https://dostuff.ie/providerpages/native-herbs-and-edible-flowers-herbal-tea-workshops/,"Homeopathy, Yoga, Pilates & Wellbeing",Cork,County Cork,carrigaline,Ballinrea,P43 AK60,Ireland,51.834817,-8.3957456,0879197790,info@stonewallgardens.ie,https://www.stonewallgardens.ie,,https://www.instagram.com/stonewall.gardens?igsh=eTN1dnp6cnh2Mmlo&utm_source=qr,,"Create your own herbal tea blend tailored to your specific needs. Learn about the amazing native herbs and flowers that surround us and the benefits they offer for your health. With special focus on herbal remedies for Anxiety/Stress, Hormone Balance and Hay fever. Workshops run every Sunday 11am-12 noon from 1st May-1st October. Booking essential. Reserve your spot via email or WhatsApp.",https://dostuff.ie/wp-content/uploads/2026/05/IMG_9789.jpeg,2026-05-18T20:03:10
9774,Newpark Academy Jazz Department,https://dostuff.ie/providerpages/newpark-academy-jazz-department/,"Jazz, Music",Dublin,County Dublin,Dublin,"IADT, Atrium Building, Dun Laoghaire Institute of Art Design and Technology, Kill Ave",,Ireland,53.28020069999999,-6.152843,+353 85 2599016,jazz@newparkmusic.ie,https://www.newparkmusic.ie,https://www.facebook.com/share/1LfjGnQUov/?mibextid=wwXIfr,https://www.instagram.com/newparkjazz?igsh=MXFwYXl4M3VvbmIzaQ%3D%3D&utm_source=qr,https://www.linkedin.com/company/newpark-academy-of-music/,"The Jazz Department at Newpark Academy of Music is a vibrant community for aspiring and experienced musicians who want to explore the rich tradition and evolving art of jazz. Through ensemble performance, improvisation, theory, ear training, and one-on-one instruction, students develop the skills, creativity, and confidence needed to grow as artists. Our program welcomes instrumentalists and vocalists of all backgrounds, offering opportunities to collaborate, perform live, and learn from experienced educators and working musicians. From classic swing and bebop to contemporary jazz and fusion, students engage with a wide range of styles while building a strong musical foundation. Whether you’re looking to sharpen your improvisation skills, join a jazz ensemble, or deepen your understanding of the genre, the Neepark Academy of Music Jazz Department provides an inspiring environment where musicians can learn, create, and connect.",https://dostuff.ie/wp-content/uploads/2026/07/BA67FD66-D8EB-4FFF-A293-7056FA3894FE.png,2026-07-22T16:58:14
8280,Ninja Fitness – Classes & Camps,https://dostuff.ie/providerpages/ninja-fitness-classes-camps/,"Camps & Afterschool, Easter Camps, Halloween Camps, Multi‑Activity Camps, Music & Drama Camps, SEN‑Friendly Camps, Sports Camps, Summer Camps",Kildare,County Kildare,Maynooth,,,,,,,ninjafitnessireland@gmail.com,http://www.ninjafitnessireland.ie,https://www.facebook.com/ninjafitnessireland,https://www.instagram.com/ninjafitnessireland,,"Do you want to tackle any object like an elite Ninja? Then this is the class for you - we combine gymnastics, wall running and obstacle course training to create an action packed programme to ensure all our Ninja get fit and strong while learning new skills in a safe, supportive environment!",https://dostuff.ie/wp-content/uploads/2026/06/1000084298.png,2026-06-08T20:12:06
3078,"Oboe, Piano, Recorder, Ukulele lessons from age 8 to 88",https://dostuff.ie/providerpages/oboe-piano-recorder-ukulele-lessons-from-age-8-to-88/,"Audition Preparation, Guitar, Music Theory, Music, Drama & Performance, Oboe, Piano, Recorder, Ukulele, Wind & Brass",Cork,Private Address,Private Address,Private Address,Private Address,Private Address,Private Address,Private Address,0833490832,mglfabre@gmail.com,,,,,"Experienced teacher (ask away!) for: * Oboe (all levels) * Recorder (beginner/intermediate) * Piano (beginner) * Ukulele (beginner/intermediate). Based in Cork City Centre, near the Cork School of Music where I work and study. I teach from my home with a holistic approach for children and adults. I focus on developing a healthy and joyful relationship with music learning. I am happy to answer any question in person or over the phone. Talk soon!",https://dostuff.ie/wp-content/uploads/2025/09/599846_345053575603676_965532118_n.jpg,2025-09-13T16:31:10
5443,One to One Sewing Classes,https://dostuff.ie/providerpages/one-to-one-sewing-classes/,"Adult Learning, DIY, Life Skills, Art & Craft (Online), Sewing & Dressmaking",Wexford,County Wexford,,6 Woodbury,Y25 NY59,,52.67502060394895,-6.307050746228291,0830440834,jenmdn@gmail.com,https://allsewnup.ie,https://facebook.com/allsewnupgorey,https://instagram.com/allsewnupgorey,,"Sewing Classes both in person or Online All levels available, or customised the Cpurser BEGINNERS SEWING COURSE for Absolute Beginners or Rusty Sewists Learn all about the sewing machine, how it works and setting it up and getting comfortable using it. INTERMEDIATE SEWING COURSE For those who have the basics Learn about measuring the body, reading and Understanding a Dressmaking Pattern. Work through a sewing pattern whilst being coached along the entire process ADVANCED COURSE For those who have the basics Learn Practical Alterations techniques such as Hemming, Zip Replacement, Resizing and Upcycling techniques and project",https://dostuff.ie/wp-content/uploads/2026/01/1000017376.png,2026-01-13T06:50:02
6392,Online Piano & Guitar Lessons for Adults and Children – Music Lessons Ireland,https://dostuff.ie/providerpages/online-piano-and-guitar-lessons-for-adults-and-children-music-lessons/,"Guitar, Live Online Classes, Music Lessons (Online), Music Theory, Piano","Online,Antrim,Armagh,Carlow,Cavan,Clare,Cork,Derry,Donegal,Down,Dublin,Fermanagh,Galway,Kerry,Kildare,Kilkenny,Laois,Leitrim,Limerick,Longford,Louth,Mayo,Meath,Monaghan,Offaly,Roscommon,Sligo,Tipperary,Tyrone,Waterford,Westmeath,Wexford,Wicklow",Private Address,Private Address,Private Address,Private Address,Private Address,Private Address,Private Address,353858722279,musiclessonsireland1@gmail.com,,,https://instagram.com/musiclessonsireland,,"Learn Piano or Guitar from Home with a Professional Musician Music Lessons Ireland offers fun, engaging 1-to-1 online music lessons for adults and children across Ireland . All lessons are taught live over Zoom by a professional performing musician with over 10 years of teaching experience in Irish primary schools and private tuition. Lessons are tailored to each student’s interests — whether that’s learning songs, improving confidence, building creativity, or developing a strong musical foundation. 🎹 Piano Lessons 🎸 Guitar Lessons 🎵 Beginner Musicianship 🎧 Online from anywhere in Ireland No grades or exams are required — students learn through songs, games, creativity and practical skills that make music enjoyable from the very first lesson. Lessons are suitable for: • Complete beginners • Children aged 7+ • Teenagers • Adults returning to music • Homeschool students • Students looking for a creative outlet All you need is: ✔ An instrument ✔ A device with Zoom ✔ Internet connection A free trial lesson is available for new students. Message Jack directly to check availability or ask any questions.",https://dostuff.ie/wp-content/uploads/2026/04/IMG_1576.jpeg,2026-02-23T10:15:22
2922,Orchestra For Adults in Cork,https://dostuff.ie/providerpages/orchestra-for-adults-in-cork/,"Bass, Cello, Choirs & Ensembles, Community Music, Music, Drama & Performance, Orchestra, Viola, Violin",Cork,County Cork,Cork,"Garryduff Sports Centre, Rochestown",T12 ER22,Ireland,51.868778,-8.398375099999999,,info@jointheorchestra.ie,https://jointheorchestra.ie,,,,"Join the Orchestra! No audition, just complete the Application Form Whether you are an experienced player looking for an opportunity for regular music making or if you have played before and would like to get back to playing, this is for you. The orchestra meets weekly in Douglas to play music from every genre including Baroque, Classical, Film, Traditional and POP. Violin, viola, cello and bass players of grade 6 and above, or with equivalent experience, will be comfortable with the pace.",https://dostuff.ie/wp-content/uploads/2025/09/IMG_0866.jpeg,2025-09-09T23:47:43
8022,Outdoor adventure camps,https://dostuff.ie/providerpages/outdoor-adventure-camps/,"Camps & Afterschool, Easter Camps, Foraging, Halloween Camps, Nature & Outdoor Camps, Nature, Outdoors & Group Meet-Ups, Summer Camps, Teen Camps",Cork,County Cork,carrigaline,Ballinrea,P43 AK60,Ireland,51.834817,-8.3957456,0879197790,info@stonewallgardens.ie,https://www.stonewallgardens.ie,,https://www.instagram.com/stonewall.gardens?igsh=eTN1dnp6cnh2Mmlo&utm_source=qr,,"We run 3 day outdoor adventure camps every school holiday. These camps are for all ages and abilities, from ages 6-100. Foraging, survival skills, shelter building, teamwork, critical thinking skills and communication skills. Disconnect from the virtual world and reconnect with the real one. Create, learn, develop.",https://dostuff.ie/wp-content/uploads/2026/05/IMG_9571.png,2026-05-18T19:54:44
7844,Over 60s fitness specialist and wellness coach,https://dostuff.ie/providerpages/over-69s-fitness-specialist-and-wellness-coach/,"Fitness & Sports, Wellness Retreats",Cork,County Cork,,,P85Y022,,51.705042897491,-8.5358957558187,0894058836,lorna@feelgoodhealthandfitness.ie,https://feelgoodhealthandfitness.ie/,,https://instagram.com/feelgoodhealthandwellness,,"If you are over 60 and looking for fitness classes to improve your mobility, strength and balance you can attend one of my classes in : Kinsale Bandon Courtmacsherry Lisavaird Gaggin Rosscarbery I also host Active Agers wellness events. These are really special and worth attending. I organise these fully but am also open to creating bespoke events for a private group",https://dostuff.ie/wp-content/uploads/2026/05/1000073452.jpg,2026-05-09T20:30:30
8058,Over The Reinbow Therapeutic Riding,https://dostuff.ie/providerpages/over-the-reinbow-therapeutic-riding/,"Intellectual Disability Inclusion with Supports, Intellectual Disability Supported Inclusion, Physical Disability Inclusion with Supports",Cork,County Cork,Killeagh,,,Ireland,51.9424888,-7.9920158,,overthereinbowtr@gmail.com,,https://www.facebook.com/share/18rtqWD4vJ/?mibextid=wwXIfr,https://www.instagram.com/over.thereinbowtr?igsh=cWR6a2hsZmh5cnV5&utm_source=qr,,"Individualised Therapeutic Riding Sessions for children and young teenagers Equine-Assisted Activities (Horsemanship) Sessions are also available either 1:1 or in small groups Learn how to look after horses by doing daily tasks like grooming, mucking out stables, feeding the horses, exercising horses in-hand along our sensory trail while doing fun activities and games",https://dostuff.ie/wp-content/uploads/2026/05/B7DB6CC8-AD8D-4C4A-9650-8588ED7702BF.png,2026-05-21T19:57:04
7285,Painting and Drawing Classes,https://dostuff.ie/providerpages/painting-and-drawing-classes/,"Art & Craft (Online), Art, Craft & Making, Arts & Crafts Camps, Glass Art & Stained Glass, Painting",Wexford,County Wexford,Kerlogue,"Wexford Enterprise Centre, Strandfield Business Park, Rosslare Rd",Y35 VP65,Ireland,52.3138893,-6.4550598,0871371756,hmclarts@hotmail.com,https://www.artclasseswexford.com,,https://www.instagram.com/artclass_wexford,https://ie.linkedin.com/in/mcleanfinearts,Classes run for 9 week terms in my art studio during the year. The terms start in September and end mid June . during the summer I run summer programme's in painting and drawing techniques. I facilitate mosaic courses on weekends and for 9 wk terms . The weekend courses are for one day and 2 day workshops. The courses are suitable for different ability levels from beginners to more advanced. details @ www.artclasseswexford.com,https://dostuff.ie/wp-content/uploads/2026/04/IMG_0996.jpeg,2026-04-08T15:36:09
7691,Palabritas – Spanish Through Play for Toddlers & Children,https://dostuff.ie/providerpages/spanish-through-play-for-toddlers-children-18-months-10-years-palabritas/,"Afterschool Clubs, Kids Craft Workshops, Languages, Parent & Toddler Groups, Spanish",Dublin,Private Address,Private Address,Private Address,Private Address,Private Address,Private Address,Private Address,0899548503,anakeniag@gmail.com,,https://www.facebook.com/profile.php?id=61576585284256,https://www.instagram.com/palabritas.ie/,https://www.linkedin.com/in/ana-kenia-rivas/,"Fun, immersive Spanish sessions where toddlers and children ((18 months – 10 years) learn naturally through play, music and storytelling. No Spanish needed. 💛 What we do At Palabritas, children learn Spanish in a natural and playful way , just like they learn their first language. Our sessions are designed for: families who want to introduce Spanish from an early age parents raising multilingual children families where Spanish is already present at home and want a space to practise and strengthen it Spanish is the second most spoken language in the world , and learning it early opens the door to communication, culture and connection. All sessions are led by a native Spanish speaker, qualified in Early Childhood Education, with extensive experience in second language acquisition . Through play, children: build confidence in communication develop listening and understanding skills connect with language through real-life experiences explore culture in a fun and meaningful way Our classes 🟡 Spanish Play for Toddlers (18 months – 3 years) A gentle introduction to Spanish through play, with a parent or carer. Music and movement Sensory play Repetition and routines Parent-child bonding 🟢 Spanish Explorers Club (4 – 6 years) Independent sessions where children begin to communicate naturally in Spanish. Interactive storytelling Games and role play Vocabulary through action Creative activities 🔵 Spanish Power Club (7 – 10 years) A deeper immersion where children build confidence using Spanish naturally. Speaking through play Creative projects Cultural themes Group interaction Locations 📍 Maynooth (Maynooth Community Space) 📍 Leixlip (Leixlip Youth Community and Family resource Centre) 📍 Lucan (Adamstown Community Centre) 🌍 Why families love Palabritas Native, qualified and experienced educator No previous Spanish needed Small group sizes for a personalised experience Play-based, pressure-free learning Focus on confidence and communication Inclusive and welcoming environment Follow us for updates and new groups: 📲 Instagram : @palabritas.ie Children don’t just learn Spanish They experience it through play, connection and culture",https://dostuff.ie/wp-content/uploads/2026/05/PALABRITAS-BRANDING-_Mesa-de-trabajo-1-copia.png,2026-05-03T13:36:30
5904,Parent First Aid Classes – Nationwide,https://dostuff.ie/providerpages/parent-first-aid-classes-nationwide/,"Antenatal & Postnatal, Baby & Early Learning, CPR, First Aid, Health and Safety, New Parent Workshops","Online,Antrim,Armagh,Carlow,Cavan,Clare,Cork,Derry,Donegal,Down,Dublin,Fermanagh,Galway,Kerry,Kildare,Kilkenny,Laois,Leitrim,Limerick,Longford,Louth,Mayo,Meath,Monaghan,Offaly,Roscommon,Sligo,Tipperary,Tyrone,Waterford,Westmeath,Wexford,Wicklow",Ireland,Ireland,,,Ireland,53.19800676883208,-6.316761368749996,087 245 3387,peter@parentfirstaid.ie,https://www.parentfirstaid.ie,https://www.facebook.com/parentfirstaidireland,https://www.instagram.com/parentfirstaid/,https://www.linkedin.com/in/peterfinnegan/,"Parent First Aid is Ireland's leading provider of paediatric first aid training for parents and childminders. Parent First Aid was established to offer essential medical emergency instruction at a local level and at times that suit busy family lives. All courses are delivered by vetted, fully qualified and experienced trainers.",https://dostuff.ie/wp-content/uploads/2026/01/fb-ad-dec-2025.png,2026-01-29T16:10:49
9555,Parent and Child Build Afternoon,https://dostuff.ie/providerpages/parent-and-child-build-afternoon/,"Art, Craft & Making, Kids Craft Workshops, Science & STEM Camps",Wicklow,County Wicklow,Greystones,Creowen,A63 D276,Ireland,53.0995278,-6.069963700000001,0870512626,info.wicklow@youngengineers.ie,https://wicklowcounty.youngengineers.ie/ye_product/thursday-parent-and-child-build-5pm-to-7pm-9th-july-2026/,,https://www.instagram.com/youngengineerswicklowcounty/,,"🧱✨ Build Memories Together! ✨🧱 Looking for a fun way to spend quality time with your child? Join us for our Parent & Child Build Night – an exciting evening of creativity, teamwork, and Bricks engineering challenges! Together, you'll: 🧩 Build amazing creations 🤝 Strengthen teamwork and problem-solving skills 💙 Create lasting memories 🎉 Have lots of fun along the way! 📅 Thursday, 14th August 🕔 5:30 PM – 6:30 PM 💶 €30 per family Spaces are limited, so be sure to book early and don't miss this fantastic family experience!",https://dostuff.ie/wp-content/uploads/2026/07/Copy-of-Bricks-Challenge_Program_Brochure_for_Parents_and_Children_Can021-6.png,2026-07-13T19:27:03
3235,Parents & Children Yoga Classes in West Cork,https://dostuff.ie/providerpages/parents-children-yoga-classes-in-west-cork/,"Kids & Family Yoga, Meditation, Mobility & Stretching, Parent & Toddler Groups, Yoga, Pilates & Wellbeing",Cork,County Cork,Ballineen,Derrigra,,Ireland,51.735556,-8.948611000000001,,info@memami.ie,https://memami.ie/,https://www.facebook.com/memami.ie/,https://www.instagram.com/memami_ie/,,"MeMamí is a new yoga collective in West Cork, where generations learn and grow together through a shared yoga practice. Our family-friendly yoga classes are designed for parents and grandparents who want to stay fit, stretch and relax on a mat while having their little ones by their side. Get ready for a fun-filled yoga experience with your little ones! Let's move, stretch, and connect together as a family, it’s just what you need to lighten up your busy week!",https://dostuff.ie/wp-content/uploads/2025/09/Copy-of-MINI-Tirelton-Registration-Link-Flyer.jpg,2025-09-23T23:55:52
8248,Piano Lessons,https://dostuff.ie/providerpages/piano-lessons-dublin-and-online/,"JC Music Practical, LC Music Practical, Live Online Classes, Music Lessons (Online), Music Theory, Music, Drama & Performance, ONLINE Activities, Piano","Online,Antrim,Armagh,Carlow,Cavan,Clare,Cork,Derry,Donegal,Down,Dublin,Fermanagh,Galway,Kerry,Kildare,Kilkenny,Laois,Leitrim,Limerick,Longford,Louth,Mayo,Meath,Monaghan,Offaly,Roscommon,Sligo,Tipperary,Tyrone,Waterford,Westmeath,Wexford,Wicklow",County Dublin,Dublin,Harold's Cross,,Ireland,53.32403,-6.2797385,,mariagreenanmusic@yahoo.com,https://www.mariagreenanmusic.com/,,,,"Piano lessons for all ages and abilities in Harold’s Cross, Dublin. Lessons are tailored to each student’s goals and can include piano performance, music theory, Leaving Certificate Music preparation, and piano exam preparation. Beginners through to advanced students are welcome in a supportive and encouraging learning environment. I have experience working with students with additional needs and strive to make lessons accessible and enjoyable for every learner. If you have any questions about your specific requirements, please feel free to get in touch to discuss how lessons can be adapted to suit your needs. Qualifications: MMus, BMus, LRSM. Lessons are available in person in Harold’s Cross, with online lessons also available where suitable.",https://dostuff.ie/wp-content/uploads/2026/06/48981.png,2026-06-06T23:29:54
5440,Pilates Classes,https://dostuff.ie/providerpages/pilates-classes/,Pilates Mat,Dublin,County Dublin,Dublin 3,Clontarf Rd,,Ireland,53.3601595,-6.2024344,0862339325,lianagrozgale@outlook.com,https://linktr.ee/_LivePilates_?utm_source=linktree_profile_share&ltsid=212e4b8d-ee95-4466-94e4-79c6f8676777,,https://www.instagram.com/_livepilates_?igsh=MTl4eXZ4NmVneDR2YQ%3D%3D&utm_source=qr,,Wednesdays 6:30pm Beginners 7:30pm Mixed levels Fridays 8:00am Strength &tone 9:15am Beginners not suitable for pregnancy and over 65.,https://dostuff.ie/wp-content/uploads/2026/01/CA4A1898-7233-4E6F-A097-778F56BF6269.jpeg,2026-01-12T19:28:38
5961,"Pilates in Newcastle, Co. Dublin",https://dostuff.ie/providerpages/pilates-classes-2/,"Injury Rehab & Mobility, Meditation, Pilates Mat, Stress Management, Wellness Retreats, Yoga, Pilates & Wellbeing",Dublin,County Dublin,Newcastle,"St. Finian's National School, Newcastle South",,Ireland,53.2983075,-6.5005646,0868123475,Sfarrell83@gmail.com,,,https://www.instagram.com/stephpilatesstudio,,"✨ February Pilates: Sculpt & Strengthen ✨ Pilates to lengthen, tone, and sculpt your whole body with mindful, flowing movement. When: Tuesdays & Thursdays • 7PM 📍 St Finian’s School, Newcastle Starting: 24th / 26th Feb Investment per block - €75 — 6 classes €120 — 12 classes All levels welcome 🌿 Feel sculpted, strong, and energised. Message me on 0868123475 Steph 🫶💫",https://dostuff.ie/wp-content/uploads/2026/01/IMG_0707.jpeg,2026-01-31T15:26:52
7308,Pilates with Kathleen,https://dostuff.ie/providerpages/pilates-with-kathleen/,"Pilates Mat, Yoga, Pilates & Wellbeing",Cork,County Cork,,,,,,,083 869 4300,movementwithkathleen@gmail.com,https://www.pilateswithkathleen.ie,https://www.facebook.com/pilateswithkathleen,https://www.instagram.com/pilates.with.kathleen,,,https://dostuff.ie/wp-content/uploads/2026/04/Pilates-Business-Card-2.png,2026-04-09T13:56:08
7628,Pottery Classes in Drogheda with Gatothorceramica,https://dostuff.ie/providerpages/pottery-classes-in-drogheda-with-gatothorceramica/,"Adult Art, Craft and Making",Louth,County Louth,Drogheda,Lagavooren,A92 WF6K,Ireland,53.7124552,-6.3480535,0833995540,studio.gatothorceramica@gmail.com,https://www.studiogatothorceramica.com/,https://www.google.com/url?sa=t&source=web&rct=j&opi=89978449&url=https://www.facebook.com/gatothorceramica,https://www.google.com/url?sa=t&source=web&rct=j&opi=89978449&url=https://www.instagram.com/studio.gatothor_pottery/,,5 week pottery course Pottery wheel classes Sculpture classes Glazing classes Experience one day classes Special events for birthday and anniversaries Kids pottery classes Hen parties Clay events Shed group workshops We accept commissions too,https://dostuff.ie/wp-content/uploads/2026/04/1000003382.jpg,2026-04-29T09:33:56
9339,Preschool Yoga Ballinlough,https://dostuff.ie/providerpages/preschool-yoga-ballinlough/,"Kids & Family Yoga, Yoga, Pilates & Wellbeing",Cork,County Cork,Ballinlough,Ballinlough Youth Hall,T12 ET7E,,,,085 121 4467,mightykidsyoga1@gmail.com,,https://www.facebook.com/mightykidsyoga,https://instagram.com/mightykidsyoga/,,"Day & Time: Tuesdays 2.30-3pm This thirty minute fun and imaginative yoga class caters for children aged 3-5 years. The sessions combine age-appropriate yoga postures, breathing and relaxation techniques with imaginative and creative stories. In addition to mindfulness activities, yoga games and dance to provide a fully inclusive and non-competitive complete form of exercise. The yoga stories are age appropriate and themed-jungle adventures, farm adventures, missions to the moon, ocean dives and explore common issues kids experience such as managing frustration, friendships, healthy eating and separation anxiety through the fun characters we meet. The secret ""ingredient"" is playfulness, keeping your child motivated, excited and moving. These classes also work on children’s emotional intelligence, provide coping tools and enhance social skills.",https://dostuff.ie/wp-content/uploads/2026/07/image-1.jpeg,2026-07-08T21:17:27
6114,Professional Music Lessons in Ennis & Online,https://dostuff.ie/providerpages/professional-music-lessons-in-ennis-online/,"Cello, Guitar, Keyboard, Music, Music & Drama Camps, Music & Movement for Tots, Music Lessons (Online), Music School, Music Theory, Music, Drama & Performance, Ukulele, Viola, Violin","Online,Antrim,Armagh,Carlow,Cavan,Clare,Cork,Derry,Donegal,Down,Dublin,Fermanagh,Galway,Kerry,Kildare,Kilkenny,Laois,Leitrim,Limerick,Longford,Louth,Mayo,Meath,Monaghan,Offaly,Roscommon,Sligo,Tipperary,Tyrone,Waterford,Westmeath,Wexford,Wicklow",County Clare,Ennis,,,,,,+353 894117150,keilagandraeng@gmail.com,,,,,"Professional Music Lessons in Ennis & Online Guitar | Ukulele | Piano/Keyboard | Violin | Cello Beginner to Intermediate | All Ages | 14+ Years Experience I provide structured, enjoyable one-on-one lessons tailored to your goals. Learn songs you love while building strong technique. Two Convenient Options: 📍 In-Home Tuition – I come to you in Ennis. 🌐 Online Lessons – High-quality, flexible learning. What I Offer: ✓ Patient, expert guidance for all ages ✓ Personalized lesson plans ✓ Flexible scheduling Ready to start? Contact me today to book your first lesson. 📧 Email: keilagandraeng@gmail.com 📱 Phone: 089 4117150",https://dostuff.ie/wp-content/uploads/2026/02/WhatsApp-Image-2026-02-09-at-14.58.14.jpeg,2026-02-09T15:03:59
7799,Rebel Craft Club,https://dostuff.ie/providerpages/rebel-craft-club/,"Adult Art, Craft and Making, Art, Craft & Making, Social & Meetup Groups",Dublin,County Dublin,Dublin,South Dublin & Wicklow,,Ireland,53.2852938,-6.1480918,,rebelcraftclub@gmail.com,,,https://www.instagram.com/rebel_craft_club/,,"Rebel Craft Club We organise social craft sessions throughout the year to help you re-discover your inner artist. Rebel Craft Club is about making space for adults to create, connect, and not take it too seriously. Come for the craft, stay for the chat. This is right place for you if.... You never liked colouring inside the lines You start 10 projects at a time and only finish 1 You think you are not creative Or you simply want to connect with other people in your community Zero experience needed. These are beginner-friendly social craft sessions - the whole point is to have fun with it.",https://dostuff.ie/wp-content/uploads/2026/05/Copy-of-Eventbrite_Cover.png,2026-05-07T07:57:01
3058,Recreational sports leagues for adults,https://dostuff.ie/providerpages/recreational-sports-leagues-for-adults/,"Badmington, Fitness & Sports, Pickleball, Team Sports (Soccer/GAA/Rugby)","Dublin,Kildare",County Kildare,"Leixlip, Maynooth, Celbridge, Lucan",,,,53.362959766990976,-6.488416661589149,,info@hivesportandsocial.ie,https://www.hivesportandsocial.ie/,https://www.facebook.com/profile.php?id=61564291349753,https://www.instagram.com/hivesportandsocial/,,"Take back your evenings! Hive runs recreational sports leagues for us busy adults who want to keep active, have a laugh and meet some cool people. All while keeping it casual. We make it easy for you to play. Equipment is provided and it's simple to join - on your own or together with friends. This is what you're looking for.",https://dostuff.ie/wp-content/uploads/2025/09/Pickleball-13.jpeg,2025-09-11T20:59:14
7405,Rest and Restore Midweek Sound Bath,https://dostuff.ie/providerpages/rest-and-restore-midweek-sound-bath/,"Meditation, Mindfulness, Sound Baths, Yoga, Pilates & Wellbeing",Dublin,County Dublin,Dublin 9,"Our Lady of Dolours, Botanic Rd",D09 K5R6,Ireland,53.3728239,-6.267987600000001,0894928822,thegroundedascent@gmail.com,https://www.thegroundedascent.com,,https://www.instagram.com/thegroundedascent,,"Join Emily for an immersive journey of sound therapy and meditation, created to nurture peace, presence, and renewal. Sound therapy is an ancient healing practice, rooted in traditions that span thousands of years and cultures. From Tibetan singing bowls in the Himalayas to the use of gongs, drums, and chimes across Indigenous traditions worldwide, sound has long been recognised as a powerful tool for restoration and transformation. Modern research supports what these traditions have known—vibrational sound can calm the nervous system, reduce stress, and bring the body and mind into harmony. This midweek reset is intended to help you release and relax your nervous system, your body and your mind, in deep rest. In this session, Tibetan and crystal singing bowls, gentle chimes, and the resonance of voice weave a deeply calming soundscape. The vibrations work not only through the ears but through the whole body, encouraging deep rest, release, and reflection. This experience is an invitation to pause, soften, and reconnect with your inner stillness. Whether you are seeking clarity, grounding, or simple relaxation, this session offers a sacred space to realign and recharge. Please wear comfortable clothes and bring your own mat, blankets and anything that will help you feel comfortable and cosy. Please note this is not suitable for those who have a pacemaker.",https://dostuff.ie/wp-content/uploads/2026/04/DoStuff-Evening-Sound-Bath-in-Glasnevin-1920-x-1280-px.png,2026-04-15T17:01:40
8303,Ríoga School of Speech & Drama,https://dostuff.ie/providerpages/rioga-school-of-speech-drama/,"Adult Beginners, Music & Drama Camps, Music, Drama & Performance, Older Adults, Public Speaking & Presentation","Roscommon,Sligo",County Roscommon,Roscommon,,,,53.78499646546362,-8.156604055345877,0852437999,Riogassd@outlook.com,https://www.findglocal.com/IE/Sligo/324935304026050/R%C3%ADoga-School-of-Speech-%26-Drama,https://www.facebook.com/people/R%C3%ADoga-School-of-Speech-Drama/61558588151232/#,https://www.instagram.com/rioga_speechanddrama/,,"Ríoga School of Speech and Drama run by Qualified Speech & Drama Teacher- Méadhbh Murtagh. Based in Sligo and Roscommon. Youth Excellence : In-person and online classes for children, specializing in Feis preparation. Proud mentor to All-Ireland Feis finalists and winners. Accredited Success: Official grade examinations offered through the Leinster School of Music and Drama (LSMD). Academic Edge: Comprehensive Leaving Certificate courses in Drama, Theatre, and Film Studies. Community Connection: ' Sip & Scene ': Our signature social drama meet-up for adults. ' Stages We Share ': A Creative Ireland Programme dedicated to wellbeing and cultural participation for older adults. Staged Productions: From rehearsal to performance, performers gain hands-on experience in fully staged productions. Feel free to contact me with any questions!",https://dostuff.ie/wp-content/uploads/2026/06/OIP-1.webp,2026-06-10T09:36:27
3220,SINGING CLASSES,https://dostuff.ie/providerpages/singing-classes/,"Music Theory, Music, Drama & Performance, Singing & Vocal Coaching, Song Writing",Cork,Private Address,Private Address,Private Address,Private Address,Private Address,Private Address,Private Address,,chiarastella.singingforall@gmail.com,https://chiarastellamusic.com/,,https://www.instagram.com/chiarastella_music/,,"Singer, songwriter and Estill Master Trainer with twenty five years of experience offers group and private classes to every level, absolute beginners to professionals. Available online or in my home studio in the Lough area, Cork city. I believe in Joe Estill's principle ""Everyone has a beautiful voice. You just have to learn how to use it!"" Embrace the wonderful self discovering journey through the colors of singing and speaking! Open to any level, from absolute beginner to advanced students and professionals. Practical and effective solutions to empower the voice and customized paths to expand creativity. Subjects available -Singing - Voice training for speakers - Estill Voice Training - Songwriting - Producing with Ableton Live and voice recording Prices 1 hour class: 40 € 45 min class: 35 € 30 min class: 25 € Packages 4 classes of 1 hour, 160 150 € 4 classes of 45 minutes, 140 130€ 4 classes of 30 minutes, 100 90€ Additional Information The prices refer to one to one classes. For group classes please enquire by email. To book a class or for more info please send an email to chiarastella.singingforall@gmail.com",https://dostuff.ie/wp-content/uploads/2025/09/Chiarastella-2-mg.jpg,2025-09-23T11:14:40
7966,SJ Equine Coaching,https://dostuff.ie/providerpages/sjequinecoaching/,Intellectual Disability Supported Inclusion,Clare,County Clare,Broadford,Broadford Road Kilmore,V94 T2HF,Ireland,52.7568953,-8.591481,0872668080,sjequimotionalcoach@gmail.com,https://sjequinecoaching.ie/,https://www.facebook.com/share/1bav53Edm7/,https://www.instagram.com/sj_equimotional_coach?igsh=MTVicjJldjF2bWJhcg==,,"We offer Therapeutic Riding, Equine-Assisted Learning/Activities. It serves individuals with a wide range of needs, including Autism, Down syndrome,, Adhd, Speech and Language Difficulties and those seeking emotional support. We also have Social Club once a month, Pony Camps throughout the year.",https://dostuff.ie/wp-content/uploads/2026/07/B2EA6C2F-6AB2-4022-BF2F-D287C4F243FE.jpg,2026-05-15T21:20:51
9961,SPEECH & DRAMA CLASSES,https://dostuff.ie/providerpages/speech-drama-classes/,"Acting & Drama, Music, Drama & Performance, Public Speaking & Presentation, Speech & Drama",Mayo,County Mayo,,,,,51.705042897491,-8.5358957558187,0876332169,june@mayoperformance.ie,https://www.mayoperformance.ie,https://www.facebook.com/mayo%20performance%20academy%20-%20school%20of%20speech%20&%20drama,https://www.instagram.com/june_mayoperformance,,Mayo Performance Academy - School of Speech & Drama offer the following classes. Suitable for children & young people from age 5. 🎭Weekly Speech & Drama Class 🎭One to one Confidence Coaching 🎭SEL Programmes 🎭Drama for Wellbeing Programmes,https://dostuff.ie/wp-content/uploads/2026/07/inbound3390246312916790919.png,2026-07-29T16:25:45
7978,Sensory & Messy Play with Playful Tribe,https://dostuff.ie/providerpages/sensory-messy-play/,"Dads & Babies, Messy Play, Montessori & Play‑Based Learning, Parent & Toddler Groups, Sensory Classes",Meath,County Meath,Julianstown,Parish Room of St.Mary’s Church of Ireland,A92 VR02,Ireland,53.6747692,-6.2794473,,contact.playfultribe@gmail.com,https://bookwhen.com/playfultribe,,https://www.instagram.com/playfultribe,,"Playful Tribe Sensory and Messy Play Sessions are child-led, and free-flow. There’s no rigid routine, children are free to explore, create, and play in their own way. Each week we introduce a different theme, bringing new learning opportunities, textures, toys, and resources to explore. The room is thoughtfully set up with individual play stations, spaced out to give children room to move and choose what interests them most. Your child might squish scented dough, pour colourful water, dig in sensory bins, paint with unusual tools, build small-world scenes, or investigate natural materials. Through open-ended play, children develop important skills from fine and gross motor skills to problem-solving, creativity, and language development, all while having fun. Parents can enjoy a relaxed, welcoming environment and plenty of special moments to share. Ages: 6 months – 5 years Siblings under 10 months come along for free. Friday & Saturday Venue: Parish Room of St. Mary’s Church of Ireland, Laytown Road, Julianstown, A92 VR02",https://dostuff.ie/wp-content/uploads/2026/05/IMG_0043.jpeg,2026-05-16T14:39:35
9060,Siamsa Tíre Theatre and Arts Centre,https://dostuff.ie/providerpages/siamsa-tire-theatre-and-arts-centre/,"Art, Craft & Making, Music & Drama Camps, Music, Drama & Performance, Musical Theatre",Kerry,County Kerry,Tralee,"Siamsa Tíre - Theatre & Arts Centre, Town Park",V92XW44,Ireland,52.2666168,-9.7083368,066 7123055,boxoffice@siamsatire.com,https://siamsatire.com/,https://www.facebook.com/SiamsaTire,https://www.instagram.com/siamsa_tire/,,"Welcome to Siamsa Tíre, one of Ireland’s busiest and most vibrant theatre and arts centres. We provide a diverse and inclusive range of live family entertainment and performances, arts workshops and visual art exhibitions from our beautiful centre in Tralee, Co Kerry",https://dostuff.ie/wp-content/uploads/2026/06/Untitled-design-1.jpg,2026-06-30T18:28:59
3070,Singing & Guitar Lessons,https://dostuff.ie/providerpages/singing-guitar-lessons/,"Audition Preparation, Guitar, Junior Cycle (General), Leaving Cert (General), Music, Music Theory, Singing & Vocal Coaching",Cork,County Cork,Cork,"Unit J3, Marina Commercial Park",,Ireland,51.8988577,-8.4486064,087 268 1100,caoimhemusicmad@gmail.com,https://www.musicmad.info/,https://facebook.com/musicmadcork,https://instagram.com/musicmadcork,,"🎶 Music Mad – Singing & Guitar Lessons in Cork 🎶 At Music Mad, we believe music should be fun, creative, and confidence-building. Whether you’re preparing for exams, polishing your performance skills, or just starting your musical journey, we provide supportive and professional lessons tailored to you. ✨ What We Offer: Singing lessons (all ages & levels) Guitar lessons (acoustic & electric) Exam preparation (Junior/Leaving Cert, RIAM, etc.) Fun, relaxed classes to build confidence and technique 📍 Locations: Marina Commercial Park, Cork City (next to the Marina Market) SuperValu Glanmire (convenient, free parking available) 💶 Rates: From €30 per lesson. Term packages available. 🎤 Whether you’re a beginner or advanced, child or adult – we’ll help you grow your skills while enjoying the music you love. 📞 Get in touch today: Email: caoimhemusicmad@gmail.com Phone/WhatsApp: 087 268 1100",https://dostuff.ie/wp-content/uploads/2025/09/Untitled-design.png,2025-09-11T19:47:39
7824,Small Group Tuition Classes,https://dostuff.ie/providerpages/small-group-tuition-classes/,"Camps & Afterschool, Kids Art Club, Maths, Multi‑Activity Camps, New Parent Workshops, Sensory Classes, Social & Meetup Groups, Storytime & Early Literacy",Dublin,County Dublin,Dublin,Blanchardstown,D15 H3N0,Ireland,53.3839704,-6.377579,0899428386 (whatsapp only),guidedgrowthltd@gmail.com,https://guided-growthacademy.com,https://www.facebook.com/profile.php?id=61572294260948,https://www.instagram.com/guidedgrowthacademy6/?hl=en%20,,"Hi! We are Guided Growth Academy! We are a small Irish-owned tuition business run by qualified primary school teachers. We cater for children of all primary school aged from 5 yrs all the way to 12yrs ranging from a variety of backgrounds and those children with additional needs. Here is a list of some of the services we provide: Social Skills Class: supporting children with confidence building, friendship skills, emotional regulation and teamwork. Easter/Summer Camps: combining fun academic learning with arts & crafts and outdoor activities. Events: we run events for both children and their parents for fun and learning together.",https://dostuff.ie/wp-content/uploads/2026/05/Hansfield-ETNS-2.png,2026-05-07T21:42:02
7039,Soccer Stars,https://dostuff.ie/providerpages/soccer-stars/,"Fitness & Sports, Parent & Toddler Groups, Sports Camps","Kilkenny,Waterford,Wexford,Wicklow",,,,,,,,0834335518,southeast@soccerstars.ie,https://www.soccerstars.ie,https://www.facebook.com/share/1Arpf3rUsK/?mibextid=wwXIfr,https://instagram.com/soccerstarssoutheast,,"Football lessons for Toddlers from 1.5 to 5.11years old. Co.Wexford, Co.Wicklow, Co.Waterford, Co. Kilkenny",https://dostuff.ie/wp-content/uploads/2026/03/IMG_7472-2.jpeg,2026-03-28T15:44:20
6341,Sound Bath with Emily,https://dostuff.ie/providerpages/sound-bath-with-emily/,"Sound Baths, Yoga, Pilates & Wellbeing",Dublin,County Dublin,Dublin 7,"yogahub Phibsborough, 382 N Circular Rd",D07 YFT5,Ireland,53.3603693,-6.2707831,0894928822,thegroundedascent@gmail.com,https://clients.mindbodyonline.com/classic/ws?studioid=28868&stype=-8&sTG=23&sVT=8&sView=day&sLoc=4&sTrn=100000799,,https://www.instagram.com/thegroundedascent/,,"Join Emily for an immersive 75-minute journey of sound therapy and meditation, created to nurture peace, presence, and renewal. Sound therapy is an ancient healing practice, rooted in traditions that span thousands of years and cultures. From Tibetan singing bowls in the Himalayas to the use of gongs, drums, and chimes across Indigenous traditions worldwide, sound has long been recognised as a powerful tool for restoration and transformation. Modern research supports what these traditions have known—vibrational sound can calm the nervous system, reduce stress, and bring the body and mind into harmony. In this session, Tibetan and crystal singing bowls, gentle chimes, and the resonance of voice weave a deeply calming soundscape. The vibrations work not only through the ears but through the whole body, encouraging deep rest, release, and reflection. This experience is an invitation to pause, soften, and reconnect with your inner stillness. Whether you are seeking clarity, grounding, or simple relaxation, this session offers a sacred space to realign and recharge.",https://dostuff.ie/wp-content/uploads/2026/04/GAIA-SOUND-BATH-1.jpg,2026-02-18T18:31:16
5901,St Lukes Pilates,https://dostuff.ie/providerpages/st-lukes-pilates/,Pilates Mat,Cork,County Cork,The Glen,"Glen Resource and Sports Centre, Glen Ave",,Ireland,51.9126995,-8.4576157,086 267 4196,bendygirlpilates@gmail.com,,,https://www.instagram.com/bendygirlpilates,https://www.linkedin.com/in/suzanna-melinn-7198779b/,"Mat pilates every Wednesday at 18.30. Glen Resource centre in the Wellness cabin. Sculpt class blending classical and modern pilates, with a definite burn!",https://dostuff.ie/wp-content/uploads/2026/01/IMG-20251210-WA0008.jpg,2026-01-29T14:07:21
7226,Stay at home Irish Summer College,https://dostuff.ie/providerpages/stay-at-home-irish-summer-college/,"Irish, Irish Language & Culture, Languages, Multi‑Activity Camps, Summer Camps, Teen Camps",Dublin,County Dublin,Dublin,"IADT Carriglea building, Kill Ave",A96 K735,Ireland,53.2797738,-6.1535736,015137157,eolas@sarghael.ie,https://www.sarghael.ie,https://www.facebook.com/sarghaelbac,https://www.instagram.com/irishsummercollege,,"Looking for a fun way to boost your child’s Irish this summer? ☀️🇮🇪 SárGhael is a South Dublin–based Irish Summer College offering: 📍 Courses for 1st & 2nd years in IADT 📍 Courses for 3rd–6th class in Clonkeen College We focus on real Irish in action — helping students build confidence through speaking, sports, music, and making memories with friends. Show them that Irish isn’t just for the classroom — it’s a living, vibrant language! 👉 Find out more at SárGhael.ie",https://dostuff.ie/wp-content/uploads/2026/04/Screenshot_2026-04-04-10-49-06-36_965bbf4d18d205f782c6b8409c5773a4.jpg,2026-04-07T11:20:34
3192,Study Skills course (online),https://dostuff.ie/providerpages/study-skills-course-online/,"English, Grinds, Academic Support, Transition Year, Junior Cycle (General), Leaving Cert (General), Maths, ONLINE Activities, Phonics, Study Skills & Exam Prep","Online,Antrim,Armagh,Carlow,Cavan,Clare,Cork,Derry,Donegal,Down,Dublin,Fermanagh,Galway,Kerry,Kildare,Kilkenny,Laois,Leitrim,Limerick,Longford,Louth,Mayo,Meath,Monaghan,Offaly,Roscommon,Sligo,Tipperary,Tyrone,Waterford,Westmeath,Wexford,Wicklow",Private Address,Private Address,Private Address,Private Address,Private Address,Private Address,Private Address,0838550210,elaine@emeraldeducationcentrebundoran.com,https://Emeraldeducationcentrebundoran.com.com,https://www.facebook.com/EmeraldEducationBundoran/,https://www.instagram.com/emerald.education/,https://www.linkedin.com/in/elaine-lingard-emeralded/,"Are you (or your child) spending hours revising but not seeing the results you hoped for? Feeling overwhelmed, stuck, or just unsure how to start? This four-session course is designed to change that. Why This Course Works This isn’t just a list of study tips. This is a practical, proven system tailored to students facing the pressures of school exams, whether they are facing the JC or LC exams. Across four engaging sessions, we’ll walk through how to: Organise time effectively without stress Study smarter, not longer Remember key facts with strategies that actually work Tackle exams with calm and clarity Build the kind of confidence that leads to better results What You’ll Learn Each session focuses on simple, effective techniques that can be used immediately. You’ll discover: How to understand the way your brain learns best How to create revision plans you’ll actually stick to Powerful ways to take notes, recall information, and prepare for exams Techniques to manage stress, boost motivation, and avoid burnout You’ll also receive downloadable worksheets, templates, and personalised tools to help make your study time more effective and less frustrating. Enroll today to make a difference: https://3057.freshlearn.com/31331",https://dostuff.ie/wp-content/uploads/2025/09/thumbnail.jpg,2025-09-20T20:27:28
9551,Summer Program for 6-12 year olds,https://dostuff.ie/providerpages/summer-program-for-6-12-year-olds/,"Camps & Afterschool, Multi‑Activity Camps, Science & STEM Camps, Summer Camps",Wicklow,County Wicklow,greystones,Creowen,A63 D276,Ireland,53.0995278,-6.069963700000001,0870512626,info.wicklow@youngengineers.ie,,,https://www.instagram.com/youngengineerswicklowcounty/,,"🎉 Come check out the fun! Watch our campers building, creating, and having an amazing time at the Tech Hub Summer Camp. We can't wait to welcome you! ☀️🤖",https://dostuff.ie/wp-content/uploads/2026/07/EB942E8E-B3B3-43F2-9ED1-B48D2710E8F7.png,2026-07-13T17:40:47
8343,Summer Surf Camps,https://dostuff.ie/providerpages/summer-surf-camps/,"Sports Camps, Summer Camps, Surfing",Sligo,County Sligo,Enniscrone,Bridge St,,Ireland,54.20400930035162,-9.125345921917537,0879716389,info@surfsligo.com,http://www.surfsligo.com,https://www.facebook.com/share/1D31YR1cRe/,https://www.instagram.com/7thwavesurfschool,,"We offer a fun and thrill packed pack week of surfing. Each day’s two hour session will allow your children to gain confidence and skills in the water. Our Camps are more than just surf lessons. On the first day kids have a complete lesson on the beach and then into the water to catch their first waves. Over the rest of the week they will learn more about ocean safety and surfing. We will also work with them to catch lots of waves in the water and have loads of fun. And to finish out a great week we hold an award ceremony at the end. This recognises your child’s hard work and celebrates them becoming a surfer. We group participants in order of age and experience. On arrival for your surf camp in Enniscrone we will meet you and introduce you to your lovely surf instructors. They will be working with your child for the week. After completing a registration form, we will then choose a wetsuit and surfboard that suits your child best. We have winter and summer wetsuits which allows them to stay toasty warm during an Irish summer! On very cool days we can add hoods for extra warmth. Once you have your child’s wetsuit, we will explain how to put the wetsuit on. We will make sure that they are comfortable as this is the wetsuit they will have for the week. When everyone is dressed and ready the instructors will introduce themselves. Everyone gets a board and heads for the beach and the fun begins. Emphasis in our camps is on fun and safety. We pride ourselves on our child-friendly camps. We provide full supervision on land and in water. We have been running our surf camps in Enniscrone for the last 18 years and kids return to us year after year. If you would like to hear what they have to say check out our reviews on Trip Advisor.",https://dostuff.ie/wp-content/uploads/2026/06/G0726378-1.jpg,2026-06-13T12:08:02
7893,Summer grinds,https://dostuff.ie/providerpages/summer-grinds/,"English, Grinds, Academic Support, Transition Year, Irish, Live Online Classes, Maths, ONLINE Activities","Online,Antrim,Armagh,Carlow,Cavan,Clare,Cork,Derry,Donegal,Down,Dublin,Fermanagh,Galway,Kerry,Kildare,Kilkenny,Laois,Leitrim,Limerick,Longford,Louth,Mayo,Meath,Monaghan,Offaly,Roscommon,Sligo,Tipperary,Tyrone,Waterford,Westmeath,Wexford,Wicklow","Cork, Ireland",Cork,,,,51.87749528716317,-8.464315226336687,,hanna1mac@gmail.com,,,,,Fully qualified primary teacher! 8 years experience offering in-person and online grinds in cork to primary school children English/maths/Irish to give them a confidence boost over summer holidays.,https://dostuff.ie/wp-content/uploads/2026/07/F6D7DC20-4115-44E6-8A7B-29359EF1959F.png,2026-05-11T22:56:06
6881,Suzuki Violin and Fiddle Classes with Caitriona,https://dostuff.ie/providerpages/suzuki-violin-and-fiddle-classes-with-caitriona/,"Fiddle, Irish Language & Culture, Irish Traditional Music, Music, Music School, Music Theory, Music, Drama & Performance, Orchestra, Violin",Clare,County Clare,Ennis,Barntick,V95CPT9,Ireland,52.7982705,-8.9984393,0877735193,violinhelponline@gmail.com,https://www.facebook.com/suzukiviolinennis,https://www.facebook.com/suzukiviolinennis,https://www.instagram.com/suzukiviolinwithcaitriona/,,Violin/Fiddle Lessons for children (Age 4+) and adults in Ennis and Clarecastle Co. Clare Enrolling all year 🙂🎻 Instruments available to rent! Taster lessons available! Classical and traditional music taught! Qualified Primary School Teacher M.A. in Music Education Garda Vetted and member of the teaching council of Ireland! 087-7735193,https://dostuff.ie/wp-content/uploads/2026/03/488568490_1160537612727798_4858179447025627770_n.jpg,2026-03-16T13:24:55
6902,Taekwon-Do for Kids Ages 6-12,https://dostuff.ie/providerpages/taekwon-do-for-kids-ages-6-12/,"Fitness & Sports, Martial Arts",Dublin,County Dublin,Dublin,"St. Joseph's Primary School, Marino Park Ave",,Ireland,53.3648634,-6.2332586,0899703700,tolkatkd@gmail.com,,,,,"Kids Taekwon-Do based in St Josephs Primary School, Fairview, Dublin. Mondays & Wednesdays at 4:30-5:30. Great for building confidence, discipline & focus, physical fitness and making friends. Tolka TKD encourages a friendly environment where children can express themselves and join a great team. The lead instructor of the club is Lee Kavanagh (3rd Dan Blackbelt). Lee is also a primary school teacher and has represented Team Ireland at World and European Championships and has 17+ years experience. The club is a member of the Irish Taekwon-Do Association (ITA) which is the National Association for the International Taekwon-Do Federation (ITF) in Ireland.",https://dostuff.ie/wp-content/uploads/2026/03/IMG_6005.jpeg,2026-03-19T09:19:54
3950,Tai Chi and Chi Kung classes,https://dostuff.ie/providerpages/tai-chi-classes/,"Meditation, Tai Chi & Qigong, Yoga, Pilates & Wellbeing",Cork,County Cork,,9 The Paddocks,P85 PK58,,51.705042897491,-8.5358957558187,0872373343,carmeloconnor@gmail.com,https://www.carmeloconnor.com,,https://instagram.com/carmeloconnortaichi,,"Tai Chi, Chi Kung and Meditation Clonakilty Skibbereen Ballydehob",https://dostuff.ie/wp-content/uploads/2026/02/Carmel-OConnor-Tai-Chi-and-Chi-Kung-Classes.jpg,2025-11-01T19:25:28
6557,Tai Chi for Health,https://dostuff.ie/providerpages/tai-chi-for-health/,Tai Chi & Qigong,Cork,County Cork,,www.carmeloconnor.com,,,51.705042897491,-8.5358957558187,0872373343,carmeloconnor@gmail.com,https://www.carmeloconnor.com,https://www.facebook.com/share/1C2xX7dva3/?mibextid=wwXIfr,https://instagram.com/carmeloconnortaichi,,Tai chi in Clonakilty Monday mornings and Wednesday mornings for health Skibbereen Tai Chi classes Monday evenings,https://dostuff.ie/wp-content/uploads/2026/02/IMG_1149.jpeg,2026-02-28T11:16:09
7665,"Tea, Coffee & Create Painting Classes",https://dostuff.ie/providerpages/tea-coffee-create-painting-classes/,"Adult Art, Craft and Making, Clubs, Hobbies & Food, Painting, Social & Meetup Groups",Offaly,County Offaly,Tullamore,"St. Mary's Youth and Community Centre, 2 Harbour St",,Ireland,53.2758553,-7.487902900000001,0851501803,,,https://www.facebook.com/teacoffeecreate,https://www.instagram.com/teacoffee_create/,,"🎨 Tea, Coffee & Create – Relaxed Painting Classes in Tullamore ☕ Tea, Coffee & Create is a cosy and welcoming adult painting experience designed for anyone looking to relax, unwind, and get creative in a friendly atmosphere. Our step-by-step guided painting classes are perfect for complete beginners as well as anyone who simply wants to enjoy a calm and creative afternoon. No previous art experience is needed — just come along, enjoy a cup of tea or coffee, and discover your creative side. Each class includes: 🎨 All painting materials provided ☕ Tea, coffee & treats 🖌 Step-by-step guidance 🌸 A relaxed, welcoming atmosphere ✨ Your own finished painting to take home Tea, Coffee & Create is ideal for: 💛 Relaxing “me time” 👩‍🎨 Trying something new ☕ Catching up with friends 🎁 Creative gifts or experiences 🌸 Meeting like-minded local people We regularly host themed painting workshops and seasonal creative events in Tullamore, with new classes added throughout the year. Perfect for beginners, hobby artists, and anyone looking for a cosy creative experience in Offaly. 📍 Based in Tullamore, Co. Offaly",https://dostuff.ie/wp-content/uploads/2026/05/ChatGPT-Image-May-2-2026-12_03_35-PM-1.png,2026-05-02T11:43:35
9770,"Teacher Training Course in Tai Chi, Chi Kung and Meditation",https://dostuff.ie/providerpages/teacher-training-course-in-tai-chi-chi-kung-and-meditation/,Teacher Training,Cork,"Cork, Ireland",,T12 TN97,T12 TN97,,51.827427036488,-8.557868412068698,0872373343,thegreatwaytaichiacademy@gmail.com,http://www.armeloconnor.com,https://www.facebook.com/TheGreatWayTaiChiAcademy,https://www.instagram.com/thegreatwaytaichiacademy,,"We set up the The Great Way Tai Chi Academy in 2025 to promote wellbeing in the Cork city and county area and beyond. Our aim is to teach people the great arts of Tai Chi, Qigong, and Meditation and to make them accessible to people in todays stressed out world. I myself have 25 years of teaching experience and Maria also comes with as many years of teaching experience. From our own journey of transformation through Tai Chi, Chi Kung and Meditation we have decided to embark on a training course to assist people to become teachers in their own right. That will mean helping individuals find mental clarity, physical balance, and deep stress relief. We would like to be at the forefront of training people to teach these arts in their local communities in Cork and beyond to the benefit of all. Our training courses run in Brú Columbanus and begin in January of each year.",https://dostuff.ie/wp-content/uploads/2026/07/Tai-chi-Chi-Kung-and-Meditation-info-sheet-A5.png,2026-07-22T13:05:24
7007,Terra Nova Art Therapy,https://dostuff.ie/providerpages/terra-nova-art-therapy/,"Art & Craft (Online), Art Therapy, Art, Craft & Making, Intellectual Disability Supported Inclusion",Cork,County Cork,Skibbereen,"2nd Floor, FBD House, Mardyke St",,Ireland,51.548661692332736,-9.26822084337769,0830224996,hello@terranovaarttherapy.ie,https://www.terranovaarttherapy.ie,https://www.facebook.com/terranovaarttherapy,https://www.instagram.com/terranovaarttherapy,,"Healing through creativity - gentle art therapy for all ages to help you balance your life, ease your symptoms, find hope, joy, and rejuvenation. • Overcome Depression & Low Mood • Reduce Stress & Anxiety • Heal from Trauma & PTSD • Find Purpose, Joy & Meaning • Improve Sleep & Daily Balance • Cope with Grief, Guilt & Life Changes • Strengthen Relationships & Parenting • Navigate Retirement & Life Transitions • Restore Work–Life Balance • Reduce Suicidal Thoughts & Build Hope",https://dostuff.ie/wp-content/uploads/2026/03/Terra-Nova-In-Person-Skibbereen.png,2026-03-27T12:25:38
8100,"Textile Classes, Embroidery, needlefelting, stitched landscapes, Sashiko and more",https://dostuff.ie/providerpages/textile-classes-embroidery-needlefelting-stitched-landscapes-sashiko/,"Art, Craft & Making, Felt Making, Restyle your clothes",Dublin,Private Address,Private Address,Private Address,Private Address,Private Address,Private Address,Private Address,0876204441,sandysosew@gmail.com,,https://www.facebook.com/sandysosew,https://Www.instagram.com/sandystitchedup,,"Im a textile artist from Dublin with a City+ Guilds in Textiles +Embroidery. I teach Embroidery, Needlefelting, Stitched Landscape Classes, Sashiko and Recycling/Recycling and reusing Classes. Follow my page for updates",https://dostuff.ie/wp-content/uploads/2026/05/37354.jpg,2026-05-25T11:46:28
8885,The Approach,https://dostuff.ie/providerpages/the-approach/,"Climbing & Bouldering, Climbing & Mountaineering, Hiking & Hillwalking, Nature, Outdoors & Group Meet-Ups",Westmeath,County Westmeath,,,,Ireland,53.77975540000001,-7.3055309,0830559435,info@theapproach.ie,https://theapproach.ie/,https://www.facebook.com/theapproach.ie/,https://www.instagram.com/theapproach.ie/,,"The Approach offers beginner-friendly climbing, hiking and outdoor adventure experiences across Ireland. Join us for Climbing & Coffee sessions, guided hikes, skills workshops and adventure trips designed to build confidence, connection and a love of the outdoors.",https://dostuff.ie/wp-content/uploads/2026/06/Learning-the-ropes.png,2026-06-22T23:21:54
8241,The Barn Ensemble – community music group for people 55+ in Co. Wicklow,https://dostuff.ie/providerpages/the-barn-ensemble-community-music-group-for-people-55-in-co-wicklow/,"Community Music, Older Adults",Wicklow,County Wicklow,Newcastle,Newcastle Parish Centre,A63 X782,Ireland,53.0728988,-6.0752239,0876216633,thebarnensemble@gmail.com,,https://www.facebook.com/thebarnensemble,,,"The Barn Ensemble – Community Music Group in County Wicklow Who we are The Barn Ensemble is a welcoming community music group based in Newcastle, Co. Wicklow. We began in 2020 as a small pilot project and have since grown into a lively, supportive ensemble of older adults who meet weekly to play, learn, and enjoy music together. What we do We explore a wide mix of music — from early and baroque pieces to Irish traditional tunes and everything in between. Our rehearsals are relaxed, encouraging, and full of laughter. We perform at local events, schools, libraries, and community gatherings, sharing the joy of music with people of all ages. Who can join We welcome players of any instrument and any level — whether you’re returning to music after years away, picking up something new, or already playing regularly, whether you can read music or not. If you enjoy learning in a friendly group and want to be part of a supportive musical community, you’ll fit right in. When we meet We rehearse every Wednesday morning in Newcastle, Co. Wicklow . Why join us Make music in a relaxed, encouraging environment Meet new people and become part of a warm, creative community Explore a wide range of repertoire Take part in local performances (only if you want to!) Enjoy the fun, connection, and confidence that come with group music‑making",https://dostuff.ie/wp-content/uploads/2026/06/IMG_20260315_140708643_1920x1280.jpg,2026-06-06T19:57:29
6319,The Grow Studio Hartes Courtyard Clonakilty,https://dostuff.ie/providerpages/the-grow-studio-hartes-courtyard-clonakilty/,Tai Chi & Qigong,Cork,County Cork,Clonakilty,"Harte's Courtyard, Youghals",P85 PK58,Ireland,51.6218761,-8.8877643,0872373343,carmeloconnor@gmail.com,https://carmeloconnor.com,https://facebook.com/carmeloconnor,https://instagram.com/carmeloconnortaichi,,Tai Chi and Chi Kung classes for beginners .,https://dostuff.ie/wp-content/uploads/2026/02/Wexford-day-2024.jpg,2026-02-18T14:49:12
7619,The Jam – Art & Drama,https://dostuff.ie/providerpages/the-jam-art-drama/,"Acting & Drama, Art, Craft & Making, Camps & Afterschool, Kids Art Club, Summer Camps",Dublin,Dublin,,,,,53.36691828719285,-6.190197985913108,,thejamireland@gmail.com,https://www.thejam.ie,https://www.facebook.com/thejamireland,https://www.instagram.com/thejamireland/,,"The Jam was established in Dublin in 2022. Our aim is to facilitate fun, engaging and memorable experiences for young people through the arts. We run art, drama and integrated art and drama camps and classes throughout North Dublin. We also offer workshops for schools and libraries. Our party packages provide a fun and creative way to celebrate your child’s birthday. In our unique integrated experiences your child will have the opportunity to explore and strengthen both acting and artistic endeavours. ​Throughout our courses, students will be given the opportunity to build a character, rehearse and perform a scene or monologue, as well as create art pieces to coincide with their chosen character or theme.",https://dostuff.ie/wp-content/uploads/2026/07/7ce52dff-a484-4fbb-906e-5741fd2e49a3.png,2026-04-28T18:45:05
8113,Tiny Tutus | Ballet & Dance Classes | Ages 2–14,https://dostuff.ie/providerpages/tiny-tutus-ballet-dance-classes-ages-2-14/,"Ballet, Dance & Movement, Easter Camps, Kids Dance, Parent & Toddler Groups, Summer Camps",Dublin,County Dublin,Dublin,,,,,,0832062313,tinytutusie@gmail.com,https://tinytutusie.com,,https://www.instagram.com/tinytutusie,,"Tiny Tutus offers magical ballet & dance classes for children aged 2–14 years in a warm, welcoming and nurturing environment across Dublin & Kildare. Our classes are specially designed to build confidence, creativity, coordination and a love for dance while making every child feel supported and included. We offer: ✨ Tutu & Me Classes (Parent & Toddler) ✨ Ballet ✨ Jazz Dance ✨ Seasonal Camps, Recitals & Special Events ✨Ballet Exams Our programmes are age-appropriate, fun and structured, helping children develop both technically and socially while enjoying the magic of dance. Tiny Tutus is known for: 💕 Gentle & Encouraging Teaching Style 💕 Qualified & Garda Vetted Teachers 💕 Beautiful Themed Classes 💕 Confidence Building Through Dance 💕 Inclusive & Child-Centred Approach 📍 Classes available in multiple locations around Dublin & Kildare 📧 Contact: tinytutusie@gmail.com | 0832062313 🌐 Website: tinytutusie.com 📱 Instagram: @tinytutusie",https://dostuff.ie/wp-content/uploads/2026/05/Rafaela-Atala-3.png,2026-05-25T21:10:47
6008,Toddler Swim School,https://dostuff.ie/providerpages/toddler-swim-school/,"Baby & Early Learning, Baby Swimming, Swimming",Dublin,County Dublin,Ballyfermot,10 Blackditch Rd,D10 FT20,,53.3411348,-6.357650599999999,018260276,divein@toddlerswimschool.ie,http://www.toddlerswimschool.ie/,https://www.facebook.com/toddlerswimschool,https://www.instagram.com/toddlerswimschool.ie/,,"Our toddler swimming lessons are for kids aged 1 yr to 4 yrs old. We have great success with teaching young kids a brilliant life skill through our fun swimming classes, growing their confidence in the water. We help kids to develop their swimming skills at a pace that suits them with the aim of having them swimming independently before they begin primary school but many achieve this way in advance of that thanks to our fun and encouraging approach.",https://dostuff.ie/wp-content/uploads/2026/02/1000015205.jpg,2026-02-02T18:08:32
6515,Tribe Art Studio,https://dostuff.ie/providerpages/tribe-art-studio/,"Art, Craft & Making, Painting",Carlow,County Carlow,Carlow,"Unit 4 Castle Gate, Kennedy Street",R93 KD32,,52.83645363868053,-6.9340321109523195,085 716 7385,rose@tribeartstudio.ie,https://tribeartstudio.simplybook.it/v2/,https://www.facebook.com/Tribeartstudio/,https://www.instagram.com/tribeartstudio/?hl=en,,"Tribe Art Studio is an award winning, welcoming creative space in the heart of Carlow town, designed for people of all ages and abilities to relax, make, and connect through art. We began our journey in Castledermot, where we spent seven successful years growing a much-loved community studio. Today, Tribe continues that same ethos in Carlow - creativity without pressure, art for everyone, and a space where you can simply enjoy the process. We offer Drop-in pottery painting, Children’s Camps & Classes, Adult Workshops, Children’s Birthday Parties , and Private Events – Coffee & Canvas, Paint & Sip, Pottery & Prosecco (hand-building), and Pottery Painting.",https://dostuff.ie/wp-content/uploads/2026/02/Tribe-Art-Studio-Logo.png,2026-02-26T13:32:04
6901,TrueNote – Music Lessons,https://dostuff.ie/providerpages/truenote-music-lessons/,"Drums & Percussion, Guitar, Music School, Music, Drama & Performance, Piano, Singing & Vocal Coaching, Ukulele",Dublin,County Dublin,Dublin 11,64 Main St,D11 XR6D,Ireland,53.3894017,-6.2994259,,info@truenote.ie,https://www.truenote.ie/,https://www.facebook.com/truenotestudio,https://www.instagram.com/truenotestudio/,,"TrueNote School of Music TrueNote School of Music is a modern, student-focused music school based in Dublin, offering high-quality lessons in a fun, supportive environment. Whether you're a complete beginner or looking to refine your skills, our experienced teachers tailor each lesson to suit your goals and ability. We offer private and group lessons in: Guitar Bass Ukulele Drums Piano & Keyboard Vocals Our approach is simple: make learning music enjoyable while delivering real progress. Students build confidence, develop strong technique, and most importantly...learn to love playing. With small class sizes, flexible scheduling, and a welcoming atmosphere, TrueNote is ideal for kids, teens, and adults alike. We also place a strong emphasis on community, encouraging students to grow together and even form their own groups. 🎵 Why choose TrueNote? Personalised, goal-focused lessons Experienced and passionate teachers Group classes that make learning social and fun Affordable pricing with high-quality instruction A supportive environment where every student can thrive Join the growing number of students discovering their sound at TrueNote.",https://dostuff.ie/wp-content/uploads/2026/03/WhatsApp-Image-2026-03-19-at-11.05.11-1.jpeg,2026-03-19T11:09:27
9718,Violin/Fiddle Lessons Clarecastle Co. Clare,https://dostuff.ie/providerpages/violin-fiddle-lessons-clarecastle-co-clare/,Music School,Clare,County Clare,Ennis,Barntick,V95 CPT9,Ireland,52.7982705,-8.9984393,087-7735193,violinhelponline@gmail.com,https://www.facebook.com/suzukiviolinennis,https://www.facebook.com/suzukiviolinennis,https://www.instagram.com/suzukiviolinwithcaitriona,,"Violin and fiddle lessons for children (age 4+) and adults in Clarecastle Co. Clare Enrolling all year Violins available to rent Classical and Irish traditional music taught Qualified primary school teacher B.Ed and MA in Music Education, LRSM in Violin Performance Suzuki Violin Method of Violin Education in use Check out ‘Suzuki Violin with Caitríona’ and ‘The Music Room, Barntick on Facebook, Instagram and TikTok",https://dostuff.ie/wp-content/uploads/2026/07/11111.jpeg,2026-07-18T12:53:08
7615,WEEKLY SEWING CLASSES,https://dostuff.ie/providerpages/weekly-sewing-classes/,"Adult Art, Craft and Making, Adult Learning, DIY, Life Skills, Art, Craft & Making, Restyle your clothes, Sewing & Dressmaking",Dublin,County Dublin,Dublin,Taney Parish Centre.,,Ireland,53.2910051,-6.238614699999999,0857626916,elliessewingstudio@gmail.com,,https://www.facebook.com/ellie.sewing.studio/,https://www.instagram.com/ellies.sewing.studio/,,"Welcome to Ellie’s Sewing Studio 🌷 Based in South Dublin, I run small, friendly sewing classes for beginners and improvers, following the school year from September to June. Each 2-hour class gives you plenty of time to settle in, get creative and really enjoy the process. With small group sizes, you’ll get lots of personal guidance in a relaxed, supportive atmosphere. Whether you’re starting from scratch or building on what you already know, you’ll learn how to make, mend, and restyle your clothes at your own pace. It’s a lovely way to switch off, learn something new and take a bit of time for yourself each week. You’ll need to bring your own sewing machine and materials for your projects. If you don’t have a machine yet, rentals are available (subject to availability). For more information or to book your place, just get in touch. Looking forward to sewing with you! Ellie 💖 ------------------------------------------------------------ Locations & Times 🧵 Dundrum – Taney Parish Centre, Dublin 14 Tuesday: 9.30–11.30am Tuesday: 7–9pm Wednesday: 7–9pm Thursday: 9.30–11.30am 🧵 Knocklyon – Iona Pastoral Centre, Dublin 16 Wednesday: 9.30–11.30am Cost • 3 weeks – €120 (consecutive weeks) • 6 weeks – €200 (consecutive weeks)",https://dostuff.ie/wp-content/uploads/2026/04/MACHINE-2.png,2026-04-28T11:12:07
6505,WeSpark Creative Retreats & Craft Events,https://dostuff.ie/providerpages/wespark-creative-retreats-craft-events/,"Adult Learning, DIY, Life Skills, Art, Craft & Making, Breathwork & Pranayama, Card Making, DIY, Knitting & Crochet, Making & DIY, Meditation, Mindfulness, Painting, Paper Crafts & Origami, Pottery & Ceramics, Sewing & Dressmaking, Social & Meetup Groups, Wellness Retreats, Yin/Restorative Yoga",Wicklow,Private Address,Private Address,Private Address,Private Address,Private Address,Private Address,Private Address,,wesparkretreats@gmail.com,https://wespark.ie/,,https://www.instagram.com/wespark.ie?igsh=eGRwZTJqOTR6YXhj&utm_source=qr,,"WeSpark hosts creative retreats and craft events designed to help you slow down, try something new and meet like-minded people. Our events range from relaxed afternoon workshops to full weekend retreats in Wicklow. Expect hands-on activities like watercolour painting, sewing, collage and seasonal crafts, all done together around the table in a welcoming, supportive atmosphere. A big part of WeSpark is connection. You might arrive on your own, but you’ll be crafting, chatting and learning new skills alongside others who are there for the same reason: to create, unwind and step away from routine. No experience is needed, everything is beginner-friendly and all materials are provided. Upcoming events include: • Creative craft afternoons • Weekend creative retreats Come along, try a new craft and meet your next creative circle.",https://dostuff.ie/wp-content/uploads/2026/02/IMG_2348.jpeg,2026-02-26T11:27:39
7654,Weight loss programme,https://dostuff.ie/providerpages/weight-loss-programme/,"Clubs, Hobbies & Food, Cooking & Nutrition, Fitness & Sports, Live Online Classes, Weight Management, Wellbeing",Wicklow,Private Address,Private Address,Private Address,Private Address,Private Address,Private Address,Private Address,086 373 2795,healthyyouprogramme@gmail.com,,https://www.facebook.com/healthyyou,http://www.instagram.com/healthyyouprogramme,,Weight loss through evidence-based nutrition and healthy lifestyle habits.,https://dostuff.ie/wp-content/uploads/2026/05/Screenshot_20260330_211506_Facebook.jpg,2026-05-01T15:48:18
7357,Woodworking Camps,https://dostuff.ie/providerpages/woodworking-camps/,"Art, Craft & Making, Arts & Crafts Camps, Camps & Afterschool, Clubs, Hobbies & Food, DIY, Easter Camps, Halloween Camps, Kids Craft Workshops, Making & DIY, Summer Camps, Woodworking",Cork,County Cork,Cork,Ballincollig,P31 NY77,Ireland,51.88964559999999,-8.5803233,0857692949,,,https://www.facebook.com/share/1AxKitX9WD/?mibextid=wwXIfr,https://www.instagram.com/woodworking_wizards?igsh=NXdjNWNyOHZ1Z2J3&utm_source=qr,,"Give your child the chance to create, explore, and build with confidence in our engaging Woodworking Camps designed especially for primary school children. Led by a qualified post-primary woodwork teacher, these hands-on camps introduce children to the exciting world of woodworking in a safe, supportive, and fun environment. Throughout the week, participants will learn how to use real tools correctly, understand basic woodworking techniques, and bring their own projects to life—from simple creations to pieces they can proudly take home and use. Our camps are designed to do more than just teach skills. They aim to: Build confidence and independence through practical, achievable projects Encourage creativity, problem-solving, and imagination Develop fine motor skills and hand-eye coordination Foster a sense of pride and accomplishment in making something from scratch Promote teamwork, patience, and focus in a relaxed setting Safety is at the heart of everything we do. Children are closely supervised at all times and guided step-by-step, ensuring they feel secure while learning new skills. Whether your child loves working with their hands or is trying something new, this camp offers a rewarding experience away from screens—one where creativity and craftsmanship take centre stage. Spaces are limited to ensure individual attention, so early booking is recommended. Let your child discover the joy of making something real.",https://dostuff.ie/wp-content/uploads/2026/04/Woodworking-4.png,2026-04-12T19:51:35
9517,XVAcademy – Football Academy,https://dostuff.ie/providerpages/xvacademy-football-academy/,"Fitness & Sports, Sports Camps, Team Sports (Soccer/GAA/Rugby)",Galway,County Galway,Galway,"XVArena - XVAcademy Football Hub, Ballybane Industrial Estate, Unit 1 Ballybane Beg",H91NH52,Ireland,53.29427829999999,-9.014352599999999,0831323895,info@xvacademy.ie,https://www.xvacademy.ie/,https://www.facebook.com/xvacademy.ie,https://www.instagram.com/xvacademy.ie,https://www.linkedin.com/company/xvacademy/,"XVAcademy Football Academy provides high-quality football coaching for children and young players of all abilities in a positive, professional, and enjoyable environment. Our sessions focus on developing technical skills, game intelligence, confidence, teamwork, and a lifelong love of football. Players are coached by experienced, qualified coaches using structured training sessions designed to help every player reach their potential, whether they are just starting out or looking to develop their game further. We offer football coaching, skills development, small group training, and seasonal camps, with an emphasis on player development, respect, hard work, and enjoyment. At XVAcademy, every player is encouraged to learn at their own pace while building confidence both on and off the pitch. We welcome boys and girls of varying experience levels and aim to create an inclusive, supportive environment where every child can thrive. Visit our website or social media pages to learn more about our programmes, locations, and how to get involved.",https://dostuff.ie/wp-content/uploads/2026/07/6.png,2026-07-13T12:43:39
6066,Yoga Class,https://dostuff.ie/providerpages/yoga-class/,"Hatha Yoga, Yin/Restorative Yoga, Yoga, Pilates & Wellbeing",Dublin,County Dublin,Ballyboughal,"Saint Patricks Hall, Grange",,Ireland,53.52206463577561,-6.268045993895428,0838320393,theyogaclann@gmail.com,https://bookwhen.com/theyogaclann?utm_source=ig&utm_medium=social&utm_content=link_in_bio&fbclid=PAdGRleAPyop1leHRuA2FlbQIxMQBzcnRjBmFwcF9pZA8xMjQwMjQ1NzQyODc0MTQAAafWXkkOriSAqAEDuUPL29VCGGKiZwa1uGBZe2KvGE2HhN52HuzbcOTNFIUrOw_aem_0oD2JvW8C28XdZbdPDGNog,,https://www.instagram.com/theyogaclann,,"Yoga Class suitable for both beginners and advanced. An inclusive space to connect to your body using breath, movement and meditation. The use of props is encouraged and all Yoga blocks provided.",https://dostuff.ie/wp-content/uploads/2026/02/Copy-of-ballyboughal-yoga-oct-24-Instagram-Post-45-2.png,2026-02-06T10:34:28
7776,Yoga Classes & Retreats with Pam,https://dostuff.ie/providerpages/yoga-classes-retreats-with-pam/,"Breathwork & Pranayama, Hatha Yoga, Meditation, Online Yoga, Stress Management, Wellbeing, Yin/Restorative Yoga",Carlow,Private Address,Private Address,Private Address,Private Address,Private Address,Private Address,Private Address,,yoga@astraea.net,https://pambutleryoga.com/,https://www.facebook.com/PamButlerYoga/,https://www.instagram.com/pambutleryoga/,https://www.linkedin.com/in/pamelabutler1/,"Pam Butler teaches Shadow style hatha yoga. Based in rural Co. Carlow, she offers weekly classes at Teach Bhride in Tullow, at Askea in Carlow, and at SETU's Carlow campus for students & staff. Pam also offers weekend retreats in various locations throughout the year. Teaching yoga since 2000, Pam's ability to bring together intimate or large groups doing meaningful work through a variety of yogic practices is a reflection of her decades of experience and ongoing training. One to one sessions are also available, for all levels. Beginners sometimes simply seek confidence to get started. Those with particular health issues may want private tuition to develop a simple home practice. Some seek improvement through yoga for a separate sporting activity. More advanced students may want tailored tuition to deepen their practice. See pambutleryoga.com for details. Pam lives in the Carlow countryside in a walled garden, where she and Tom also offer broader programs based in nature, inviting people to connect to nature and self, to practice breathing and mindfulness, to learn life skills and to cultivate flow in life. See astraea.net for information and resources.",https://dostuff.ie/wp-content/uploads/2026/05/Pam-59-marichyasana.jpg,2026-05-06T15:31:01
9838,Yoga With Ginni + Moon & Lotus Studio: Classes | Workshops | Retreats,https://dostuff.ie/providerpages/yoga-with-ginni-moon-lotus-studio-classes-worlshops-retreats/,"Kids Craft Workshops, Live Online Classes, Wellbeing, Wellness Retreats, Yoga, Pilates & Wellbeing","Cork,Kilkenny,Tipperary,Waterford,Wexford",County Waterford,Dunhill,Moon & Lotus Studio by Yoga With Ginni,X91 P8X2,Ireland,52.177101,-7.2510578,0833717354,yogawithginni@gmail.com,http://www.yogawithginni.com,https://www.facebook.com/virginiagianiyoga,https://www.instagram.com/yoga.with.ginni,,"Moon & Lotus Studio | Yoga with Ginni Boutique Yoga Studio | Dunhill, Co. Waterford Welcome to Moon & Lotus Studio, a warm and welcoming boutique yoga and wellness space on the beautiful Copper Coast. Whether you're completely new to yoga or have years of experience, you'll find supportive classes, inspiring workshops, immersive retreats and seasonal wellness events designed to help you move, breathe and feel your best. Our year-round offerings include: Weekly yoga classes for all levels Beginners Yoga Courses Vinyasa Flow, Hatha, Yin, Restorative & Yogalates Breathwork & meditation Pilates with Chloe Full Moon yoga, cacao & crystal bowl sound bath evenings Yoga workshops and specialist masterclasses Day retreats and European wellness retreats* Corporate and private yoga sessions At Moon & Lotus, we believe yoga is for everybody. Our classes focus on improving strength, flexibility, mobility, balance and relaxation while creating a welcoming community where everyone feels at home. Located in Dunhill Eco Park, Co. Waterford (X91 FVF9), with easy parking and a peaceful setting surrounded by nature. Join us now!",https://dostuff.ie/wp-content/uploads/2026/07/Media-Library-Fix-Image-1.jpeg,2026-07-24T07:48:15
9409,Zumbini & Yoga Combo Class Midleton,https://dostuff.ie/providerpages/zumbini-yoga-combo-class-midleton/,"Kids & Family Yoga, Kizomba, Music & Movement for Tots, Music, Drama & Performance, Yoga, Pilates & Wellbeing",Cork,County Cork,Midleton,"My Place, Community Centre, Mill Rd.",P25 YT50,Ireland,51.9175186,-8.1758317,085 121 4467,zumbiniwithroisin@gmail.com,,https://www.facebook.com/zumbiniwithroisin,https://www.instagram.com/zumbiniwithroisin,,"Day & Time: Thursdays 3.30-4.15pm This forty five minute fun and imaginative class caters for children aged 2- 5 years. The Zumbini portion of the class includes singing, dancing and playing instruments. Children are introduced to music from various cultural backgrounds with a child centred and developmentally appropriate approach. The focus is on energy, fun and play to contribute toward the natural development of cognitive, social, emotional and physical skills. The yoga includes yoga stories which are age appropriate and themed-jungle adventures, farm adventures, missions to the moon, ocean dives and explore common issues kids experience such as managing frustration, friendships and separation anxiety through the fun characters we meet. The stories include visuals and props to facilitate understanding. The yoga also includes mindfulness activities, easy-to-follow yoga games, dance and a little relaxation to finish. The secret ""ingredient"" is playfulness, keeping your child motivated, excited and moving. These classes also work on children’s emotional intelligence, provide coping tools and enhance social skills.",https://dostuff.ie/wp-content/uploads/2026/07/yoga-zumbini-combo.jpeg,2026-07-08T22:22:54
9406,Zumbini Midleton,https://dostuff.ie/providerpages/zumbini-midleton/,"Music & Movement for Tots, Music, Drama & Performance",Cork,County Cork,Midleton,"Midleton Rugby Football Club, Broomfield East",P25 DW67,Ireland,51.91957379999999,-8.167052,085 121 4467,zumbiniwithroisin@gmail.com,,https://www.facebook.com/zumbiniwithroisin,https://www.instagram.com/zumbiniwithroisin,,"Day & Time: Fridays 9.30-10.15am Fun and immersive Zumbini class which is developmentally appropriate for the age range of the class, every moment is a musical opportunity! Designed for children aged 0-4 years old with a caregiver. Music and movement class which provides exposure to music from various backgrounds. The Zumbini music was created by Zumba's team of Grammy-nominated producers, age-appropriate songs carefully produced to be educational, yet fun and upbeat for everyone, including the adults! Includes dancing, singing and playing instruments.",https://dostuff.ie/wp-content/uploads/2026/07/Music-little-time.png,2026-07-08T22:06:48
6785,yogaRo,https://dostuff.ie/providerpages/yogaro-yoga-classes-kildare/,"Prenatal/Postnatal Yoga, Yin/Restorative Yoga, Yoga, Pilates & Wellbeing",Kildare,County Kildare,celbridge,Celbridge,,Ireland,53.3387702,-6.5394381,085 7181908,yogarokildare@gmail.com,https://yogaro.ie/,https://www.facebook.com/profile.php?id=61568058591521,https://www.instagram.com/yogaro_kildare?igsh=bWpmYnczeGVsazVn,,Offering in person yoga classes in Celbridge Hatha Yoga Prenatal Yoga Restorative Specialist,https://dostuff.ie/wp-content/uploads/2026/03/Copy-of-Pink-Minimalist-Pregnancy-Tips-Instagram-Post_20260219_090540_0000.png,2026-03-08T19:46:13
6371,🌸 Vase Painting and Afternoon Tea at Palmerstown House ☕,https://dostuff.ie/providerpages/paint-and-decorate-your-own-plant-pot-with-the-craft-social-%f0%9f%aa%b4/,"Art, Craft & Making",Kildare,County Kildare,Naas,"Palmerstown House Estate, Palmerstown House, Estate",W91 FK10,Ireland,53.2468079,-6.6214215,,thecraftsocialnaas@gmail.com,https://linktr.ee/thecraftsocial,,https://www.instagram.com/thecraftsocial_?igsh=MXFjcTA2b251bHM1Yw==,,"Celebrate creativity at our Mother’s Day Special: Paint Your Own Vase. Join us at the stunning Palmerstown House Estate for a 3-hour experience combining creativity with indulgent afternoon tea. Create your own large glass vase using glass paints and finishes, fill it with your Mother’s Day flowers, and relax over afternoon tea in a beautiful setting The perfect day out for mother and daughter, a thoughtful gift for your mum and her friends, or a lovely afternoon to enjoy with your own friends while celebrating the women in your life. What you'll enjoy ✨ 90 minutes of vase painting ✨ Followed by 90 minutes of afternoon tea ✨ Enjoy sandwiches, savory bites and sweet treats ✨ Tea or coffee served with your afternoon tea ✨ Full bar if you'd like to order additional drinks Materials you'll work with ✨ Large glass vase ✨ Glass paints ✨ Glass markers ✨ Beads, gems and embellishments ✨ Stencils Take home You’ll leave with your own beautifully painted glass vase ready to hold your Mother’s Day blooms. Location Palmerstown House Estate, Naas Tickets €50 per person Includes all craft materials and full afternoon tea experience. Support local this Mother’s Day and spend it creating something that lasts longer than a bouquet! About The Craft Social Naas-based craft club dedicated to creativity, community, and well-being through fun, social crafting experience",https://dostuff.ie/wp-content/uploads/2026/02/1000099757.jpg,2026-02-22T20:23:57
5914,🎨 The Craft Social: 🩷 🍷Galentines Wine Glass Decorating 🍷🩷,https://dostuff.ie/providerpages/%f0%9f%8e%a8-the-craft-social-%f0%9f%a9%b7-%f0%9f%8d%b7galentines-wine-glass-decorating-%f0%9f%8d%b7%f0%9f%a9%b7/,"Art, Craft & Making, Social & Meetup Groups",Kildare,County Kildare,Naas,"McAuley Place, Sallins Rd",W91 D62E,Ireland,53.2208005,-6.663121,0858415951,oliviagriffin1901@gmail.com,https://buytickets.at/thecraftsocial/2001914,,https://www.instagram.com/thecraftsocial_?igsh=MXFjcTA2b251bHM1Yw==,,"event 🩷 Spend a cosy, creative Galentine’s evening decorating your own wine glasses! 🩷🍷✨ Whether you come alone, with your best gals, or to make new friends, you’ll spend a cosy, laughter-filled evening decorating two wine glasses 🍷 Sip, chat, and get creative as you toast to friendship, creativity, and all things Galentine’s! 💖 Materials You’ll Work With ✨ Two wine glasses ✨ Glass-friendly paints & paint pens Take Home Your two uniquely decorated wine glasses, perfect for sipping or gifting to your favourite gal! Tickets: €25 ✔ All supplies included ✔ Two hours of relaxed, creative crafting ✔ Beginner-friendly — no experience needed 👩‍🎨 About The Craft Social Naas-based craft club dedicated to creativity, community, and well-being through fun, social crafting experiences — now with an extra sparkle for Galentine’s!",https://dostuff.ie/wp-content/uploads/2026/01/1000090762.jpg,2026-01-29T14:55:37
7811,💻 Coding • Design • Robotics • AI for kids aged 5–17,https://dostuff.ie/providerpages/%f0%9f%92%bb-coding-design-robotics-ai-for-kids-aged-5-17/,"Afterschool Clubs, Camps & Afterschool, Coding & Robotics, Easter Camps, Summer Camps",Cork,County Cork,Cork,Old Fort Rd,P31 PV20,Ireland,51.889911604152985,-8.588474910697935,+353 85 110 6075,cork@impactacademiesie.com,https://impactacademiesie.com/cork/,https://www.facebook.com/impact.cork,https://www.instagram.com/impact_academies_cork,,"💻 Coding • Design • Robotics • AI for kids aged 5–17 🎮*Where children don’t just use technology — they create with it* 🌍 Part of an international network with 90,000+ students in 21 countries 📲 Join the first groups — message us to book a trial lesson",https://dostuff.ie/wp-content/uploads/2026/05/5577818e298e33ea938c6e07325fbcfbdd3c1a9d117edbeaff5ccbca1811b89b.png,2026-05-07T15:33:55
