Title,URL,Website,Phone,Description,Address,Latitude,Longitude,Categories,Dublin Zone,Book Now URL,Added Date,Image URL
1 Day Antenatal Class,https://dublincitymum.ie/listing/1-day-antenatal-class/,https://1dayantenatalclass.com/,,"1 Day Antenatal Class is a midwife run Sunday class in North Dublin. Comprehensive, convenient, and reassuring. A warmly inclusive day where you will leave feeling very well informed and reassured on all aspects of your labour, birthing, and infant care. | Midwife, Helen, a mother of three, two boys and a girl, has over 20 years experience in nursing and midwifery in Ireland and abroad. She has cared for thousands of pregnant women and their babies. She is dedicated to providing you with the ‘Gold Standard’ in pregnancy, birth, and infant care education. | Her midwifery training was completed at the Rotunda Hospital in Dublin and she is a registered as a nurse and midwife with the Nursing & Midwifery Board Ireland (NMBI). The cutting edge research Helen leads on ‘Women’s Health in Pregnancy’ for the HSE and a Dublin Maternity Teaching Hospital is published worldwide in the most respected medical journals, including the BMJ (British Medical Journal). | She is also the ‘Pregnancy & Birth Expert’ contributor to many pregnancy and parenting magazines.","Malahide, Dublin, K36 XT65, Ireland",53.450752,-6.147396,Antenatal Classes,,,,https://dublincitymum.ie/wp-content/uploads/2025/08/suhyeon-choi-NIZeg731LxM-unsplash-800x600.jpg
14 Henrietta Street Museum,https://dublincitymum.ie/listing/14-henrietta-street-museum/,https://14henriettastreet.ie/,,"14 Henrietta Street is an award-winning museum located in Dublin city centre that offers a compelling indoor experience for families, bringing over 300 years of social history to life within the walls of a beautifully restored Georgian townhouse. | Guided tours provide an immersive journey through the building’s transformation from an aristocratic residence to tenement housing, highlighting the contrasting lifestyles of its residents. Children can engage with the personal stories of past inhabitants, learning about their daily lives, challenges, and resilience. The museum’s interactive exhibits and restored interiors offer a poignant and educational experience, making it an ideal destination for families interested in exploring Dublin’s rich history.​","14 Henrietta St, Inns Quay, Dublin 1, D01 HH34, Ireland",53.35241,-6.270212,Indoor,,,,https://dublincitymum.ie/wp-content/uploads/2025/08/14-henrietta-street-tour.jpg
2210 Patisserie,https://dublincitymum.ie/listing/2210-patisserie/,https://2210patisserie.ie/,+353851584158,"Make birthdays unforgettable with 2210 Patisserie’s jaw-dropping custom cakes and a mouthwatering array of sweets—from donut towers and cupcakes to brownies and traybakes. Based in Mullingar and with a pop-up at Powerscourt Townhouse in Dublin, they offer beautifully crafted, freshly baked treats (think Irish butter, Belgian chocolate, imaginative designs), delivered nationwide or available for collection. Known for creativity, taste, and that “wow” effect, they bring both flair and flavour to every celebration.","2210 Patissiere , Powerscourt Townhouse Centre D02 HF95",,,Cakes + Caterers,,,,https://dublincitymum.ie/wp-content/uploads/2025/08/Screenshot-270-644x600.png
3fe Clancy Quay,https://dublincitymum.ie/listing/3fe-clancy-quay/,https://3fe.com/,,"3fe – Clancy Quay | (Islandbridge, Dublin 8) | Tucked into the creative pulse of Islandbridge, this sunlit café is a caffeine haven for grown-ups and a calm, welcoming space for families. They pour exceptional coffee alongside vibrant brunch plates, baked treats, and friendly service—all at mid-range prices that feel just right for a treat without blowing the budget. High chairs mean tots can tuck in comfortably; while there’s no dedicated kids’ menu, the casual vibe and crowd-pleasing options make every visit family-friendly and fuss-free. | Kids Menu: | Not explicitly listed, but the atmosphere and treats make it child-appealing. | High Chairs: | Yes | Baby Changing: | Yes | Why It’s Great: | Quality fare in a beautiful setting—perfect for parents and little ones alike. | Nearby Family Activity: | Just a short wander away lies | Phoenix Park | , one of Europe’s grandest city parks. Here, families can feed the ducks, try bike rental, or explore the accessible playground near the Visitor Centre—plus, spot deer grazing in the meadow or wander the tree-lined avenues for easy adventure.","Saint James, Dublin 8, D08 WTX9, Ireland",53.346088,-6.308013,Eat,,https://3fe.com/locations,,https://dublincitymum.ie/wp-content/uploads/2025/08/Screenshot-2025-08-31-at-12.30.58-748x600.png
A Good Moment Company,https://dublincitymum.ie/listing/a-good-moment-company/,https://agoodmomentcompany.ie/,+353879584919,"A Good Moment Company transforms your home into a place you love, not just live in—by editing, simplifying, and organising spaces with empathy and attention to detail. Led by CPD-trained organiser Jenny Douglas from Killester, Dublin, they use a warm, non-judgmental approach to gently create calm, joyful environments tailored to your needs. From in-person editing and virtual coaching to moving support, talks, workshops, and even gift cards, each service aims to let the good in and the clutter out","9 St Brigid's Rd, Killester, Dublin, D05 K3V1",,,Wellbeing,,,,https://dublincitymum.ie/wp-content/uploads/2025/09/Screenshot-305-422x600.png
A Little Idea,https://dublincitymum.ie/listing/a-little-idea/,https://www.alittleidea.ie/,,"If you adore jewellery that makes a statement | and | warms your heart, | A Little Idea | is pure magic. Based in Dublin, Ali creates award-winning, feel-good jewellery, teacup pieces, greeting cards, retro hair accessories — all with a vintage-inspired twist and a modern spark. | Each piece is lovingly handcrafted right here in Ireland, often using laser-cut acrylic and sustainable materials. The collections are playful, bold, and full of personality, the kind of jewellery you pull out when you want your outfit (and your mood) to shine a little brighter. | We’re absolutely smitten with A Little Idea because it blends Irish craftsmanship, joyful design, and a touch of whimsy making every purchase feel like choosing a little piece of magic.",Online,,,Jewellery Designers,,,,https://dublincitymum.ie/wp-content/uploads/2025/10/Screenshot-2025-10-05-at-09.19.36-800x600.png
ALCI Ireland,https://dublincitymum.ie/listing/alci-ireland/,http://www.alcireland.ie/,,"The Association of Lactation Consultants in Ireland (ALCI) is your breastfeeding ally, connecting families across Dublin and beyond with trusted, internationally accredited support. As the national body for IBCLC professionals—International Board Certified Lactation Consultants—it provides a directory to help you find expert, evidence-based help, whether you’re looking for in-person or HSE-supported care. ALCI also supports families through antenatal breastfeeding classes, continuous breastfeeding education, and a nurturing community of professionals dedicated to empowering breastfeeding journeys",Various locations,,,Breastfeeding,,,,https://dublincitymum.ie/wp-content/uploads/2025/08/aditya-romansa-5zp0jym2w9M-unsplash-800x600.jpg
Active Mum .ie,https://dublincitymum.ie/listing/active-mum-ie/,https://activemum.ie/,,Spend quality time with your baby.  Learn how to give your baby a massage and meet other local mums for friendship and support. | There are 3 classes on offer: | Baby Massage | Story Massage & Sensory Play | Massage In Schools | ​,"Castleknock Community Centre, Laurel Lodge Road, Dublin 15",,,Baby + Toddler Classes,,,,https://dublincitymum.ie/wp-content/uploads/2025/08/active-mum.png
Active South Dublin,https://dublincitymum.ie/listing/active-south-dublin-2/,https://www.sdcc.ie/en/activesouthdublin/,+35314149000,"Active South Dublin works to make physical activity fun, accessible, and inclusive for young people across South Dublin County. | Through partnerships with schools, clubs, and community groups, the Active Youth programme offers a range of engaging activities for children and teenagers – from school fitness sessions and sports days to after-school clubs and adventure challenges. | ​ | Whether it’s football, basketball, active play, or creative fitness, these programmes help young people stay healthy, confident, and connected.",Various Locations,,,Exercise,,,,https://dublincitymum.ie/wp-content/uploads/2025/08/Screenshot-221.png
Active South Dublin,https://dublincitymum.ie/listing/active-south-dublin/,https://www.sdcc.ie/en/activesouthdublin/contact-us/,+35314149000,"The Teen Street Dance Programme is a free, fun, and energetic way for teenagers to stay active through dance. Funded by Active South Dublin in partnership with Tallaght Community Arts, the programme runs in local community centres in Adamstown, Quarryvale, and Palmerstown. | ​ | Perfect for teens who prefer an alternative to traditional sports, the workshops focus on learning routines, building confidence, and getting moving in a relaxed, creative environment. It’s a great way to try something new, express yourself, and make new friends—no dance experience needed!",,,,Dance,,,,https://dublincitymum.ie/wp-content/uploads/2025/06/Screenshot-141.png
Active Sport,https://dublincitymum.ie/listing/active-sport/,https://www.activesport.ie/,+353863317289,"Active Sport Ireland has been promoting fun, healthy, and inclusive sports opportunities for kids since 2005. Founded by Mark Whitwood, the group now offers a range of activity programmes to keep young people active and engaged. | ​ | Active Sport: Multi-sport activities for children aged 4-11. | Active Totz: Play-based physical activities for toddlers aged 18 months to 4 years. | Active Soccer: Football camps and classes for kids aged 4-11. | ​ | With professional coaching and a commitment to quality, Active Sport Ireland helps combat inactivity and encourages kids to develop a love for sports",Various Locations,,,Sport,,,,https://dublincitymum.ie/wp-content/uploads/2025/08/Screenshot-204-800x600.png
Adventure Catering,https://dublincitymum.ie/listing/adventure-catering/,https://adventurecatering.ie/,+353868334251,"Catering for all tastes, all party types and sizes, Adventure Catering is a premium Food Truck, Hog Roast & Street Food Event Catering Company working throughout Dublin and Ireland.",Various locations,,,Cakes + Caterers,,,,https://dublincitymum.ie/wp-content/uploads/2025/08/Adventure-Catering-800x600.png
Ah Wines,https://dublincitymum.ie/listing/14848/,http://ah-wines.com/,,"Ah Wines | is the brainchild of the ever-fabulous Amy Huberman, actress, writer, and all-round ray of sunshine who has brought her trademark warmth and wit to the world of wine. Designed to be approachable, fun, and full of personality, Ah Wines captures Amy’s easy charm and her knack for celebrating life’s little moments. | The range includes a crisp Sauvignon Blanc and a playful Cava Rosé, both produced in Spain and perfect for sharing with friends or enjoying during a well-earned moment of calm once the kids are tucked up in bed! Ah Wines brand radiates the same spirit of togetherness and light-hearted fun that we all know and love Amy for.",,,,Brands We Love; Gifts,,,,https://dublincitymum.ie/wp-content/uploads/2025/11/IMG_0081-800x600.jpeg
Airfield House & Gardens,https://dublincitymum.ie/listing/airfield-house-gardens/,https://www.airfield.ie/,,"Airfield Estate | is very much a family destination and Dublin’s only 38 acre working farm, gardens, kitchen education and food destination. Located in Dundrum, just a 5 minute walk from the Balally Luas stop, it’s an urban farm and gardens where kids can explore the gardens and farm with Jersey cows, sheep, Connemara ponies plus much more. We are regulars for the egg collection at 10am followed by cow milking. Most days the kids even get to try the milk from the previous day which has been pasteurised. It’s such a fantastic experience for kids and we LOVE it. | Food in the | Overends Restaurant | is amazing and they’ve a great kids menu. | Each day you are invited to join their farm activities: | 10.00am: Egg collection at hen houses | 10.30am: Jersey Heard Milking in the farmyard | 11.00am: Calf feeding in the farmyard | ​","Drummartin, Dublin, D14 EE77, Ireland",53.288539,-6.23441,Outdoor,,,,https://dublincitymum.ie/wp-content/uploads/2025/08/Airfield_Estate-600x449-1.png
Alix Gardner's Cookery School,https://dublincitymum.ie/listing/alix-gardners-cookery-school/,https://www.dublincookery.com/cookery-workshops-for-children/,+35316681553,"This is where young foodies are discovered! Alix Gardner’s Cookery shows children the fun and the wonder of cooking. They learn traditional cooking skills and have fun with good, honest, delicious food. From artisan kitchen crafts, to experimenting with flavour combinations and exploring food cultures and kitchen traditions, their children’s cookery courses are specifically designed to educate, inspire and engage young chefs into the world of cookery. while having a great time in the kitchen in a safe and warm environment.","71 Waterloo Rd, Ballsbridge, Dublin",,,Cooking,,,,https://dublincitymum.ie/wp-content/uploads/2025/07/Screenshot-189.png
All Court Tennis,https://dublincitymum.ie/listing/all-court-tennis/,https://allcourt-tennis.com/,+353876658883,"All Court Tennis, based at the Railway Union Sports Grounds in Sandymount, Dublin 4, offers dynamic, confidence-building tennis coaching for children of all skill levels. Their programmes emphasize not just athletic growth—improving coordination, agility, balance, and focus—but also personal development through lessons in sportsmanship, problem-solving, independence, and teamwork. With a warm, inclusive philosophy, they aim to nurture not only skilled players but well-rounded individuals who love the game for life.","Park Ave, Sandymount, Dublin 4, D04 PF86",,,Tennis,,,,https://dublincitymum.ie/wp-content/uploads/2025/08/Screenshot-293.png
Alliance Française,https://dublincitymum.ie/listing/alliance-francaise/,https://www.alliance-francaise.ie/minors/#/,+35316761732,"Alliance Française Dublin is a leading French language and cultural centre offering classes for toddlers, children, and teenagers (ages 2-18). Through fun and interactive activities, students build lasting language skills and an appreciation for French culture. | Located in the heart of Dublin, the centre is easily accessible and offers a welcoming space for members to relax and socialize. Recognized for excellence, it has received the European Language Label and was named Best Language School in Ireland in 2018.",1 Kildare St. Dublin 2,,,Languages,,,,https://dublincitymum.ie/wp-content/uploads/2025/07/Screenshot-178.png
Alma,https://dublincitymum.ie/listing/alma/,https://www.alma.ie/,,"Alma (Portobello, Dublin 8) | For families who love amazing Argentinian food with a twist, Alma is a must. Their dulce de leche pancakes are incredible, the treats are heavenly and the coffee’s great, this bright and buzzy café is a hit with foodies and little ones alike. The staff are super welcoming, and the lively vibe makes it feel like you’ve found a slice of South America in Dublin 8. | Kids Menu: | No dedicated kids menu, but lots of child-friendly dishes. | High Chairs: | Yes. | Baby Changing: | No. | Why It’s Great: | Flavour-packed dishes, friendly vibes, and a fun, lively atmosphere that works brilliantly for families.","19A Curzon Street, South Circular Road, Portobello, Dublin 8, Ireland",53.332767,-6.269217,Eat,,https://www.alma.ie/book-a-table,,https://dublincitymum.ie/wp-content/uploads/2025/09/Screenshot-2025-09-01-at-11.59.45-800x600.png
Aloft Dublin City,https://dublincitymum.ie/listing/aloft-dublin-city/,https://www.marriott.com/en-us/hotels/dubal-aloft-dublin-city/overview/,,"Location: | In Dublin’s historic Liberties district at 1 Mill Street, just minutes’ walk from the Guinness Storehouse, Teeling Whiskey Distillery, Dublin Castle, St Patrick’s Cathedral, and Grafton Street. | Family Perks: | Modern, tech-forward family rooms with free fast WiFi and walk-in rain showers ensure comfort for all ages. The hotel goes the extra mile with their | “Family Camp Aloft” | experience—turning the room into a mini camper-style play zone complete with games. For dining you’ve got the Re:Fuel café (grab & go), the rooftop WXYZ bar, and the onsite Tenters Gastropub. With its central location and thoughtful amenities, Aloft Dublin City is a stylish choice for families who want a mix of comfort, convenience, and a dash of fun in the heart of Dublin.","1 Mill St, The Liberties, Dublin 8, D08 XK58, Ireland",53.337026,-6.275747,Mid Range Family Hotels Dublin,,,,https://dublincitymum.ie/wp-content/uploads/2025/09/Screenshot-2025-09-29-at-16.13.46-800x600.png
Ana McNerney Photographer,https://dublincitymum.ie/listing/ana-mcnerney-photographer/,https://www.anamcnerney.ie/,+353831916320,"Create lifelong memories with Ana Mc Nerney’s expertly crafted newborn, maternity, and family photography. Her Ashtown home studio, steps from Pelletstown Train Station, offers a calming, beautifully lit setting ideal for capturing those early-life moments. Known for her gentle approach and eye for detail, Ana offers everything from prints and albums to personalized sessions in-studio, at home, or on-location—making her one of Dublin’s most trusted photographers for families.","Ashtown, Dublin",,,Photographers,,,,https://dublincitymum.ie/wp-content/uploads/2025/08/Screenshot-277.png
Anantara The Marker Dublin,https://dublincitymum.ie/listing/anantara-the-marker-dublin/,https://www.anantara.com/en/the-marker-dublin,,"Location: | Grand Canal Dock, Dublin 2 – Located near the Bord Gáis Energy Theatre, the Grand Canal Dock, and a short walk from the vibrant Docklands. | Family Perks: | This luxury hotel offers spacious family rooms, a rooftop bar with panoramic views, and an indoor pool, perfect for families to unwind after a busy day. The location is excellent for families who enjoy a modern setting and easy access to cultural spots like the National Gallery and parks. Kids will love the fun, colorful atmosphere, and the hotel provides babysitting services and a children’s menu.","Grand Canal Quay, Dublin, D02 FF61, Ireland",53.341143,-6.239096,High End Family Friendly Hotels Dublin,,,,https://dublincitymum.ie/wp-content/uploads/2025/08/Screenshot-2025-08-11-at-07.23.24-800x600.png
Anew,https://dublincitymum.ie/listing/anew/,https://anew.ie/,+35316351492,"Anew is Ireland’s only charity dedicated to supporting pregnant women and new mothers experiencing homelessness. Operating since 1981, Anew provides intensive emotional and practical support to women, particularly those at risk of homelessness, including those facing domestic abuse, addiction, or mental health challenges. Their services encompass supported temporary accommodation at Cherry Blossom Cottage in North County Dublin, day services at Haven House in Dublin City Centre, and outreach support to women in direct provision centres, family hubs, and temporary accommodation. Anew’s mission is to provide a safe space where women and their children can receive the necessary support to fulfill their full potential.","113 Pearse Street, D02 AV80",,,Wellbeing,,,,https://dublincitymum.ie/wp-content/uploads/2025/08/Screenshot-291.png
Antenatal Class.ie,https://dublincitymum.ie/listing/antenatal-class-ie/,https://antenatalclasses.ie/about.html,,"‘The Help Me To Parent Antenatal & Newborn Care” course is designed for expectant parents. The course covers the last 3 months of pregnancy, labour and childbirth. It also covers the care of your newborn baby and care of your relationship after the arrival of your baby.  The course is designed and delivered by a fully qualified midwife with over 10 years experience. Taking part in an antenatal class will prepare you and ease your fear of the unknown. You may be concerned about pain relief during birth, | breastfeeding, what to do when the baby arrives. Their antenatal classes cover all of these issues in a relaxed and friendly environment.",Multiple Locations,,,Antenatal Classes,,,,https://dublincitymum.ie/wp-content/uploads/2025/08/tai-s-captures-IdNRilLk0T8-unsplash-800x600.jpg
Antenatal Dublin,https://dublincitymum.ie/listing/antenatal-dublin/,http://antenataldublin.com/index.html,,"This course is tailored to meet the needs of parents who want to learn about the practical elements of pregnancy, child birth, breast feeding and parenting from a supportive, pragmatic and unbiased point of view. The lead up to chldbirth should be an exciting time and an opportunity for expectant parents to learn and share new experiences. | Hazel Cazzini is an Irish registered and qualified Midwife since 1996.  She has worked in all areas of maternity care and  have cared for many women during their pregnancy, labour and postnatal periods. Hazel currently works as a Midwife Tutor.","​Weston, Lucan, Co. Dublin",,,Antenatal Classes,,,,https://dublincitymum.ie/wp-content/uploads/2025/08/sandra-seitamaa-ImW_9u8qt0U-unsplash-800x600.jpg
Antenatal Ireland,https://dublincitymum.ie/listing/antenatal-ireland/,https://antenatalireland.ie/what-we-offer/,,"Cuidiú antenatal courses help parents work out how they would like to approach labour and birth, rather than telling them the ‘right’ way. | The ideal time to take a course is between 26 to 38 weeks pregnant. Their courses focus on providing you with the evidence-based information and the skills you need to make decisions about your labour and birth. | Classes | are interactive and participative with lots of time for questions and for practising skills needed for labour and early babyhood.",Various Locations,,,Antenatal Classes,,,,https://dublincitymum.ie/wp-content/uploads/2025/08/Antenatal-1.png
Aoife Elizabeth Photographer,https://dublincitymum.ie/listing/aoife-elizabeth-photographer/,https://www.aoifeelizabeth.ie/,,"Aoife | is a Terenure based photographer specialising in candid family and newborn photography. She loves capturing life as it really is, the real moments and connections that are so important to remember. Think children laughing and exploring in the woods, or a tiny newborn cradled in their mama’s arms at home. | Her sessions are super relaxed and easygoing, giving families space to simply be themselves while she quietly captures all the little details that tell their story. Most photoshoots take place either in the family’s home or outdoors, somewhere that feels familiar and comfortable, maybe a favourite park or a spot that holds special meaning.",,,,Photographers; Photographers,,,,https://dublincitymum.ie/wp-content/uploads/2025/11/Aoife-Elizabeth-Portrait-800x600.jpg
Aoife McNamara,https://dublincitymum.ie/listing/aoife-mcnamara/,https://aoifemcnamara.com/,,"Meet | Aoife McNamara | , Ireland’s first B-Corp fashion house, where nature, heritage, and conscious design intertwine to create garments that feel deeply meaningful. | Each collection is an invitation to wear your values: crafted with care using fine Irish fabrics, working with trusted suppliers, and producing in smaller, intentional batches to reduce waste. Her pieces echo the landscapes that inspire her — elegant silhouettes with texture, earth tones, and timeless structure. Choose a blazer, coat, or a more fluid form, and you’ll find yourself wrapped in a story you’re proud to carry. | We adore Aoife McNamara because she doesn’t just follow trends , she offers a vision: fashion that honours the land, lifts makers, and lasts beyond seasons.",Online,,,Brands We Love,,,,https://dublincitymum.ie/wp-content/uploads/2025/10/Screenshot-2025-10-05-at-10.22.48-800x600.png
Apple Blossom,https://dublincitymum.ie/listing/apple-blossom/,https://appleblossomcreche.weebly.com/,,"Caring for babies, toddlers & Montessori-aged children","0 Leinster Square, Rathmines, Dublin 6, D06 A500",,,Crèches,,,,https://dublincitymum.ie/wp-content/uploads/2025/08/markus-spiske-IFCloi6PYOA-unsplash-800x600.jpg
Apres School Club,https://dublincitymum.ie/listing/apres-school-club/,https://www.apresschoolclub.com/,+35312024645,Montessori and Afterschool care | Children between the ages of 3 and 13 years old.,THE APRES SCHOOL CLUB BALLINCLEA ROAD KILLINEY CO. DUBLIN A96 VFW0,,,After-School Clubs,,,,https://dublincitymum.ie/wp-content/uploads/2025/08/Apres-800x600.png
April & the Bear,https://dublincitymum.ie/listing/april-the-bear/,https://www.aprilandthebear.com/,,"April & The Bear | is a delightfully eclectic home-and-lifestyle store based in Dublin, filled to the brim with unique pieces that feel far from the ordinary. Founded by Siobhan Lam, this female-led independent business grew from an online passion project into a chic physical shop on Rathmines Road, showcasing adaptably stylish homewares, art prints, gifts and beautiful furniture. | Everything is thoughtfully selected with personality and purpose in mind, you’ll find industrial-cool accents, lighting and furnishings alongside playful prints and fun gifts. The team also offer interior design services, making it a smart stop for families wanting style that works for home life. | April & The Bear is a brand that combines creativity, local craft and family-friendly style under one roof in Dublin.","213 Rathmines Road Lower, Rathmines, Dublin 6, Ireland",53.322279,-6.265953,Brands We Love; Homeware,,,,https://dublincitymum.ie/wp-content/uploads/2025/08/Screenshot-2025-08-27-at-15.09.46-794x600.png
AquaZone At The National Aquatic Centre,https://dublincitymum.ie/listing/aquazone/,https://www.aquazone.ie/birthday-parties,+35316464300,"AquaZone at the National Aquatic Centre is Dublins splash-tastic choice for birthdays. Perfect for kids aged 6-14 years, its all about high-energy fun with thrilling slides, wave pools, and lazy rivers. Parents can relax while the kids make waves literally before heading to the party area for well-earned treats. This spot is a real gem for families looking to celebrate in style. Expect friendly staff, lots of laughs, and a great atmosphere where kids can have the time of their lives while parents relax and enjoy the fun.","Snugborough Road, Deanestown, Dublin 15, D15 A6WR, Ireland",53.401824,-6.362333,Party Venues,,,,https://dublincitymum.ie/wp-content/uploads/2025/08/Screenshot-213.png
AquaZone at the National Aquatic Centre,https://dublincitymum.ie/listing/aquazone-at-the-national-aquatic-centre/,https://www.aquazone.ie/,,"AquaZone at the National Aquatic Centre in Blanchardstown is Ireland’s premier indoor waterpark, offering a perfect family day out with eight thrilling rides and attractions suitable for all ages. Children can embark on adventures in the Pirate Ship play area, featuring shallow pools and fun slides, while older kids and adults can enjoy the excitement of the FlowRider surf simulator, the gravity-defying Master Blaster, and the high-speed Green Giant and Dark Hole slides. | For a more relaxed experience, families can float along the Lazy River, unwind in the Bubble Pool, or ride the waves in the Wave Pool. With sessions lasting two hours and facilities designed for comfort, AquaZone ensures a memorable and enjoyable visit for everyone. | ​ | Tickets must be booked | online | . | Sport Ireland Campus is a cashless facility, so all purchases on-site must be made by card payment. | Change is required for Lockers (€1) so please bring this with you on the day.","Snugborough Road, Blanchardstown, Dublin, Ireland",53.389353,-6.387098,Indoor,,,,https://dublincitymum.ie/wp-content/uploads/2025/08/aquazone-waterpark-interior-slide-and-pool-800x600.jpg
Arabian Gymnastics Club,https://dublincitymum.ie/listing/arabian-gymnastics-club/,http://arabiangymnastics.com/,+35318063444,"Arabian Gymnastics Club offers recreational and competitive gymnastics classes for boys and girls of all ages. Located in a 10,000 sq ft facility in Baldoyle, Dublin, the club is equipped with a range of gymnastics equipment, including sprung floors, airtracks, bars, beams, vaults, trampolines, and resi mats. | Established in 2005 as Dublin’s first full-time gymnastics facility, Arabian Gymnastics provides structured training in artistic gymnastics, focusing on skill progression and fitness development. The club also runs holiday camps throughout the year to give children additional opportunities to practice and improve.","Unit 5b, Baldoyle Ind Est, Dublin 13",,,Gymnastics,,,,https://dublincitymum.ie/wp-content/uploads/2025/07/Screenshot-177.png
Archie's Pizza,https://dublincitymum.ie/listing/archies-pizza/,https://archiespizza00.wixsite.com/archie-s-pizza,,"Who doesn’t love a pizza party?! Archie’s Pizza mobile catering service offers freshly made pizzas for all your family occasions like birthdays, communions, confirmations. | Archie himself will come to your event and provide your guests with hot and fresh pizza, made to order. They offer many different toppings and sizes to fit any dietary needs or taste.",Various locations,,,Cakes + Caterers,,,,https://dublincitymum.ie/wp-content/uploads/2025/08/Archies-800x600.png
Ardgillan Castle,https://dublincitymum.ie/listing/ardgillan-castle/,https://ardgillancastle.ie/,,"Ardgillan Castle, | located about 30 minutes drive from Dublin centre, is definitely worth the drive. It’s a stunning visitor attraction with a range of facilities families can enjoy. | Discover a wonderful range of amenities which include Castle Tours, Spectacular Gardens, an Art Gallery, Open Art Studios, a Craft Shop, a Walking & Heritage Trail and Castle Tearooms. | The playground alone is worth the trip! They recently created a magical | Fairy Tree Trail | which is dotted around the woodland area of the walled garden and offers families a chance to learn about the different varieties of trees growing at Ardgillan. | After all of this, you can enjoy lunch or afternoon tea on their gorgeous terrace which is set in their private rose garden. | The demesne and gardens are | FREE to enter.","Ardgillan Demesne, Co. Dublin, K34 C984, Ireland",53.586603,-6.160401,Outdoor,,,,https://dublincitymum.ie/wp-content/uploads/2025/08/Screenshot-2025-09-04-at-13.33.34-800x600.png
Arnotts,https://dublincitymum.ie/listing/arnotts/,https://www.arnotts.ie/kids/nursery/cots-sleeping/,,"Arnotts – Kids | has you covered with everything from baby gear & nursery must-haves to clothes for toddlers and tweens, toys & games, shoes, gifts and more. They stock a massive range of trusted brands that deliver quality & style. Whether you’re shopping for school, playtime, or just something to delight your little one, Arnotts makes it easy.","Henry Street, Dublin, D01 HW54, Ireland",53.349452,-6.262514,Nursey Interiors + Baby Essentials,,,,https://dublincitymum.ie/wp-content/uploads/2025/08/arnotts-688x600.png
Art Zone,https://dublincitymum.ie/listing/art-zone/,https://www.artzone.ie/,+35314990614,"Artzone is all about nurturing creativity through visual arts. With a passion for teaching and a commitment to high-quality education, Artzone helps students develop their artistic skills in a fun and supportive environment. | As part of an internationally recognized organization, students gain access to top-notch art education while exploring their creative potential.","Castleside Drive, Rathfarnham, Dublin 14, Ireland",53.298569,-6.280882,Art,,,,https://dublincitymum.ie/wp-content/uploads/2025/06/Screenshot-123.png
Article,https://dublincitymum.ie/listing/article/,https://article.ie/,,"Article | is one of Dublin’s most beautiful design destinations, a contemporary home and lifestyle store tucked inside the elegant Powerscourt Townhouse Centre. Founded in 2010, it’s the kind of shop that makes you want to redecorate your whole home, calm, stylish, and full of clever, beautiful things that bring joy to everyday living. | Every shelf is thoughtfully curated, mixing Irish craftsmanship with design finds from around the world. From ceramics and glassware to textiles, stationery, candles, and home décor, Article has that perfect balance of practicality and charm. It’s a wonderful place to pick up a gift, refresh your space, or treat yourself to something special that feels both modern and timeless. Stylish, sustainable, and proudly Dublin-based.","2 William St S, Dublin 2, D02 T189, Ireland",53.342236,-6.262183,Brands We Love; Gifts; Homeware,,,,https://dublincitymum.ie/wp-content/uploads/2025/11/Screenshot_2-11-2025_84648_article.ie_-693x600.jpeg
Ashgrove Creche & Montessori,https://dublincitymum.ie/listing/ashgrove-creche-montessori/,https://ashgrovecreche.ie/,+35312962700,Creche & Montessori | From 20 months to 6 years,"61 Churchtown Rd Lower, Farranboley, Dublin 14, D14 FY70",,,Crèches,,,,https://dublincitymum.ie/wp-content/uploads/2025/08/markus-spiske-vblGMzpFvmY-unsplash-800x600.jpg
Ask the Midwife,https://dublincitymum.ie/listing/ask-the-midwife/,https://askthemidwife.ie/,,"Lisa Courtney is a qualified midwife and Infant Sleep Practitioner who provides sleep consultations through Ask the Midwife. With a blend of clinical expertise and parental support, Lisa helps families with issues such as frequent night waking, short naps, and sleep associations. She offers 30- and 60-minute consultations, creating flexible strategies tailored to each child’s developmental stage and the family’s lifestyle.","Dublin, Ireland",53.349805,-6.26031,Sleep Consultants,,,,https://dublincitymum.ie/wp-content/uploads/2025/08/Screenshot-2025-08-26-at-16.58.15-800x600.png
Aura Leisure,https://dublincitymum.ie/listing/aura-leisure/,https://www.auraleisure.ie/location/dublin-navan-road/contact/,+35318385422,"Aura Leisure De Paul on Navan Road, Dublin 7, offers a comprehensive and engaging swimming programme for children aged 4 and up. | Their Swim Academy features 10 progressive levels, starting from foundational water skills in the “Ducklings” class to advanced stroke techniques and lifesaving skills in the “Sharks” level. | Each stage is designed to build confidence, safety awareness, and swimming proficiency in a fun and supportive environment. | Lessons are conducted by professionally trained instructors in both learner and main pools, ensuring appropriate challenges as children advance. | For younger swimmers, the Junior Swim Academy provides “Swim Baby” classes for infants aged up to 30 months and “Swim Tots” classes for toddlers, focusing on water familiarity and parent-child bonding. | With free swim assessments available to determine the appropriate starting level, Aura Leisure De Paul ensures that every child receives personalized instruction tailored to their needs.","Aura De Paul Swimming Pool, St. Vincent's Centre, Navan Road, Dublin 7",,,Swimming,,,,https://dublincitymum.ie/wp-content/uploads/2025/06/Screenshot-112.png
Autograph Events,https://dublincitymum.ie/listing/autograph-events/,https://autographevents.ie/,,"Autograph Events believe that the key component to any party, for any age is the entertainment. Entertaining your little guests will leave a lasting impact, and they want to help you get it right. | With 10 years of experience in the music industry, CEO Suzy Cousins knows exactly who will bring the party. She takes a very personal approach to entertainment chosen through Autograph Events, ensuring that every DJ, musician, band, and magician on the books is experienced, passionate, exceptionally reliable and above all else, entertaining.","Autograph Events 33 Oakley Park, Clontarf, Dublin D03 KC95.",,,Party Entertainers,,,,https://dublincitymum.ie/wp-content/uploads/2025/08/autograph-768x600.jpeg
Avoca,https://dublincitymum.ie/listing/avoca-2/,https://www.avoca.com/en/homeware,,"Avoca | is a perfect pick if you’re looking to bring a true slice of Irish style into your space. Rooted in heritage (they’ve been weaving in County Wicklow since 1723) their homeware collection spans beautifully made throws, tableware, scented candles and decorative pieces. What makes it extra special? Each item carries craftsmanship, practicality and style, so you don’t just get a pretty accessory, you get something built to last. Whether you’re cosying up the living room or adding a thoughtful gift into the mix, Avoca makes it easy to choose Irish design with heart.",,,,Brands We Love; Gifts; Homeware,,,,https://dublincitymum.ie/wp-content/uploads/2025/10/Screenshot_26-10-2025_10440_www.avoca_.com_-771x600.jpeg
Avoca Hockey Club,https://dublincitymum.ie/listing/avoca-hockey-club/,https://avocahockeyclub.ie/,,"Avoca Hockey Club, based in South Dublin, is one of Ireland’s oldest and largest hockey clubs, with a vibrant junior section of around 800 boys and girls training each week. | ​ | The club offers a fun, inclusive, and safe environment where children of all levels can develop their skills, make friends, and enjoy the sport – whether they’re playing for fun or aspiring to compete. | ​ | Junior training takes place across several South Dublin locations, including Newpark Comprehensive School, Sion Hill, Loreto Foxrock, and St. Andrew’s College, ensuring access for families throughout the area. | ​ | Affiliated with Hockey Ireland and the Leinster Hockey Association, Avoca’s junior section is a great entry point into the sport, supported by experienced coaches and a strong community spirit.","Newtownpark Ave, Newtown Castlebyrn, Blackrock, Co. Dublin",,,Hockey,,,,https://dublincitymum.ie/wp-content/uploads/2025/08/Screenshot-247.png
Avoca Malahide,https://dublincitymum.ie/listing/avoca-malahide/,https://www.avoca.com/en/stores-and-cafes/malahide,+35318931900,"Avoca Malahide | (Malahide Castle) | A beloved Malahide treasure, this café inside the castle grounds blends heritage and family friendliness with ease. Expect homey, wholesome brunch fare, a kids’ menu, high chairs, and a serene castle backdrop. A relaxing, cozy mid-range spot. | Kids Menu: | Yes | High Chairs: | Yes | Baby Changing: | Yes | Why It’s Great: | Meals with a view—and a menu that makes families feel at home. | Nearby Family Activity: | Roam the magical gardens and playgrounds of | Malahide Castle | , | perfect for little explorers","Castle Lawns, Yellow Walls, Malahide, Co. Dublin, Ireland",53.453692,-6.184555,Eat,,,,https://dublincitymum.ie/wp-content/uploads/2025/06/Screenshot-100.png
Avoca Monkstown,https://dublincitymum.ie/listing/avoca/,https://www.avoca.com/en/stores-and-cafes/monkstown,+35312020230,"Avoca Monkstown | (Monkstown) | Homey meets stylish at this charming café-restaurant. With a kids’ menu, high chairs, and a lovely setting, it’s a family-favourite for leisurely brunches or casual dinners—at a comfortable mid-range price. | Kids Menu: | Yes | High Chairs: | Yes | Baby Changing: | Not listed | Why It’s Great: | Beautiful interiors, thoughtful menus, and a sense of occasion with kids in tow. | Nearby Family Activity: | A short walk to | Monkstown Harbour and Harbour Playground | makes a lovely combo of food and play.","11A Monkstown Crescent, Dún Laoghaire, Monkstown, Co. Dublin, Ireland",53.294026,-6.152224,Eat,,,,https://dublincitymum.ie/wp-content/uploads/2025/05/Screenshot-98.png
Awesome Walls,https://dublincitymum.ie/listing/awesome-walls/,https://awesomewalls.ie/dublin/,,"Adventure lovers, this one’s for you—and your energetic little climbers too. Awesome Walls is one of Europe’s largest and most modern indoor climbing centres, with over 2,000 m² of climbing space featuring both bouldering and roped walls for every level of explorer. Whether your crew is trying their hands for the first time or already scaling like mini Spidermans, the friendly instructors are there to guide you every grip of the way. It’s the perfect spot to swap rainy-day cabin fever for a high-energy adventure the whole family will love. | From one-hour | Taster Sessions | to the | Kids Climb | programme for ages 4 and up, there’s something for everyone, and with routes refreshed weekly, every visit feels like a new challenge. Planning a birthday or special outing? They’ve got you covered with party packages and private rooms, making celebrations stress-free and full of fun. Active, confidence-boosting, and endlessly exciting, Awesome Walls is the kind of place that keeps kids engaged and grown-ups grinning.","Unit 6 North City Business Park, North Rd, Finglas, Dublin 11, Ireland",53.397237,-6.320042,Indoor,,,,https://dublincitymum.ie/wp-content/uploads/2025/08/awesome.png
B.A.N.T.S,https://dublincitymum.ie/listing/b-a-n-t-s/,https://bants.ie/,+353876810132,"With over 65 years of experience, B.A.N.T.S is Ireland’s oldest theatre school, offering Speech and Drama classes for children and teenagers aged 4 to 18 in Dublin. Founded in 1951, the school has a rich legacy of excellence and a reputation for fostering a lifelong love of drama. | ​ | Classes focus on building confidence, clear speech, and creativity, whether students are beginners or more advanced. Small class sizes ensure individual attention, and students have the opportunity to take Grade Examinations with Trinity College London and participate in solo and group competitions throughout the year. | ​","Rathmines, Dún Laoghaire, Castleknock and Dundrum.",,,Drama,,,,https://dublincitymum.ie/wp-content/uploads/2025/08/Screenshot-198.png
Ba-Goose Clothing,https://dublincitymum.ie/listing/ba-goose-clothing/,https://bagoose.com/,,"Ba-Goose Clothing | has been keeping Irish kids cosy for decades with its handmade fleeces and outerwear, all crafted in Cork. Known for its bright colours, durable fabrics and clever, child-friendly design, Ba-Goose is a beloved staple for Irish families who value warmth and wearability. Proudly Irish, proudly practical.",,,,kids Apparel,,,,https://dublincitymum.ie/wp-content/uploads/2025/11/Screenshot_1-11-2025_11138_bagoose.com_.jpeg
BaaBaa BlackSheep,https://dublincitymum.ie/listing/baabaa-by-blacksheep-cafe/,https://www.blacksheepfoods.ie/baabaa,,"BaaBaa by BlackSheep (Chapelizod) | A warm and welcoming café run by the BlackSheep Foods catering crew, this spot is perfect for families looking for delicious, seasonal food in a relaxed setting. Think fresh breakfast & lunch, homemade sausage rolls, breakfast pots, treats, and wholesome salads—all made from quality Irish produce. Whether it’s a weekend pancake run or a quieter lunch with friends and toddlers, the menu has something for everyone. | Kids Menu: | Not formal, but plenty of taste-friendly options to share. | High Chairs: | Yes (typical café setting). | Baby Changing: | No. | Why It’s Great: | Good food, locally sourced, comfortable café vibe—perfect for mums, dads, babies, toddlers & grandparents alike. | Nearby Family Activity: | A wander through | Phoenix Park | is just around the corner—and with its playgrounds, wide open spaces, and even a zoo, it pairs beautifully with brunch or lunch at BaaBaa.","30 Main St, Chapelizod, Dublin 20, D20 W084, Ireland",53.349649,-6.344271,Eat,,,,https://dublincitymum.ie/wp-content/uploads/2025/09/Screenshot-2025-09-22-at-09.25.18-800x600.png
Babateen,https://dublincitymum.ie/listing/babateen/,https://www.babateen.com/,,"Babateen | specialises in smart, space-saving furniture designed for growing families. From wall beds and nursery cots that adapt over time, to custom wardrobes and clever bedroom treats, they make the most of every corner. Stylish, high-quality & practical — perfect if you want nursery & kids’ furniture that works hard without crowding the room.",Online,,,Nursey Interiors + Baby Essentials,,,,https://dublincitymum.ie/wp-content/uploads/2025/08/babateen-800x547.png
Babogue,https://dublincitymum.ie/listing/babogue/,https://www.babogue.com/,,"Erica Hargaden is a Certified Child Sleep Consultant (Family Sleep Institute) and mother of three. She founded Babogue after her own struggles with sleep deprivation and now supports families through evidence-based, empathetic solutions. Her services include one-to-one consultations, the Sleep Series program, and the Thrive membership community. Babogue has helped over 5,000 families across 37 countries. Erica regularly contributes to media and podcasts, sharing insights into creating positive sleep environments.",Online,,,Sleep Consultants,,,,https://dublincitymum.ie/wp-content/uploads/2025/08/Screenshot-2025-08-26-at-16.53.23-800x600.png
Baby Led Feeding,https://dublincitymum.ie/listing/baby-led-feeding/,https://www.babyledfeeding.com/,,"Feeding your baby should be joyful, not stressful. Aileen Cox Blundell, founder of | Baby Led Feeding | , has made it her mission to help families make mealtimes happy, healthy, and fun. | A bestselling author, award-winning food blogger, and mum of three, the gorgeous and brilliant Aileen brings warmth, wit, and real-life experience to every recipe and resource. Her website is packed with easy, nutritious, and totally delicious baby-led weaning ideas, from first foods to family feasts all designed to help little ones build confidence and curiosity around food. | We love Baby Led Feeding because it’s so much more than a recipe hub — it’s a movement led by one amazing woman who’s making family mealtimes simpler, healthier, and a whole lot more joyful.","Dublin, Ireland",53.349805,-6.26031,Weaning + Family Meals,,,,https://dublincitymum.ie/wp-content/uploads/2025/08/Screenshot-2025-08-26-at-17.28.39-800x600.png
Baby Sensory Ireland,https://dublincitymum.ie/listing/baby-sensory-ireland/,https://www.babysensory.ie/,,"Baby Sensory Class | Baby Sensory Ireland’s programme | (suitable from birth – 13 months) | has been designed specifically for babies from birth. The Baby Development activities stimulate the senses and help your baby develop, using a combination of original and traditional songs and rhymes to develop early communication skills, you will always remember the moment your baby first uses the signs of our Say Hello song which is played at the beginning of each Baby Sensory class. | ​ | Founder of Baby Sensory, Hello Baby and Toddler Sense Dr Lin Day (PhD, M.Phil, PGCE, FETC, BSc, Dip Ed), is a leading parenting experts and a renowned feature writer and speaker within the field of childcare and education. Her Toddler Sense programme | (suitable from 13 months – 3 years) | is an Adventure Play activity that has been designed to build on the skills acquired at Baby Sensory. Toddler Sense is an exciting introduction into learning through play. | With locations all over Dublin, find | your local class here.",Various locations,,,Baby + Toddler Classes,,,,https://dublincitymum.ie/wp-content/uploads/2025/08/baby-sensory.jpg
Back Street Dance,https://dublincitymum.ie/listing/back-street-dance/,https://bsddublin.com/,+3538902311,"Located 4 mins drive from Dublin Airport, back Street has been the home to a number of Ireland ‘s funkiest kidz & Hip Hop Champion dancers for over 5 years. They have classes for children | from 2 1/2 years to adults.","Columba House, Lakeshore Dr, Airside Retail Park, Swords, Co. Dublin",,,Dance,,,,https://dublincitymum.ie/wp-content/uploads/2025/06/Screenshot-130-800x433.png
Balance Ireland,https://dublincitymum.ie/listing/balance-ireland/,https://www.tbi.ie/aikido-kids,+35372297215,"Aikido is a dynamic martial art that combines practical self-defense techniques with a focus on building confidence and agility. Kids aged 7 to 15 can enjoy getting fit, increasing flexibility, and learning important skills like anti-bullying and coordination in a supportive and fun environment. | ​ | Classes are led by highly qualified, Garda-vetted instructors with over 20 years of experience. Safety and well-being are a top priority, and all classes follow national child protection guidelines. | ​ | Classes run with the school term and pause during holidays and midterm breaks. Wear track pants and a t-shirt for your first class",Cross Guns Business Park Royal Canal Bank Phibsborough,,,Sport,,,,https://dublincitymum.ie/wp-content/uploads/2025/08/Screenshot-203.png
Balcultry Stables,https://dublincitymum.ie/listing/balcultry-stables/,https://balcultrystables.ie/,+353860528313,"Balcultry create a happy environment in which kids can learn about horses, how to ride and look after them. The welfare of our animals is always paramount! | ​","Balcultry Road, Swords, Co Dublin",,,Horse Riding,,,,https://dublincitymum.ie/wp-content/uploads/2025/07/Screenshot-166.png
Ballinteer St. Johns,https://dublincitymum.ie/listing/ballinteer-st-johns/,https://ballinteerstjohns.com/,+35314061373,"Ballinteer St Johns is a vibrant, community-focused GAA club based near Marlay Park in South Dublin, with over 3,000 members and 100 teams playing across all age groups. | ​ | The club runs a thriving Nursery programme for 5–7 year olds, introducing hundreds of children to Gaelic football, hurling, and camogie every weekend in a fun and supportive setting. | Training and matches take place at multiple local pitches including Marlay Park, Broadford, Nutgrove, and the Ballinteer Community School all-weather pitch. | ​","Grange Road, Baldoyle, County Dublin D13 H6N4, Ireland",53.396808,-6.140398,GAA,,,,https://dublincitymum.ie/wp-content/uploads/2025/08/Screenshot-222.png
Ballyboden St. Enda's,https://dublincitymum.ie/listing/ballyboden-st-endas/,https://www.ballyboden.ie/,+35314947950,"Founded in 1969, Ballyboden St. Enda’s is one of Dublin’s largest and most successful GAA clubs, with over 200 teams in football, hurling, camogie, and ladies football. The club serves families across Ballyboden, Rathfarnham, Knocklyon, Ballycullen, Ballyroan, and Firhouse from its home on Firhouse Road. | ​ | The club places a strong emphasis on youth development, with thriving juvenile and underage sections across all codes. Children can start their GAA journey through structured, age-appropriate training focused on skills, teamwork, and fun. | Ballyboden is also home to multiple All-Ireland Féile titles, reflecting its proud history of nurturing young talent.","Ballyboden St. Endas GAA, Camogie and Ladies Football Club, Firhouse Road, Dublin 16.",,,GAA,,,,https://dublincitymum.ie/wp-content/uploads/2025/08/Screenshot-223-800x600.png
Ballyfermot De La Salle,https://dublincitymum.ie/listing/ballyfermot-de-la-salle/,https://ballyfermotgaels.ie/,,"Ballyfermot De La Salle GAA has a proud history of fostering Gaelic games and community spirit in Dublin 10. Established in 1953, the club has grown from grassroots beginnings to become a central hub for football and hurling in Ballyfermot and beyond, serving families from Bluebell, Clondalkin, Palmerstown, Lucan and further afield. | ​ | The club runs a vibrant juvenile programme, with over 12 teams and a growing youth membership. A standout initiative is the Bear Cubs nursery, started in 2019, offering children aged 3–6 the perfect introduction to Gaelic games through fun, active play.","Gurteen Rd, Johnstown, Dublin 10, D10 DV25",,,GAA,,,,https://dublincitymum.ie/wp-content/uploads/2025/08/Screenshot-224-800x600.png
Ballymun Kickhams,https://dublincitymum.ie/listing/ballymun-kickhams/,https://ballymunkickhams.com/,,"Ballymun Kickhams is one of Dublin’s most well-known GAA clubs, with a proud tradition of developing talented players and a strong community spirit. The club has produced several Dublin senior footballers and continues to grow with a thriving juvenile section. | ​ | Their popular Saturday morning nursery welcomes boys and girls aged 3 to 8 years, offering a fun, friendly and supportive environment to learn the basic skills of Gaelic football. It’s a great way for young children to stay active, make friends, and build confidence.","Collinstown Lane, Ballymun, Dublin 9, Ireland",,,GAA,,,,https://dublincitymum.ie/wp-content/uploads/2025/08/Screenshot-225.png
Banana Berry,https://dublincitymum.ie/listing/banana-berry/,https://bananaberrydesign.com/,,"Banana Berry | brings a burst of joy to Irish kidswear. Designed and made in Ireland, their pieces are fun, functional and made for movement — think bold prints, comfy fabrics and unisex cuts that let kids just be kids. Founder Aisling McKeon’s philosophy is all about embracing the chaos and colour of childhood, while keeping things sustainable with organic cotton and ethically produced fabrics. From matching sets to statement sweatshirts, Banana Berry is playful Irish design at its best.",,,,kids Apparel,,,,https://dublincitymum.ie/wp-content/uploads/2025/11/Screenshot_1-11-2025_11031_bananaberrydesign.com_-738x600.jpeg
Barn by Industry & Co,https://dublincitymum.ie/listing/we-are-barn-2/,https://wearebarn.com/,,"Barn by Industry & Co | on Exchequer Street is Scandinavian vibes meet practical magic. It’s full of whimsical charm and character, offering the most beautifully curated toys, books, clothing and accessories for babies through to older kids. Whether you’re after wooden toys, pretend-play kits, splashy rain gear or something cosy for nursery, they’ve got pieces you’ll actually love and want to cherish forever. Friendly service, top quality and great design make it an absolute gem when you want something special. If I owned a kids store, this would be it!","21 Exchequer Street, Dublin 2, Ireland",53.343028,-6.263694,Kids Store,,,,https://dublincitymum.ie/wp-content/uploads/2025/08/Screenshot-2025-08-27-at-11.53.11-800x600.png
Barn by Industry & Co,https://dublincitymum.ie/listing/we-are-barn/,https://wearebarn.com/,,"Barn by Industry & Co | on Exchequer Street is Scandinavian vibes meet practical magic. It’s full of whimsical charm and character, offering the most beautifully curated toys, books, clothing and accessories for babies through to older kids. Whether you’re after wooden toys, pretend-play kits, splashy rain gear or something cosy for nursery, they’ve got pieces you’ll actually love and want to cherish forever. Friendly service, top quality and great design make it an absolute gem when you want something special. If I owned a kids store, this would be it!",Various locations,,,Nursey Interiors + Baby Essentials,,,,https://dublincitymum.ie/wp-content/uploads/2025/08/Screenshot-2025-08-18-at-09.46.16-800x600.png
Beann Éadair,https://dublincitymum.ie/listing/beann-eadair/,https://beanneadair.ie/juvenile/,,"Located in Howth, Beann Éadair GAA is one of Ireland’s oldest clubs, founded in 1885. With a strong community spirit and deep roots in Gaelic games, the club has grown rapidly in recent years and now boasts over 1,400 members. | ​ | Beann Éadair offers juvenile football and hurling/camogie for boys and girls from Under 8 to Under 16. All teams play both codes and are led by a dedicated group of mentors.","Balkill Rd, Howth, Dublin, Ireland",,,GAA,,,,https://dublincitymum.ie/wp-content/uploads/2025/08/Screenshot-226.png
Beaumont Children's Club,https://dublincitymum.ie/listing/beaumont-childrens-club/,http://beaumontchildrensclub.com/,,After School Club | Children Collected from St. Fiachra’s School | Tutored Homework and Supervised Activities | Daily Junior Club: Homework Club from 1.20pm – 2.30pm | Club open ALL YEAR – NOT JUST TERM TIME,"Beaumont Children's Club, Scouts Den, Montrose Park, Artane, Dublin 5, D05 K524",,,Montessori Schools,,,,https://dublincitymum.ie/wp-content/uploads/2025/08/markus-spiske-Fm4KFTgwK0Q-unsplash-800x600.jpg
Bective Tennis,https://dublincitymum.ie/listing/bective-tennis/,https://bectivetennis.com/,,"Bective Tennis Club is a family-friendly club welcoming children aged 4 and up, with a focus on fun, development, and inclusive participation. | ​ | The junior programme includes: | After-school coaching throughout the year | Holiday tennis camps | Junior blitzes and supervised sessions | Social tennis mixers and inter-club events | Junior championships and parent-child tournaments | ​","Main Street, Donnybrook, Dublin, D04 A0P1, Ireland",,,Tennis,,,,https://dublincitymum.ie/wp-content/uploads/2025/08/Screenshot-300.png
Begley & Bowie,https://dublincitymum.ie/listing/begley-bowie/,https://begleyandbowie.bigcartel.com/,,"Begley & Bowie, | founded by the wonderfully talented Doireann Healy, is an Irish brand bursting with colour, joy, and creativity. Based in the picturesque town of Kenmare, Co. Kerry, Doireann designs and screen-prints her signature smile-inducing art onto eco-friendly fashion and homeware pieces that bring absolute joy. | Each piece in her collection reflects Doireann’s signature mix of bold design, humour, and heart, from playful prints to sustainably made sweatshirts and totes. Everything is crafted using organic cotton, recycled materials, and traditional screen-printing techniques, ensuring each item is as kind to the planet as it is joyful to wear. | With a background in interior design and an eye for the vibrant details of Irish life, the coast, the towns, the colour, the craic, Doireann brings a distinctive creative flair to everything she makes. Her work has even caught the attention of the National Gallery of Ireland and several boutique collaborations across the country.",,,,Brands We Love; Gifts; Homeware; kids Apparel,,,,https://dublincitymum.ie/wp-content/uploads/2025/11/Screenshot_3-11-2025_16615_begleyandbowie.bigcartel.com_-800x600.jpeg
Belgrave Nanny Agency,https://dublincitymum.ie/listing/belgrave-nanny-agency/,https://www.nanny.ie/,+35314934388,"Childminding Agency | Offer professional nannies, childminders and maternity nurses on a full time, temporary or contract basis. All candidates are professionally sourced, personally interviewed face to face, Garda vetted and reference checked through Belgrave Agency.","The Yard, Killakee Road, Killakee, Rathfarnham, Dublin 16. D16H223",,,Childminders,,,,https://dublincitymum.ie/wp-content/uploads/2025/08/Belgrave.png
Belgrave Square Park,https://dublincitymum.ie/listing/belgrave-square-park/,https://www.dublincity.ie/parks-and-nature/dublin-city-parks/visit-park/belgrave-square,,"Belgrave Square Park in Rathmines is a charming, family-friendly green space that offers a delightful blend of play, relaxation, and community spirit. The park features a well-maintained playground equipped with a wooden pirate ship, climbing structures, and slides, providing ample opportunities for children under 10 to explore and engage in active play. | Recently upgraded following consultations with children, the playground includes tunnels, climbers, and monkey bars, ensuring a fun and safe environment for young adventurers . The surrounding area boasts mature chestnut trees and a spacious grassy area, perfect for family picnics or a leisurely stroll. Additionally, the park has a communications board to assist children and adults who are pre-verbal or have communication difficulties, promoting inclusivity and accessibility . | With its welcoming atmosphere and thoughtful amenities, Belgrave Square Park is an ideal destination for families seeking a peaceful yet engaging outdoor experience | ​","Belgrave Square West, Rathmines, Dublin 6, Ireland",53.32315,-6.261603,Parks + Playgrounds,,,,https://dublincitymum.ie/wp-content/uploads/2025/08/Belgrave-800x600.jpg
Bella Baby,https://dublincitymum.ie/listing/bella-baby/,https://www.bellababy.ie/,,"Bella Baby | is your go-to for top-quality baby & nursery gear in Ireland — whether you’re after pushchairs, car seats, feeding essentials, nursery furniture or sweet little gifts. They stock all the big trusted brands, offer free click-and-collect, fast delivery if you order before midday, plus a generous 30-day returns policy. Practical, reliable, and baby-friendly every step of the way.",Various locations,,,Nursey Interiors + Baby Essentials,,,,https://dublincitymum.ie/wp-content/uploads/2025/08/bella-700x600.jpg
BellaMoon,https://dublincitymum.ie/listing/bellamoon/,https://bellamoon.co/,,"BellaMoon | makes bedtime and beyond a lot more comfy for mums, babies, and everyone in between. Their gorgeous range of maternity, feeding and body pillows (plus nursing nests & cocoons) are beautifully designed and offer real support when it matters most. Born from motherhood, made with care — if you’re after something that eases the physical (and emotional!) load during pregnancy, post-partum or night-time routines, this is one to know.","Dublin, Ireland",53.349805,-6.26031,Nursey Interiors + Baby Essentials,,,,https://dublincitymum.ie/wp-content/uploads/2025/08/Screenshot-2025-08-27-at-13.46.38-702x600.png
Beshoffs Howth,https://dublincitymum.ie/listing/beshoffs/,https://www.beshoffs.ie/,+35318397555,"Beshoffs | (Howth) | Local seafood has never been so family-friendly: high chairs, a kids’ menu, and stunning harbour views make Beshoffs a smart mid-range choice for families visiting the coast. | Kids Menu: | Yes | High Chairs: | Yes | Baby Changing: | Yes | Why It’s Great: | Great food, sea views, and a relaxed coastal charm that soothes everyone. | Nearby Family Activity: | Explore | Howth Cliff Walk | or the harbour for crabbing and sea breezes post-meal.","17-18 West Pier, Howth, Dublin, Co. Dublin, Ireland",53.389673,-6.072707,Eat,,https://www.beshoffs.ie/reservations,,https://dublincitymum.ie/wp-content/uploads/2025/06/Screenshot-101-800x474.png
Betty & Biddy,https://dublincitymum.ie/listing/14612/,https://bettyandbiddy.com/,,"Betty & Biddy | is Ireland’s ultimate go-to for jewellery that makes everyday feel a little bit elevated. Founded and proudly based in Dublin, the team live by five key values — simplicity, affordability, inclusivity, presence and joy. With designs created right here in Ireland, Betty & Biddy believe you should express your style, layer your look, and shine your way. Think chic necklaces, bold earrings, keepsakes with character all made to empower you, inspire you and elevate you.",,,,Jewellery Designers,,,,https://dublincitymum.ie/wp-content/uploads/2025/10/Screenshot_26-10-2025_91046_www.instagram.com_-551x600.jpeg
Beyond The Trees Avondale,https://dublincitymum.ie/listing/beyond-the-trees-avondale/,https://www.beyondthetreesavondale.com/,,"Adventurers wanted! The first of its kind in Ireland, the fully accessible | Treetop Walk and Viewing Tower | takes everyone to the very heart of the forest at Avondale, and beyond. Weave your way along the walkway exploring our trees, from top to bottom. | Rise up through our magnificent viewing tower to emerge high above the forest floor and enjoy panoramic views of Wicklow, before you whizz your way back to earth on the gigantic spiral slide, or take a more leisurely journey, down the gently sloping boardwalk. | The | Seed Cafe | onsite, provides teas, coffees and refreshments (and most importantly toilets!) | Suitable for children aged 8 years of age and upwards | Wheelchair friendly","Avondale, Co. Wicklow, A67 P303, Ireland",52.913358,-6.222523,Outdoor,,,,https://dublincitymum.ie/wp-content/uploads/2025/08/beyond-the-trees-570x600.png
Bibi’s Café,https://dublincitymum.ie/listing/bibis-cafe/,https://bibis.ie/,,"Bibi’s Café (Portobello, Dublin 8) | Tucked away in the charming streets of Portobello, Bibi’s Café is an absolute neighbourhood gem serving up the most delicious brunch dishes, great coffee, and heavenly treats that keep locals and blow-ins coming back for more again and again! While there’s no highchairs and it’s not huge, it’s perfect for babies in buggies and toddlers on chairs. I pretty much raised my second baby in Bibi’s! The gorgeous interiors, laid-back atmosphere and incredible food make it a winner for parents looking for a relaxed midweek cafe. Weekends are much busier, so stick to mid week for some peace and relative calm! | Kids Menu: | No, but lots of sharable plates and treats. | High Chairs: | No. | Baby Changing: | No. | Why It’s Great: | Cosy, casual, and perfect for families who love a warm, neighbourhood vibe with seriously good food, coffee and treats.","14b Emorville Avenue, Portobello, Dublin, Ireland",53.333606,-6.272609,Eat,,https://tables.toasttab.com/restaurants/2a5a4d02-e7b0-4d33-bd8c-cd8ff1e8db1c/reserve?partySize=2&dateTime=2025-09-01T12:00:00.000+01:00,,https://dublincitymum.ie/wp-content/uploads/2025/09/Screenshot-2025-09-01-at-11.57.54-742x600.png
Biddy’s Good Luck Horseshoes,https://dublincitymum.ie/listing/biddys-good-luck-horseshoes/,https://www.biddysgoodluckhorseshoes.com/,,"Biddy’s Good Luck Horseshoes | is a family-run Irish brand from Kilkenny that transforms genuine horseshoes into elegant, meaningful gifts steeped in tradition and style. Each piece begins life as a horseshoe that once carried a horse across Irish countryside and now is reborn with luxury ribbon, bespoke finishes and a story of good fortune. | From wedding keepsakes to new-home blessings and personalised “good luck” pieces for every occasion, Biddy’s offers a beautifully crafted way to share Irish charm, authenticity and craftsmanship",,,,Gifts,,,,https://dublincitymum.ie/wp-content/uploads/2025/10/IMG_7204-scaled-1-800x600.jpeg
Big Fan,https://dublincitymum.ie/listing/big-fan/,https://www.bigfan.ie/,+35315388886,"Big Fan | (Aungier Street, Dublin 2) | An award-winning Asian fusion hotspot known for Michelin-recommended dishes. Handmade dumplings, bao, and flavor-packed small plates make this a standout, but be aware, it’s on the pricier side and tables are close together, so it’s best suited for calmer little diners or older kids who can settle in. | Kids Menu: | No, but focus on sharing style plates. | High Chairs: | No. | Baby Changing: | No. | Why It’s Great: | Exceptional Asian flavours and vibrant presentation, great for gastronomic-leaning families! | Nearby Family Activity: | Make it a cultural day out with a visit to | Dublinia | , | just a short walk away. This immersive museum brings Viking and medieval Dublin to life with interactive exhibits that kids love—think costumes, model ships, and even a climb up St. Michael’s Tower for sweeping city views.","16 Aungier Street, Dublin 2, Ireland",53.340353,-6.265476,Eat,,https://www.bigfan.ie/booking,,https://dublincitymum.ie/wp-content/uploads/2025/08/Big-Fan-800x600.jpg
Billie Bubbles,https://dublincitymum.ie/listing/billie-bubbles/,https://www.kidsparty.ie/,,"Billy Bubbles is a full-time professional children’s entertainer and magician based in Dublin, offering a range of engaging party packages designed to ensure a stress-free experience for both parents and children. With over 20 years of experience, Billy has performed at numerous events, from intimate home gatherings to large public festivals, earning a reputation for his ability to captivate young audiences. | His performances are tailored to suit various age groups, incorporating interactive magic shows, Punch & Judy puppet performances, and fun party games. Each package is designed to keep children entertained and engaged, allowing parents to relax and enjoy the celebration. Billy’s approach focuses on creating memorable experiences through professional and friendly service, ensuring delighted children and relaxed parents","Dublin, Ireland",53.349801,-6.260296,Party Entertainers,,,,https://dublincitymum.ie/wp-content/uploads/2025/08/Screenshot-253.png
Billy Barry Stage School,https://dublincitymum.ie/listing/billy-barry-stage-school/,https://www.billiebarrystageschool.ie/contact.html,+3538332522,The Billie Barry Stage School takes a practical and balanced approach that allows students of all abilities to enjoy themselves and be educated without false expectations or demands being placed upon them. The Billie Barry Stage School is a meeting place where students aged 3 to 20 can socialise together while learning a variety of performing art forms in a professional and disciplined environment.,"Scoil Mhuire, 34 Griffith Avenue, Marino",,,Dance,,,,https://dublincitymum.ie/wp-content/uploads/2025/06/Screenshot-134.png
Blanch Music,https://dublincitymum.ie/listing/blanch-music/,https://www.blanchmusic.com/contactus,+35318103504,Blanchardstown School of Music was setup to provide music lessons in a variety of musical disciplines. The aim of the school is to provide a fun a vibrant musical education for its students with a strong emphasis on getting the best from our students.,,,,Music,,,,https://dublincitymum.ie/wp-content/uploads/2025/06/Screenshot-148.png
Bloomfield Childcare,https://dublincitymum.ie/listing/bloomfield-childcare/,https://www.bloomfieldchildcare.ie/,,Childcare & Montessori,"46 Bloomfield Park, Donnybrook, Dublin 4 – D04E8X5",,,Montessori Schools,,,,https://dublincitymum.ie/wp-content/uploads/2025/08/erika-fletcher-YfNWGrQI3a4-unsplash-800x600.jpg
Board Dublin,https://dublincitymum.ie/listing/board-dublin/,https://boarddublin.com/,+35315582158,"Board Dublin | (29 Clanbrassil Street Upper, Dublin 8) | Board Dublin is a board games bar and café, where you can sip on low or no-alcohol drinks while diving into over 200 games, from quick card duels to deep strategy boards! | The vibe is casual, inclusive, and relaxed, perfect for families keen to mix mealtimes with play! Our kids absolutely love it here, delicious pizzas and a treasure trove of board games that keep the kids (and us) entertained! Plus it’s very dog friendly so the whole family is happy. | Kids Menu: | No but the brunch menu with pancakes as just as delicious as the pizzas. | High Chairs: | No. | Baby Changing: | No. | Why It’s Great: | Infinitely replayable fun meets comfort, a rare blend that keeps kids engaged and parents relaxed. | Nearby Family Activity: | Wrap up your foodie-gaming session with a walk along the | Grand Canal, | a gentle saunter away. Feed the ducks, ride scooters, or simply just enjoy the walk.","29 Clanbrassil Street Upper, Harold's Cross, Dublin 8, Dublin, D08 E1X9, Ireland",53.33043,-6.27564,Eat,,https://boarddublin.com/,,https://dublincitymum.ie/wp-content/uploads/2025/08/Screenshot-2025-08-17-at-17.20.27-2-800x600.png
Bold Bunny,https://dublincitymum.ie/listing/bold-bunny/,https://boldbunny.ie/,,"An Irish brand brimming with vivid designs and youthful spirit, Bold Bunny creates gorgeous bold patterned cards, prints, calendars and more.","Dublin, Ireland",53.349805,-6.26031,Gifts,,,,https://dublincitymum.ie/wp-content/uploads/2025/08/Screenshot-2025-08-27-at-13.56.21-800x600.png
Bona MacNally School of Dance,https://dublincitymum.ie/listing/bona-macnally-school-of-dance/,https://www.bronamacnally.com/contact-us/,+353866025744,"The School is fundamentally a classical ballet school, training the children in the Royal Academy of Dance system (RAD). The students undergo the examination system as well as performing in the many School productions that take place. The School teaches children from 3 to 21 years of age at two venues in Blackrock, Co Dublin. | The Junior children take part in classes that encourage the joy of dance, and examinations only begin when Brona feels the children are ready.","St. Andrew’s Presbyterian, Church Hall, Mount Merrion Avenue, Blackrock",,,Dance,,,,https://dublincitymum.ie/wp-content/uploads/2025/06/Screenshot-135.png
Books Upstairs,https://dublincitymum.ie/listing/books-upstairs/,https://booksupstairs.ie/,,"Tucked away in a cosy corner, Books Upstairs carries a handpicked selection of children’s books, made for quiet reading moments, giggles, and imaginative journeys.","17 D'Olier Street, Dublin 2, Dublin, Ireland",53.346155,-6.257377,Books,,,,https://dublincitymum.ie/wp-content/uploads/2025/08/Screenshot-2025-08-28-at-14.49.07-796x600.png
Bord Gais Energy Theatre,https://dublincitymum.ie/listing/bord-gais-energy-theatre/,https://www.bordgaisenergytheatre.ie/,,"A must-visit for families who love a bit of theatrical magic! The Bord Gáis Energy Theatre is Ireland’s largest indoor theatre, located in the heart of Dublin’s Docklands. With its stunning glass-fronted design and comfy seating for over 2,000, it’s the perfect place to introduce little ones (and big kids too!) to the wonder of live performance. | This world-class venue regularly brings top West End and Broadway family hits to Dublin—think Wicked, The Lion King, Frozen, Aladdin, Mary Poppins, Matilda, and Shrek The Musical. There’s always something spectacular lined up during school holidays, making it a go-to spot for memorable days out with the kids. | Easy to get to, buggy-friendly, and with plenty of food spots nearby, it’s an ideal choice for a special family outing, rain or shine!​","Grand Canal Dock, Dublin, D02 PA03, Ireland",53.344203,-6.240211,Indoor,,,,https://dublincitymum.ie/wp-content/uploads/2025/08/bget-800x600.jpg
Born & Bred,https://dublincitymum.ie/listing/14770/,https://wearebornandbred.com/,,"Born & Bred | is your go-to for Irish-made charm with a twist. Offering a rich mix of home-ware, kids’ gifts, and playful accessories, this brand celebrates local craftsmanship and character in equal measure. From cozy baby blankets and bibs to witty mugs, colourful socks and stylish enamel pins, each piece is proudly created with Irish design sensibility. | With its roots in Northern Ireland and a keen eye for fun, stylish gifting, Born & Bred brings warmth, wit and wonderful makes to any home or little one’s room — the perfect pick for parents and design-lovers alike.",,,,Brands We Love; Gifts; Homeware,,,,https://dublincitymum.ie/wp-content/uploads/2025/10/Screenshot_31-10-2025_112223_wearebornandbred.com_-703x600.jpeg
Bounce Gymnastics,https://dublincitymum.ie/listing/bounce-gymnastics/,https://www.bouncegymnastics.ie/,,"Bounce Gymnastics is a family-run after-school gymnastics club with locations in Meath and Dublin. Focusing on fun and participation rather than competition, Bounce aims to build coordination, flexibility, and strength in a safe and inclusive environment. | With a team of talented and qualified coaches, they encourage kids to develop fitness, confidence, and self-esteem while learning new skills. It’s all about promoting a healthy lifestyle and making gymnastics enjoyable for everyone. | ​","Froebel Hall, Westfield off Mount Merrion Avenue, Blackrock, Co. Dublin",,,Gymnastics,,,,https://dublincitymum.ie/wp-content/uploads/2025/07/Screenshot-176-800x569.png
Bow & Pear,https://dublincitymum.ie/listing/bow-pear/,https://www.bowandpearl.com/,,"Bow & Pearl | is the epitome of Dublin chic and the brainchild of the gorgeous Bronagh, whose impeccable eye for fashion shines through every corner of this gorgeous boutique. Tucked inside the Swan Centre in Rathmines, this beautifully curated boutique is where effortless style meets everyday luxury—think covetable accessories, and timeless pieces with a modern edge. | Alongside their stunning women’s collections, you’ll find | Bow Baby | , a dreamy edit of children’s knitwear, toys, and gifts that are as charming as they are high-quality. Whether you’re refreshing your wardrobe or choosing something special for your little one, Bow & Pearl is your go-to for that effortlessly polished kind of vibe.","6 Rathmines Rd Lower, Rathmines, Dublin 6, D06 XW92, Ireland",53.326135,-6.264975,Brands We Love; Gifts; kids Apparel,,,,https://dublincitymum.ie/wp-content/uploads/2025/11/Screenshot_12-11-2025_111214_www.instagram.com_-606x600.jpeg
"Bravehearts Halloween Camp at Trinity Sports Centre, Dublin city centre",https://dublincitymum.ie/listing/bravehearts-halloween-camp-at-trinity-sports-centre-dublin-city-centre/,https://www.tcd.ie/sport/childrens-activities/braveheart-camps/,+35318961812,"** Flexible day bookings now available for €50 per day ** | Join us this mid-term break for an action-packed Bravehearts Halloween Camp 2025 at Trinity Sport! | Running from Tuesday 28 October to Friday 31 October, the camp offers a full day of fun from 9am to 4pm with Pre-care (from 8am) and Post-care (until 5pm) options available. | Children aged 4-14 years will enjoy a wide range of exciting activities, from swimming, rugby and climbing to arts & crafts, dance and nature walks – all led by friendly, qualified coaches. | Prices start from €170 for the week or day bookings for €50, with flexible care options and sibling discounts available. | Spaces are limited, so secure your spot now through our SportsKey booking platform at | https://portal.sportskey.com/venues/trinity-college-santry-sports-grounds/events | For any queries, contact | children.sports@tcd.ie | or call reception on 01 896 1812.","43 Pearse Street, Dublin 2, Dublin, D02 W085, Ireland",53.344333,-6.249719,Sports,,,,https://dublincitymum.ie/wp-content/uploads/2025/10/insta-post-Bravehearts-halloween-camp-2025-800x600.png
Breastfeeding .ie,https://dublincitymum.ie/listing/breastfeeding-ie/,https://www2.hse.ie/babies-children/breastfeeding/,,"The HSE’s Breastfeeding Supports provide comprehensive, evidence-based guidance for parents across Ireland. Services include antenatal breastfeeding preparation, local support groups, and one-to-one assistance with common challenges such as positioning, latch, expressing, and milk supply. Parents can access professional advice through hospital-based lactation consultants, public health nurses, and community midwives, with many also available online via the | Ask Our Breastfeeding Expert | live | chat and email service. These resources ensure families receive consistent, expert-led support throughout their breastfeeding journey, at no cost.",Various Locations,,,Breastfeeding,,,,https://dublincitymum.ie/wp-content/uploads/2025/08/hanna-balan-_XdzYhDlK4Y-unsplash-800x600.jpg
Breastfeeding Support,https://dublincitymum.ie/listing/breastfeeding-support/,https://www.breastfeedingsupport.ie/,+353862312679,"Breastfeeding Support – Nicola O’Byrne, Lactation Consultant (Dublin & Online) | Whether you’re expecting your first baby or juggling breastfeeding with toddler life and sleep deprivation, Nicola O’Byrne offers compassionate, expert help just when you need it. With over 30 years of experience as a neonatal and paediatric nurse turned lactation consultant, she provides | personalised, non-judgemental | support through 1:1 consultations (in person or online), antenatal prep classes, twin-specific sessions, pumping masterclasses, guidance on introducing solids (“Boob and Food”), and help with gently stopping when the time comes. You can even order a colostrum-expressing kit to get a head start on early feeding, and there’s a blog and weekly newsletter packed with practical tips. Perfect for parents who want guidance that’s realistic, empowering, and tailored to their breastfeeding goals.","3 Landscape Rd, Rathfarnham, Dublin 14, D14 WC65",,,Breastfeeding,,,,https://dublincitymum.ie/wp-content/uploads/2025/09/Screenshot-337.png
Breathing Space,https://dublincitymum.ie/listing/breathing-space/,https://breathingspacedublin.com/,,"Step into Breathing Space and discover a beautiful refuge made for you and your little one, a wellness haven nestled in the heart of Dublin 8 on Cork Street and Donore Avenue. Here, movement, yoga, Pilates, and mindful self-care are gently reimagined for families. With an inclusive philosophy that celebrates and normalises every body—Fat Positive, Queer, Trans, Disability and Race Positive—Breathing Space offers baby-friendly movement sessions that nurture both parent and child. Imagine soft stretches, mindful breaths, and a calm community where you and your baby can be fully seen, supported, and connected—whether you’re new to movement or just craving some peaceful “us” time together. Think of it as your kinder, gentler mini-retreat, no tantrums, just tiny smiles and deep breaths! | Their | Baby & Me | sessions are part gentle stretch, part lullaby, and 100% giggles, where you get to bond and breathe. | Their | Active Birth Partner Workshop | is your ticket to a power-packed doula-led crash course: breathing strategies, body-wise support moves, and birth-ready confidence. They even slip in pregnancy-safe reformer Pilates and soothing postpartum movement, because “move-and-cuddle” should always be the mantra. It’s like your weekly calm + connection sandwich, with extra baby giggles on the side.","Southgate, Cork St, Dublin, D08 VHW1",,,Pre + Postnatal Exercise; Wellbeing,,,,https://dublincitymum.ie/wp-content/uploads/2025/09/Screenshot-2025-09-06-at-15.46.56-800x600.png
Bricks 4 Kidz,https://dublincitymum.ie/listing/bricks-4-kidz/,https://bricks4kidz.ie/our-programs/birthday-parties/,,"Bricks 4 Kidz | is a STEM-based party experience where children aged 5 to 12 dive into themed LEGO®-building adventures with a party host guiding the fun. | They’ll kick off with colourful bricks, move into LEGO®-based games and activities like “Mining & Crafting”, “Jurassic Brick Land” or “Superhero Academy”, and wrap up with the birthday child in the spotlight. | These parties are perfect for birthday bashes, with flexible themes, plenty of creative play, and minimal planning for parents—just bring the cake and invite the fun.","Dublin, Ireland",53.349805,-6.26031,Party Venues,,,,https://dublincitymum.ie/wp-content/uploads/2025/10/Screenshot_19-10-2025_92729_bricks4kidz.ie_-800x600.jpeg
Brother Hubbard North,https://dublincitymum.ie/listing/brother-hubbard-north/,https://brotherhubbard.ie/contact/,+35314411112,"Brother Hubbard North (Capel Street, Dublin 1) | Tucked in among the buzz of Capel Street and just a stone’s throw from the Liffey, Brother Hubbard North is a spacious, plant‑filled café with a super family friendly vibe and amazing Middle Eastern brunch. From sunrise ’til afternoon, it’s serving up beautifully crafted dishes that feel both familiar and delightfully unexpected. Their thoughtful | Menu for Little Ones | features gems like French toast with chocolate ganache or yogurt-and-grapes, toast soldiers with scrambled egg, even little waffles with scrambled egg and a baby-friendly “BabyChino” on the house! And there’s loads of room for buggies too thanks to its generous, airy layout. | Kids Menu: | Yes . | High Chairs: | Yes. | Baby Changing: | Yes. | Why It’s Great: | Spacious, relaxed, and full of flavour, Brother Hubbard North nails that sweet spot where grown-ups can enjoy top-notch brunch while kids tuck into their own mini menu, buggies, BabyChinos, and all. | Nearby Family Activity: | Explore Irish history at the amazing | Collins Barracks | with | free admission | , which has a collection of exhibits showcasing everything from military history to decorative arts. The museum offers a variety of hands-on displays that make history fun and accessible for kids. They also run tons of brilliant family events throughout the year, check out their upcoming events to see | what’s on.","153 Capel Street, Rotunda, Dublin 1, Ireland",53.350394,-6.269579,Eat,,https://brotherhubbard.ie/book-now/,,https://dublincitymum.ie/wp-content/uploads/2025/05/Screenshot-2025-09-01-at-12.13.20-800x600.png
Brown Box Catering,https://dublincitymum.ie/listing/brown-box-catering/,https://brownboxcatering.com/,,"Brown Box Catering provides your family with a healthy alternative to high street food options. Their menu changes seasonally based on the freshest ingredients available, with all food options made to order daily. Homemade never tasted so good! | Kildare based Brown Box Catering serve a range of locations: | Celbridge, Leixlip, Lucan, Maynooth, Tallaght, Citywest & Dublin | .",UNIT 22/23 CELBRIDGE CO. KILDARE W23 KD30,53.380717,-6.59159,Cakes + Caterers,,,,https://dublincitymum.ie/wp-content/uploads/2025/08/Brown-box.png
Brown Thomas,https://dublincitymum.ie/listing/brown-thomas/,https://www.brownthomas.com/search/?q=nursery&lang=en_IE,,"Brown Thomas – Nursery & Children’s Collection | is where style meets the sweetest of necessities. Think designer baby clothes & accessories, enchanting toys & games, gorgeous bedding & décor — all stocked with premium brands that deliver both quality and cuteness. Whether you’re after something special for a newborn, gifts for toddlers, or beautiful basics, Brown Thomas makes luxury feel accessible for little ones.","88 Grafton Street, Dublin, D02 VF65, Ireland",53.342391,-6.259919,Nursey Interiors + Baby Essentials,,,,https://dublincitymum.ie/wp-content/uploads/2025/08/brown-thomas.png
Brushstrokes,https://dublincitymum.ie/listing/brushstrokes/,https://www.brushstrokes.ie/contact,+35316402857,"Brushstrokes offers art classes for children aged 6-12, creating a relaxed and fun environment where kids can explore their creativity at their own pace. Classes are designed to nurture natural artistic abilities while guiding structured progression in drawing and painting. Whether your child is just starting out or looking to develop their skills further, Brushstrokes provides a supportive space to grow and learn.","6 Sweeney Mews, Ongar, Dublin 15, D15 VX0K",,,Art,,,,https://dublincitymum.ie/wp-content/uploads/2025/06/Screenshot-124.png
BuJo,https://dublincitymum.ie/listing/bujo-2/,https://bujo.ie/,,"BuJo (Sandymount, Dublin 4) | Just off Sandymount Green, BuJo is a burger joint with a conscience, and it’s perfect for families. The menu is packed with juicy grass-fed Irish beef burgers, veggie and vegan options, plus a dedicated kids’ menu with smaller-sized meals that still bring all the flavour. Expect hand-cut fries, proper shakes, and fresh buns made with care. The bright, casual setting is spacious enough for buggies, and the atmosphere is always buzzing with families. BuJo is also big on sustainability, so you can feel good about what’s on your plate and how it’s served. | Kids Menu: | Yes. | High Chairs: | Yes. | Baby Changing: | Yes. | Why It’s Great: | Quality burgers, family-friendly seating, and a relaxed vibe make BuJo a brilliant pit stop. Add in their eco-friendly approach, and you’ve got a place where parents and kids are equally happy. | Nearby Family Activity: | Head to Sandymount Strand for a breezy walk, seashell collecting, and a chance for little ones to run wild along the wide, sandy beach. At low tide, it feels like you’ve got miles of space to explore, with stunning views across Dublin Bay.","6A Sandymount Green, Dublin 4, D04 XY70, Ireland",53.332117,-6.214578,Eat,,https://order.toasttab.com/online/bujo-burger-sandymount-6a-sandymount-green,,https://dublincitymum.ie/wp-content/uploads/2025/09/Screenshot-2025-09-16-at-16.19.23-800x600.png
BubbaBaby,https://dublincitymum.ie/listing/bubbababy/,https://bubbababy.ie/,,"BubbaBaby | offers stylish, multi-functional baby and toddler essentials designed with both form and function in mind. Their signature covers can be used as nursing covers, stroller shields, trolley covers, and more—perfect for protecting little ones from sun, wind, germs, or curious hands. | They also make clever Bubba Tags, which clip onto car seats, prams, or bags as a polite “please don’t touch” reminder—ideal for keeping germs at bay when baby is especially vulnerable. | With products that combine thoughtful design, everyday practicality, and a focus on safety, BubbaBaby is a great fit for parents seeking trusted, versatile baby gear.","2 Abbey Close, Rathfarnham, Dublin, Ireland",53.293816,-6.279405,Gifts; Nursey Interiors + Baby Essentials,,,,https://dublincitymum.ie/wp-content/uploads/2025/10/Screenshot_17-10-2025_1284_bubbababy.ie_.jpeg
Bump & Beyond,https://dublincitymum.ie/listing/bump-beyond/,https://bumpandbeyond.ie/antenatal-education/,,"Navigating pregnancy for the first (or even fourth!) time can feel overwhelming—but you don’t have to do it alone. At | Bump & Beyond, | antenatal classes are designed to empower expectant parents with the knowledge, confidence, and calm they need to prepare for birth and early parenthood. Run by experienced midwives and childbirth educators, these evidence-based, down-to-earth classes cover everything from labour and delivery to pain relief options, postnatal recovery, breastfeeding, newborn care, and more. | ​ | Held in a relaxed, supportive setting (both in-person and online), the classes are ideal for mums-to-be and their partners who want practical tools, real answers, and a community of support. Whether you’re preparing for your first baby or adding to your growing family, Bump & Beyond offers expert guidance every step of the way—so you feel ready, reassured, and fully informed.","Pembroke road, Ballsbridge, Dublin 4",,,Antenatal Classes,,,,https://dublincitymum.ie/wp-content/uploads/2025/08/baby-hand-1.jpg
"Bump, Baby & Me",https://dublincitymum.ie/listing/bump-baby-me-2/,https://bumpbabyandme.ie/,,"Welcoming every stage of your parenting journey, | Bump, Baby & Me | is your go-to for connection, support, and gentle strength. Led by the gorgeous and brilliant Kathy Milliken in Malahide, they offer pregnancy yoga, postnatal & mum-and-baby yoga, baby massage, MumFit, and empowering workshops to nurture body, mind and bond. | Whether you’re seeking calm, strength, rest, or the joy of shared moments with your little one, their classes are welcoming, evidence-based, and built to support the realness of motherhood. | We adore Bump, Baby & Me because it doesn’t just teach, it holds space. For women who are changing, growing, and learning every day.","Malahide Parish Pastoral Centre, Main St., Malahide, Co. Dublin",,,Wellbeing,,,,https://dublincitymum.ie/wp-content/uploads/2025/08/Screenshot-282.png
"Bump, Baby & Me",https://dublincitymum.ie/listing/bump-baby-me/,https://bumpbabyandme.ie,,"Welcoming every stage of your parenting journey, | Bump, Baby & Me | is your go-to for connection, support, and gentle strength. Led by the gorgeous and brilliant Kathy Milliken in Malahide, they offer pregnancy yoga, postnatal & mum-and-baby yoga, baby massage, MumFit, and empowering workshops to nurture body, mind and bond. | Whether you’re seeking calm, strength, rest, or the joy of shared moments with your little one, their classes are welcoming, evidence-based, and built to support the realness of motherhood. | We adore Bump, Baby & Me because it doesn’t just teach, it holds space. For women who are changing, growing, and learning every day.","Bump Baby and Me, Malahide Rd, Malahide, Co. Dublin",,,Pre + Postnatal Exercise,,,,https://dublincitymum.ie/wp-content/uploads/2025/08/Screenshot-2025-10-05-at-15.23.25-800x600.png
Bunsen,https://dublincitymum.ie/listing/bunsen/,https://bunsen.ie/,+35315525408,"Bunsen | (Wexford Steet) | For minimalist, quality burgers (seriously good ones) with zero fuss, Bunsen is always a hit. With amazing burgers and chips, it’s well-loved by families on a mid-price budget. | Kids Menu: | No – but burgers and chips are always a winner! | High Chairs: | Yes | Baby Changing: | Yes | Why It’s Great: | Simple, brilliant burgers that satisfy both parents and kids alike.","36 Wexford Street, Portobello, Dublin 2, Ireland",53.337213,-6.266069,Eat,,https://web.dojo.app/create_booking/group/IfU5wZ___m_yH9LvrASMrrIE-552XeFkqkaPSE_fCRc_group,,https://dublincitymum.ie/wp-content/uploads/2025/05/Screenshot-2025-09-01-at-12.22.38-800x600.png
Bushy Park Tennis Academy,https://dublincitymum.ie/listing/bushy-park-tennis-academy/,http://www.bushytennispadel.ie/index.aspx,+35314905960,"Bushy Park Tennis Academy offers fun and engaging tennis lessons for children aged 5 to 17. Classes are organised by age and skill level to ensure an enjoyable and supportive experience for all players. | ​ | Lesson Times: | Monday to Thursday: 3:00 PM – 6:00 PM | Saturday: 9:00 AM – 1:00 PM | ​ | ​ | Lessons take place at Bushy Park Tennis and Padel Club, providing a great environment for learning and playing.","Rathdown Ave, Terenure, Dublin 6W, Co. Dublin, D6W TX24",,,Tennis,,,,https://dublincitymum.ie/wp-content/uploads/2025/08/Screenshot-299.png
"Butlers Chocolate, The Factory Tour",https://dublincitymum.ie/listing/butlers-chocolate-the-factory-tour/,https://www.butlerschocolates.com/en/factory-tour?srsltid=AfmBOooykxMerMUWzS7Mab_ejjYGD1N2kRb4s7JsNjS_BDf057sIKMlT,,"Immerse yourself in a magical world of Irish chocolate artistry at Butlers, The Factory Tour. You’ll discover the process of how all of the ingredients are combined together and transformed into luxury boxes of chocolates, chocolate bars, fudge, toffee and hot chocolate. | The 90 minute family-friendly interactive tour starts with a short movie about the history of chocolate and Butlers, followed by a fun, hands-on museum filled with engaging exhibits for kids. From the glass paneled walkway, you can watch master chocolatiers at work, as they make delicious treats from start to finish. The highlight for little ones (and grown ups!) is getting to decorate your very own chocolate masterpiece to take home. ​AND e | njoy chocolate tastings along the way! | Families can also enjoy seasonal events like Halloween costume parties and festive Christmas visits. After the tour, relax in the Butlers Café and treat yourselves to their famous hot chocolate and sweet bakes. Tours run Tuesday to Saturday and pre-booking is essential. A must visit for chocolate lovers of all ages.","Priorswood, Dublin, D17 A076, Ireland",53.40405,-6.219449,Indoor,,,,https://dublincitymum.ie/wp-content/uploads/2025/08/Butlers.jpg
Bánór,https://dublincitymum.ie/listing/banor/,https://banor.ie/,,"Bánór | is an Irish skincare start-up born from the unique partnership between pharmacist-turned-skincare innovator Nicola Lyons and food-industry expert Elaine Crosse, rooted in their shared farming heritage in Tipperary. With skincare crafted literally from the land, their products celebrate Tipperary sheep milk and lanolin as star ingredients—both naturally rich in vitamins, minerals, proteins, and barrier-boosting fats. | Designed by a pharmacist and grounded in rigorous research, the range includes delicately scented hand & body wash, lotions, oils, and scrubs—gentle enough for pregnancy and sensitive skin yet potent enough to deliver antioxidant, anti-ageing, and skin barrier benefits backed by testing. Made in Ireland, using all-natural ingredients and framed by traceability, quality, and sustainability, Bánór makes “farm meets pharmacy” feel luxurious and refreshingly local.",Online,,,Skincare,,,,https://dublincitymum.ie/wp-content/uploads/2025/09/Screenshot-2025-09-13-at-14.02.41-800x600.png
CA Design,https://dublincitymum.ie/listing/ca-design/,https://www.cadesign.ie/,,"CA Design | is a Dublin-based interiors brand founded by award-winning designer | Carol-Anne Leyden | , celebrating the best of contemporary and mid-century design. With a passion for clean lines, timeless materials, and thoughtful craftsmanship, CA Design brings together modern European furniture, lighting, and home accessories that feel as good as they look. | Carol-Anne’s eye for balance, where sleek contemporary pieces meet the warmth and character of mid-century style, has made CA Design a go-to for design lovers across Ireland. Every collection is carefully curated to elevate modern living spaces, blending beauty, comfort, and longevity. | From statement sofas and sculptural lighting to refined finishing touches, CA Design is where modern design meets everyday living, crafted for modern Irish living with substance and soul.",,,,Brands We Love; Homeware,,,,https://dublincitymum.ie/wp-content/uploads/2025/11/Screenshot_1-11-2025_154714_www.instagram.com_-625x600.jpeg
CJ Cookery,https://dublincitymum.ie/listing/cj-cookery/,http://www.cjcookery.com/index.html,+3533316853,"CJ Cookery which offers weekly baking classes for children in a fun, safe and relaxed environment in Clontarf, that encourages discovery and creativity. During my baking classes all children work independently to create from start to finish their own masterpiece!","St. Gabriel's Parish Centre, Clontarf, Dublin 3",,,Cooking,,,,https://dublincitymum.ie/wp-content/uploads/2025/07/Screenshot-190-800x600.png
CN Dumpling,https://dublincitymum.ie/listing/cn-dumpling/,https://www.cndumpling.ie/,,"CN Dumpling | (4B Montague Street, Dublin 2) | A great little restaurant dishing up handcrafted delicious dumplings and Chinese bites with a modern twist, think flavourful, healthy dishes served in a friendly, casual setting. While there’s no official kids’ menu, the chicken dumplings are delicious and one of our family favourites, plus the shareable dishes and welcoming vibe make it easy for families to enjoy together. Prices are mid-range, perfect for a relaxed yet tasty experience. | Kids Menu: | Not formal, but plenty of dumpling fun to share. | High Chairs: | No. | Baby Changing: | No. | Why It’s Great: | A casual, creative place where little one and grown ups will love the dumplings and modern flavours. | Nearby Family Activity: | Make it a full outing with a literary adventure at | MoLI (Museum of Literature Ireland) | —just a short stroll away. This beautifully curated museum delights kids and grown-ups alike with interactive exhibitions, the cozy LitLab for creative play, and peaceful gardens to explore. A perfect pairing for families looking to blend food, culture, and a dose of Dublin charm.","4b Montague Street, Saint Kevin's, Dublin 2, Ireland",53.336536,-6.264773,Eat,,https://www.cndumpling.ie/index.html#contact,,https://dublincitymum.ie/wp-content/uploads/2025/09/Screenshot-2025-09-01-at-09.47.44-608x600.png
Cabinteely GAA,https://dublincitymum.ie/listing/cabinteely-gaa/,https://cabinteelygaa.com/become-a-member,,"Cabinteely GAA has been at the heart of the community since 1977, providing Gaelic football and hurling/camogie for boys and girls of all ages. The club is based in Kilbogget Park and welcomes players from Cabinteely, Johnstown, Cherrywood, Ballybrack, Loughlinstown, and Killiney. | ​ | For younger children, the Academy is the perfect introduction to Gaelic games, with fun, engaging sessions designed to build skills and confidence. Football runs on Saturdays at 9:00 AM, while hurling/camogie takes place on Thursdays at 6:00 PM. From age 7, players move into teams that train weekly and take part in Go Games, a development-focused format ensuring inclusive and balanced play.","Kilbogget Park, Churchview Rd, Co. Dublin",,,GAA,,,,https://dublincitymum.ie/wp-content/uploads/2025/08/Screenshot-227.png
Cabinteely Park,https://dublincitymum.ie/listing/cabinteely-park/,https://www.dlrcoco.ie/parks-outdoors/parks/cabinteely-park,,"Cabinteely Park spans 45 hectares, and includes a brilliant children’s playground suitable for kids of all ages. The playground has a zip line, large climbing frame with ropes, a maze, sandpit, and all the usual swings, slides and multiplay units. And a walk through park might bring you past the pond, home o a variety of ducks and a few swans too. | The Japanese style Cafe is open all day and is the perfect spot to stop off and enjoy some food or coffee with the little ones.  And there’s a beautiful dog-run near the playground for families with four-legged friends.","Bray Road, Cabinteely, Co. Dublin, Ireland",53.264157,-6.157894,Parks + Playgrounds,,,,https://dublincitymum.ie/wp-content/uploads/2025/08/cabinteely-800x600.jpg
Cake & Elf,https://dublincitymum.ie/listing/cake-elf/,https://www.cake-elf.ie/,,"Cake & Elf | is a beautiful Irish brand that proves children’s clothing can be stylish, sustainable, and full of charm. Based in West Cork, this family-run label designs and makes all its pieces in Ireland using GOTS-certified organic cotton and eco-friendly inks, so the clothes are gentle on little ones’ skin and kind to the planet too. | Every piece feels special. The designs are small-batch and thoughtfully made, with whimsical, nature-inspired prints and soft, wearable silhouettes that move with your child. It’s the perfect mix of nostalgia and playfulness — clothes designed for real life, whether that’s climbing trees, birthday parties, or snuggly afternoons at home. | With sizes ranging from baby to around eight years old, Cake & Elf makes dressing your kids a joy — and one you can feel good about. It’s an Irish brand that celebrates craftsmanship, comfort, and conscience in equal measure.",,,,kids Apparel,,,,https://dublincitymum.ie/wp-content/uploads/2025/11/Screenshot_2-11-2025_83759_www.cake-elf.ie_-739x600.jpeg
Cake Cafe,https://dublincitymum.ie/listing/cake-cafe/,https://www.cakecafe.ie/,,"Cake Café | A hidden gem, regularly referred to as “Dublin’s best kept secret!”, is tucked away through a bookshop, leading into a serene courtyard, a perfect little oasis in the city. Their brunch is beautifully plated, the cakes are a work of art, and the friendly team make you feel at home. Mid-range menu, with standout savoury and sweet options that charm everyone. | Kids Menu: | Not formal, but the cozy vibe and treats delight little ones. | High Chairs: | Yes and courtyard seating is buggy-friendly. | Baby Changing: | No. | Why It’s Great: | Sleeps through the chaos—quiet, unique, and refreshing for frazzled parents. | Nearby Family Activity: | Wander over to | Iveagh Gardens | , a lush, hidden gem in the city with winding paths, fountains, and a playground made for little explorers.","The Daintree Building, Pleasants Place, Saint Kevin's, Dublin 8, Ireland",53.334548,-6.265994,Eat,,,,https://dublincitymum.ie/wp-content/uploads/2025/08/Screenshot-2025-08-31-at-16.36.58-800x600.png
Cara Hodge Photographer,https://dublincitymum.ie/listing/cara-hodge-photographer/,https://www.carahodgephotographer.com/,+353830679982,"Capture genuine family moments with Cara Hodge, an internationally awarded lifestyle, newborn, and family photographer based in Blackrock. Specializing in in-home and outdoor sessions, Cara creates timeless, natural portraits—from maternity and newborn shoots to birthdays and special family celebrations. Her storytelling approach, combined with high-quality prints and heirloom albums, ensures every session is a lasting memory.","Blackrock, County Dublin, Ireland",53.300964,-6.177068,Photographers,,,,https://dublincitymum.ie/wp-content/uploads/2025/08/Screenshot-280-800x600.png
Carluccio's,https://dublincitymum.ie/listing/carluccios/,https://www.carluccios.com/,+35316333957,"Carluccio’s | (Dawson Street) | Italian comfort in the city centre with pizzas, pastas, and family-friendly staff. Kids have their menu, buggies are welcome, and high chairs are provided. Little indulgence at a mid-range price. | Kids Menu: | Yes | High Chairs: | Yes | Baby Changing: | Yes | Why It’s Great: | City centre location with none of the fuss—elegant, familiar, and welcoming. | Nearby Family Activity: | Make it a full outing with a literary adventure at | MoLI (Museum of Literature Ireland) | —just a short stroll away. This beautifully curated museum delights kids and grown-ups alike with interactive exhibitions, the cozy LitLab for creative play, and peaceful gardens to explore. A perfect pairing for families looking to blend food, culture, and a dose of Dublin charm.","52 Dawson Street, Ranelagh, Dublin 2, Ireland",53.34115,-6.258288,Eat,,https://www.carluccios.com/pages/book-now,,https://dublincitymum.ie/wp-content/uploads/2025/05/Screenshot-66.png
Carrickmines Equestrian Centre,https://dublincitymum.ie/listing/carrickmines-equestrian-centre/,https://www.carrickminesequestrian.ie/,+35312955990,"Carrickmines Equestrian Centre offers horse riding lessons for children aged six and up, catering to all skill levels from complete beginners to advanced riders. Lessons are held seven days a week, with an indoor arena providing a safe environment for new riders. Private lessons are available by appointment on weekdays. | Group lessons are organized based on ability, ensuring kids of similar skill levels learn together. The first lesson (except for beginners) is used as an assessment to make sure each child is placed correctly. The centre is family-run and has been welcoming riders for over 30 years, offering a picturesque setting with views of Dublin Bay. | Fully approved by AIRE, Carrickmines Equestrian Centre is committed to maintaining high standards and providing a welcoming atmosphere for young riders.","Carrickmines, Cabinteely, County Dublin, Ireland",53.253273,-6.172831,Horse Riding,,,,https://dublincitymum.ie/wp-content/uploads/2025/07/Screenshot-170.png
Castleknock Hurling and Football Club,https://dublincitymum.ie/listing/castleknock-hurling-and-football-club/,https://castleknock.net/,,"Castleknock Hurling and Football Club has been a cornerstone of the Carpenterstown, Castleknock, and Clonsilla communities since 1998, offering Gaelic football, hurling, camogie, and ladies football for all ages. With top-class facilities at Somerton Park and additional pitches in Porterstown, St. Catherine’s Park, and Tír na nÓg, the club provides a welcoming environment for players of all levels. | ​ | For younger children, the Nursery runs every Saturday morning in Tír na nÓg, catering to boys and girls aged 4 to 8. With a focus on fun, teamwork, and skill development, it’s the perfect introduction to Gaelic games.","1 Somerton Rd, Castleknock, Dublin, D15 NTC3",,,GAA,,,,https://dublincitymum.ie/wp-content/uploads/2025/08/Screenshot-228.png
Chatterparrot,https://dublincitymum.ie/listing/chatterparrot/,https://www.helenosullivan.ie/chatterparrot,,"Baby Sign Language | Chatterparrot was set up to provide babies, toddlers and their grown-ups with a friendly space to boost bonding and communication from birth. The classes use a mix of songs, stories, sensory play and baby sign to focus on interaction and learning those early words. The class is run by Helen O’Sullivan qualified language teacher and linguist, passionate about bringing the joy of language to little ones and giving parents some precious play-time with their babies. | There are classes in Rathmines, Kilternan and online. | Find your best class here.",Various locations,,,Baby + Toddler Classes,,,,https://dublincitymum.ie/wp-content/uploads/2025/08/chatter.png
Cherry Orchard Equine Centre,https://dublincitymum.ie/listing/cherry-orchard-equine-centre/,https://www.cherryorchard.ie/equestrian-centre/,+35316209160,"Cherry Orchard Equine Centre offers a range of riding lessons for beginners to advanced riders, catering to all age groups. Lessons follow the AIRE syllabus and focus on fun, progression, and building confidence. Private lessons are also available for those who want one-on-one instruction or aim to advance more quickly. | Therapeutic Riding: | The centre also offers therapeutic horse riding sessions for children and adults with additional needs. These sessions promote strength, balance, coordination, and confidence through gentle, rhythmic movement. | Pony Camps: | During school holidays, Cherry Orchard runs pony camps that include riding lessons, stable management, and fun activities like games and arts and crafts. Camps are three hours long and led by qualified instructors. | Lessons take place Monday to Friday from 3pm – 8pm and Saturday from 9am – 5pm.","Blue Door, 83 Cherry Orchard Cresent, Cherry Orchard , Dublin D10CF62",,,Horse Riding,,,,https://dublincitymum.ie/wp-content/uploads/2025/07/Screenshot-169.png
Chester Beatty,https://dublincitymum.ie/listing/chester-beatty/,https://chesterbeatty.ie/,,"FREE ADMISSION | Chester Beatty | , nestled within the grounds of Dublin Castle, is a captivating and free museum-library that transports families on a journey across centuries and continents—perfect for curious minds of all ages. The collection features everything from illuminated manuscripts and miniature paintings to rare books, prints, and decorative arts from Europe, the Middle East, North Africa, and Asia. Enjoy the self-guided audio tour (available in 13 languages) or test the little ones with a fun family quiz. Time your visit for around two hours to truly soak it all in. | After exploring, relax in the Silk Road Café, grab a treat, browse the gift shop, or spend some quiet time in the peaceful rooftop garden. A serene and enriching day out that blends art, history, and culture in a welcoming, child-friendly atmosphere.","Dublin Castle, Castle Street, Dublin 2, Ireland",53.342153,-6.26813,Indoor,,,,https://dublincitymum.ie/wp-content/uploads/2025/09/Chester-B.jpg
Child Vision,https://dublincitymum.ie/listing/child-vision/,https://childvision.ie/who-we-are/our-story/,+35318373635,"ChildVision is the only place in Ireland totally dedicated to the education and therapy needs of blind and multi-disabled children. Thousands of children with sight loss and other profound disabilities have bravely overcome their obstacles and grown up to reach their full potential, guided by their expertise and support. | ChildVision is primarily an Equine Therapy Facility with a very limited number of horse riding lessons open to the public. Equine Therapy last for 30 minute or 1 hour sessions in group blocks available subject to assessment by their Occupational Therapist. This input provides horsemanship experiences to persons with physical, sensory, mental health, psychological and intellectual disabilities in order to enhance the quality and productivity of their lives.","Grace Park Road, Drumcondra, Dublin 9",,,Horse Riding,,,,https://dublincitymum.ie/wp-content/uploads/2025/07/Screenshot-167.png
Children's Baking Parties,https://dublincitymum.ie/listing/childrens-baking-parties/,https://www.childrensbakingparties.com/,+353863669259,"Party food and fun all in one! A Baking Party is a wonderful way of celebrating your child’s birthday, or other special occasion.  Choose from Pizza, Cupcakes or Cookies – all made by the children in the comfort of your own home. AND clean up in included.",Various locations,,,Party Entertainers,,,,https://dublincitymum.ie/wp-content/uploads/2025/08/children-baking.png
Children's Yoga with Anna,https://dublincitymum.ie/listing/childrens-yoga-with-anna/,https://www.annawalshyoga.com/childyoga,+3530654599,"Anna’s children’s yoga classes create a fun and safe place for your child to enjoy themselves and learn practical tools to help them in today’s busy and sometime confusing world. Anna uses games, dance, stories and movement to allow your child to express themselves while also learning how to become body and mind aware. Through breath work the children learn how to cope with stressful situations; through talking circles they learn how to communicate, and through movement they learn how to become body aware and confident. While all the time having lots of fun.","Dublin, Ireland",53.349801,-6.260296,Yoga,,,,https://dublincitymum.ie/wp-content/uploads/2025/07/Screenshot-184-585x600.png
Children’s Magician,https://dublincitymum.ie/listing/childrens-magician/,https://frumpletrix.com,+353877860863,"Are you ready for a magical adventure filled with laughter and wonder? FrumpleTrix, Dublin’s favourite children’s magician, is here to make your next celebration unforgettable! Together with his cheeky sidekick, Margery the Wonder Chicken, he brings a hilarious mix of comedy and magic that kids (and grown-ups) will love. Perfect for birthday parties, communions, and family events — FrumpleTrix is the children’s entertainer who makes every occasion truly magical!","Dublin, Ireland",53.349805,-6.26031,Party Entertainers,,,,https://dublincitymum.ie/wp-content/uploads/2025/10/IMG_9879-1.png
Chime In And Play,https://dublincitymum.ie/listing/chime-in-and-play/,https://www.playandmusic.ie/Chimein/Chimein.shtml,,"Baby & Toddler Sensory Play + Music + Art + Sport + Baby Massage | At Chime In And Play (formerly Gymboree), you and your child will build creativity, confidence and lifelong friendships. Their classes (suitable from birth – 5 years) | encourage development through play and learning designed to support your child’s growth their individual pace. From sensory stimulation to problem-solving games and storytelling, Chime In and Play use play-based activities to stretch the body and mind. | With locations all across Dublin, find | your local class here.",Various locations,,,Baby + Toddler Classes,,,,https://dublincitymum.ie/wp-content/uploads/2025/08/Chime-800x468.jpg
Christ Church Cathedral,https://dublincitymum.ie/listing/christ-church-cathedral/,https://christchurchcathedral.ie/,,"Step into | Christ Church Cathedral, | and it’s like stepping into Dublin’s secret medieval time capsule, it’s nearly a thousand years old and was originally a Viking church built around AD 1030. As you wander through awe‑inspiring Gothic arches and whispery stone halls, kids will love spotting the mummified cat and rat tucked away in the crypt—because what’s more memorable than museum-level rodents stuck in eternity? You can also see the tomb of the famous Strongbow and (gulp!) the heart of Saint Laurence O’Toole. Talk about tangible history that’s equal parts fascinating and face‑palm funny. | But wait, it gets better. Families can | totally | get hands‑on here: don a medieval knight’s tunic or Tudor hat in the crypt’s dress‑up corner, relive the tale of Strongbow and Aoife, or even play at being an 18th-century stallholder. And if any brave child is aged 12 or over? They—and even grown‑ups—can clamber up to the belfry and try their hand at ringing Christ Church’s famous bells. It’s not just an indoor activity—it’s a full-on, historic, hands-on adventure that’ll have little ones buzzing with stories for days! | With combo‑ticket options that include | Dublinia | next door, it’s the perfect indoor family day out—historic, hands-on, and hilariously educational.","Christchurch Place, Dublin, Ireland",53.343044,-6.270922,Indoor,,,,https://dublincitymum.ie/wp-content/uploads/2025/09/Christchurch-1-800x600.jpg
Chupi,https://dublincitymum.ie/listing/chupi/,https://www.chupi.com/,,"Chupi | crafts modern heirlooms to be cherished for a lifetime and passed down through generations. Each piece is lovingly made in Dublin from recycled solid gold and ethically sourced gemstones, blending sustainability with timeless elegance. Inspired by nature, nostalgia, and life’s milestones, Chupi’s jewellery tells stories of love, strength, and celebration. | Founded by the incredible designer Chupi Sweetman, the brand has grown from a small Irish studio into an internationally adored name — proof that modern luxury can be both meaningful and kind to the planet, while staying proudly and beautifully Irish.",,,,Brands We Love; Gifts; Jewellery Designers,,,,https://dublincitymum.ie/wp-content/uploads/2025/10/Screenshot_26-10-2025_83549_www.instagram.com_.jpeg
Ciara Butler Lactation Consultant,https://dublincitymum.ie/listing/ciara-butler-lactation-consultant/,https://www.ciara-butler.com/,,"Ciara Butler, IBCLC & Midwife is the expert you’ll wish you had on speed dial during those early, bleary-eyed breastfeeding days. Based in Dublin and Wicklow, Ciara brings a wealth of experience—from nursing in London during the nineties to midwifery at the National Maternity Hospital, to becoming an International Board Certified Lactation Consultant in 2011—just three weeks before her third daughter was born. She offers a full range of one-on-one support—antenatal prep sessions to boost your confidence before baby arrives, postnatal troubleshooting for everything from latch issues to milk supply, smooth weaning consultations, and even tailored bottle-refusal help—all available in person or online. Whether it’s gentle expert guidance or gentle reassurance you need, Ciara creates a caring, judgment-free space to help nurture both baby and mum on this beautiful, sometimes bumpy journey.","Little Roo 6 Temple Rd, Blackrock, Co Dublin.",,,Breastfeeding,,,,https://dublincitymum.ie/wp-content/uploads/2025/09/Screenshot-314.png
Cinnamon,https://dublincitymum.ie/listing/cinnamon/,https://www.cinnamon.ie/,+35319013020,"Cinnamon | (Ranelagh) | Cozy and community-focused, Cinnamon is a feel-good café where brunch feels like a welcome hug, complete with stylish décor, a broad menu, and a dedicated kids’ menu (think egg toast, goujons, or margherita pizza). And it’s dog friendly so everyone’s happy! | Kids Menu: | Yes. | High Chairs: | Yes. | Baby Changing: | Yes, | Why It’s Great: | Warm, buzzing, and unpretentious, perfect for families who want delicious food with a side of charm. | Nearby Family Activity: | Wander to | Belgrave Square playground | for burning off cinnamon-fuelled energy.","83-87 Main St, Ranelagh, Dublin 6, Ireland",53.324035,-6.252143,Eat,,https://www.cinnamon.ie/bookings,,https://dublincitymum.ie/wp-content/uploads/2025/05/Screenshot-2025-09-01-at-12.29.47-800x600.png
Circus Photography,https://dublincitymum.ie/listing/circus-photography/,https://www.circusphotography.com/,+353878620056,"From charming First Communion portraits to professional family and branding shoots, Suzanne Fahey’s studio offers a relaxed, stylish photography experience that truly reflects your personality. With a secure online gallery system and glowing reviews to match, Circus Photography delivers memorable, studio-perfect images whether you’re lounging at home or capturing milestones in the great outdoors.","Harold's Cross, Dublin",,,Photographers,,,,https://dublincitymum.ie/wp-content/uploads/2025/08/Screenshot-275-800x600.png
City Kayaking,https://dublincitymum.ie/listing/city-kayaking/,https://citykayaking.com/,,"This may be the best way to view all of Dublin City’s historic bridges. This is a cool site seeing tour coupled with a slice of family adventure. The trips are led by an experienced local guide and all the kayaks are very stable | “sit on top” | style ideal for beginners.  The experience takes about 2 hours – with at least 90 minutes are on the water. Buoyancy aids are provided to keep you safe. | Minimum age is 12 years old. | Under 16’s must be accompanied on the water at all times by an adult. | Clothing: | Recommended you arrive wearing clothes and shoes that you don’t mind getting wet, (shorts or leggings are ideal in the summer, fleece and warmer trousers in the winter). You’ll need something dry to get changed into and a towel. There are | no changing facilities | on site. So leave your valuables at home or in the car. | Phones: | Some visitors have captured amazing photos. Remember you’ll be on the Liffey, if you drop it, it’s gone! | Launching base: | is from City Kayaking’s pontoon by the Liffey Boardwalk, between the Ha’Penny and the O’Connell bridge.","Liffey Boardwalk, North City, Dublin, Ireland",53.346772,-6.262143,Outdoor,,,,https://dublincitymum.ie/wp-content/uploads/2025/08/city-kayaking-800x480.jpg
ClapHandies PlayLabs,https://dublincitymum.ie/listing/claphandies/,https://www.claphandies.com/playlabs.php,,"If you’re seeking joyous, playful classes for your little one, | ClapHandies PlayLabs | deliver in spades. Designed for babies, wobblers, and toddlers (birth to ~3½), every session blends music, movement, sensory play, rhyme, and storytelling — creating moments of connection and discovery. | At the helm is Liza Crotty, the dreamer and doer behind ClapHandies. With more than 15 years of guiding Dublin families into playful learning, Liza infuses every class with heart, creativity, and infectious energy. | We adore ClapHandies because under Liza’s vision, play becomes poetry, parent–child bonds deepen, and early years are filled with wonder, laughter, and very happy toddlers.",Various locations,,,Baby + Toddler Classes,,,,https://dublincitymum.ie/wp-content/uploads/2025/08/claphandies.jpg
Classical Kids,https://dublincitymum.ie/listing/classical-kids/,https://classicalkids.ie/pages/contact-us/,,"Designed for the pre-schooler and older child up to 7 or 8, Classical Kids is all about interacting with the music in a totally natural way. Making sounds, moving around, dressing up, and standing completely still with mouth wide open, it’s all good with them! They have play mats, lego, colouring, and musical worksheets for older children.",,,,Music,,,,https://dublincitymum.ie/wp-content/uploads/2025/06/Screenshot-143.png
Classical Kids,https://dublincitymum.ie/listing/classical-kids-2/,https://classicalkids.ie/,,"Relaxed, affordable, accessible classical music concerts for parents, children, toddlers and babies in community settings. Founded by musicians | Aura Stone and Sylvia Roberts | , Classical Kids | believe interacting in a natural way, whether that’s dancing, making a noise, or playing, is key to absorbing all that the world of classical music has to offer. They have play-mats, colouring, toys and music worksheets to facilitate this musical journey. Suitable for | 0 – 3 years. | Regular concerts take place across Dublin, click here to find | your nearest musical feast! | And if you your child falls in love with the classical music, Classical Kids have their own | Spotify playlis | t for you enjoy in your own space.",Various locations,,,Baby + Toddler Classes,,,,https://dublincitymum.ie/wp-content/uploads/2025/08/classical-k-800x600.jpg
Clayton Hotel Cardiff Lane,https://dublincitymum.ie/listing/clayton-hotel-cardiff-lane/,https://www.claytonhotels.com/cardiff-lane/,+35316439500,"Location: | Grand Canal Dock, Dublin 2 – Near the Bord Gáis Energy Theatre and Grand Canal Dock, close to Dublin’s business district and cultural venues. | Family Perks: | Clayton Hotel offers family rooms, an indoor swimming pool, and child-friendly menus. Located near the water, families can enjoy canal-side walks and explore nearby attractions like the National Gallery and St. Stephen’s Green. The hotel’s family-friendly atmosphere and affordable luxury make it an ideal option.","Sir John Rogerson's Quay, Dublin, D02 CR67, Ireland",53.346038,-6.239035,Mid Range Family Hotels Dublin,,,,https://dublincitymum.ie/wp-content/uploads/2025/08/Screenshot-2025-08-11-at-07.44.00-800x600.png
Clondalkin Leisure Centre,https://dublincitymum.ie/listing/clondalkin-leisure-centre/,https://www.clondalkinleisure.com/general-info/contact-us/,+35314574858,"Clondalkin Leisure Centre offers a comprehensive range of children’s swimming lessons designed to build confidence, safety, and skill in the water. | Starting from 3½ years old, their structured programmes cater to all levels from beginners to advanced swimmers and junior lifesavers. | Led by certified instructors in a modern, award-winning facility, each lesson focuses on fun, progression, and water safety. | With classes available every day, it’s an ideal choice for families in Dublin 22 seeking quality swim instruction in a supportive environment.","Clondalkin Leisure Centre, Nangor Road, Clondalkin, Dublin 22",,,Swimming,,,,https://dublincitymum.ie/wp-content/uploads/2025/06/Screenshot-110.png
Clontarf GAA Club,https://dublincitymum.ie/listing/clontarf-gaa-club/,https://clontarfgaa.com/,+353876592201,"Clontarf GAA Club has been at the heart of the community since 1961 and is now the largest sports club in the area, with over 2,100 members playing Gaelic football, hurling, camogie, and ladies football. | ​ | Our Saturday morning Nursery welcomes boys and girls aged 4-8, introducing them to Gaelic games in a fun, inclusive environment. We also run All Stars, a Friday evening session for children with additional needs. | ​ | With a growing number of teams across all age groups, Clontarf GAA is a fantastic place for kids to develop skills, make friends, and be part of a thriving club","Áras, Seafield Rd W, Clontarf East, Dublin 3, D03 Y6V3",,,GAA,,,,https://dublincitymum.ie/wp-content/uploads/2025/08/Screenshot-229.png
Clontarf Hockey Club,https://dublincitymum.ie/listing/clontarf-hockey-club/,https://www.clontarfhc.com/,,"Clontarf Hockey Club runs a welcoming and fun junior hockey programme for both boys and girls, from Junior Infants to 6th Class. Sessions are held at Mount Temple Comprehensive School, with groupings based on age and gender to support development and enjoyment. | Session Times: | 10:45–11:45am – 5th & 6th Class Girls | 12:00–12:45pm – Junior & Senior Infant Girls | 12:00–1:00pm – 1st–4th Class Girls | 1:00–1:45pm – Junior & Senior Infant Boys | 1:00–2:00pm – 1st–6th Class Boys | ​","128 Malahide Road, Malahide Road, Clontarf, Dublin 3, D03 DX79",,,Hockey,,,,https://dublincitymum.ie/wp-content/uploads/2025/08/Screenshot-249.png
CoderDojo,https://dublincitymum.ie/listing/coderdojo/,https://codeclub.org/en/coderdojo-community,,"CoderDojo believes that an understanding of programming languages is increasingly important in the modern world, that it’s both better and easier to learn these skills early, and that nobody should be denied the opportunity to do so! Any young person aged 7 – 17 can join and attend a Dojo for FREE!  At a Dojo they will learn skills such as building a website, creating an app or a game, and explore technology in an informal, creative, and social environment.",Various Dublin,,,Technical,,,,https://dublincitymum.ie/wp-content/uploads/2025/07/Screenshot-187-800x600.png
Cogs Toys & Games,https://dublincitymum.ie/listing/cogs-toys-games/,https://www.cogstoysandgames.ie/,,"Cogs Toys & Games | is a family-run gem in the heart of Dublin 2, dedicated to toys that do more than just entertain. Their motto, | “Play your way to a better brain,” | perfectly sums up their mission to make learning fun. Step inside their bright and welcoming store in Stephen’s Green Shopping Centre and you’ll find a fantastic mix of jigsaws, puzzles, wooden toys, role-play sets, STEM kits, and clever games for kids (and grown-ups) of all ages. | What makes Cogs a favourite with parents is the care they put into curating toys that spark curiosity and creativity. They even have a “Made or Designed in Ireland” section, celebrating local talent, alongside sensory toys, outdoor ride-ons, and award-winning brain games. Schools across Ireland trust Cogs for their educational resources supporting literacy, maths, and special learning needs. | For busy Dublin families, Cogs makes life easier with same-day Dublin delivery (if you order by 12 pm) and next-day nationwide shipping!","Dublin, D02 Y303, Ireland",53.339966,-6.262007,Kids Store,,,,https://dublincitymum.ie/wp-content/uploads/2025/11/Screenshot_2-11-2025_83143_www.cogstoysandgames.ie_.jpeg
Coke Lane Pizza at The Circular,https://dublincitymum.ie/listing/coke-lane-pizza-at-the-circular/,https://thecircular.ie/coke-lane-pizza,,"For families who love proper wood-fired pizza, in a super relaxed pub where everyone’s welcome including dogs, Coke Lane Pizza at The Circular is an absolute weekend hit. There’s a vegan Marinara, gluten-free dough (made from chestnut, rice, potato and maize starches), plus tasty sides, dips, and desserts. The vibe is super laid-back and welcoming, with buzzy pub energy that works just as well for a super casual family dinner as it does for a get-together with friends, a rake of kids and dogs to boot! | Kids Menu: | No dedicated kids menu, but Margheritas and simple pizzas are always a hit. | High Chairs: | Yes. | Baby Changing: | Yes. | Why It’s Great: | Really delicious pizzas made with care, super friendly staff, and an incredibly relaxed family-friendly, dog loving, vibe in the heart of Rialto.","534 South Circular Road, Saint James, Dublin 8, D08 C59E, Ireland",53.336123,-6.297673,Eat,,https://thecircular.ie/reservations,,https://dublincitymum.ie/wp-content/uploads/2025/09/IMG_7589-800x600.jpeg
Collins Barracks,https://dublincitymum.ie/listing/collins-barracks/,https://www.museum.ie/en-ie/home,,"FREE ADMISSION | Collins Barracks, | now home to the National Museum of Ireland’s | Decorative Arts & History, | is a treasure trove of culture, creativity, and, best of all, absolutely free fun. The galleries are bursting with fascinating exhibits, from military history to fashion, art, and design, making it a perfect stop for curious kids and grown-ups alike. And because admission won’t cost a cent, it’s the ideal place to pop into on a rainy Dublin day. | What makes Collins Barracks extra special, though, is its lineup of | brilliant free events | . Families can dive into hands-on days like “Game On! A Day of Play”, where little ones get stuck into giant games, crafty challenges, and playful themed tours. The museum also runs Heritage Week activities, including tours that explore everything from vintage fashion in “The Way We Wore” to music, sport, and even LGBTQIA+ history. Add in Culture Night celebrations, quirky workshops like the Dead Zoo Lab, and the ever-popular free lunchtime concerts by The Army No. 1 Band, and you’ve got a spot that’s just as entertaining as it is educational. | Discover a wild side of Dublin at the | Dead Zoo Lab | , a fascinating new home for the Natural History Museum’s most-loved specimens now on display. The Lab invites families to explore approx. 1,300 objects from entomology to marine life, mammals, birds, reptiles, and more, all free to visit (booking required only for groups). Highlights include delicate 19th-century Blaschka glass marine creatures, uprooted treasures like the dodo skeleton, an eel famously choking on a frog, the grand Spoticus the giraffe, and the iconic giant Irish deer, some of which haven’t been seen in decades. The smaller, hands-on space is perfect for curious kids and adults alike, offering rotating exhibits and innovative interpretations while the main Natural History Museum on Merrion Street undergoes a major refurbishment. It’s a brilliant way to keep the wonder of the Dead Zoo alive, without spending a cent.","Collins Barracks, Benburb St, Stoneybatter, Dublin, D07 XKV4, Ireland",53.348792,-6.287554,Indoor,,,,https://dublincitymum.ie/wp-content/uploads/2025/08/collins-800x452.png
Complete Harmony,https://dublincitymum.ie/listing/complete-harmony/,https://www.completeharmony.ie/services/#Toddler%20Yoga%20Classes,+353878263778,"Toddler Yoga is a fun and interactive way for parents and children to bond while building strength, flexibility, and balance. It promotes physical wellbeing, enhances language and listening skills, and supports emotional connection. | During a time when toddlers are gaining independence and physical contact with parents may decrease, yoga helps maintain loving, playful interactions. It also gives parents a chance to reconnect with their own creativity and intuition, making it a nurturing experience for the whole family.","The Quaker Meeting House, Churchtown, Dublin",,,Yoga,,,,https://dublincitymum.ie/wp-content/uploads/2025/07/Screenshot-183.png
Complete Harmony,https://dublincitymum.ie/listing/complete-harmony-3/,https://www.completeharmony.ie/,+353878263778,"Complete Harmony offers a range of classes and training courses designed to support parents and caregivers in building strong, nurturing relationships with their babies and children. Founded by Gail Bovenizer, a seasoned practitioner with extensive training in pregnancy yoga, infant massage, and baby yoga, Complete Harmony provides a holistic approach to early parenting. Their offerings include Pregnancy Yoga, Infant Massage, Baby Yoga, and Toddler Yoga classes, all aimed at fostering connection through the power of touch. Additionally, Complete Harmony offers training courses for those interested in becoming certified instructors in infant massage, extending their reach and impact.","The Quaker Meeting House, Churchtown, Dublin 14",,,Wellbeing,,,,https://dublincitymum.ie/wp-content/uploads/2025/08/Screenshot-288.png
Complete Harmony,https://dublincitymum.ie/listing/complete-harmony-2/,https://www.completeharmony.ie/services/#Pregnancy%20Yoga%20Classes,,"Complete Harmony offers a nurturing space for expectant mums to connect with their bodies and prepare for childbirth. Their six-week Pregnancy Yoga course, starting Tuesday, 20th May 2025 at 7pm, focuses on breathing techniques, relaxation, and yoga poses to enhance strength and flexibility. Held at the Quaker Meeting House in Churchtown, Dublin 14, the classes provide a supportive environment for mums-to-be to feel more prepared for labour and birth. With a focus on both emotional and physical well-being, Complete Harmony offers a holistic approach to pregnancy yoga.","Churchtown Meeting House, 82 Churchtown Rd Lower, Churchtown Lower, Dublin 14, D14 F620.",,,Pre + Postnatal Exercise,,,,https://dublincitymum.ie/wp-content/uploads/2025/08/comp-harm.png
Conrad Dublin,https://dublincitymum.ie/listing/conrad-dublin/,https://www.hilton.com/en/hotels/dubhcci-conrad-dublin/,,"Location: | Earlsfort Terrace, Dublin 2 – Just steps from St. Stephen’s Green and opposite the National Concert Hall, Conrad Dublin offers a peaceful retreat in the heart of the city. Its prime location makes it easy to stroll to Grafton Street, city parks, and Dublin’s top cultural attractions. | Family Perks: | Conrad Dublin is ideal for families who appreciate space and style. The hotel features some of the largest rooms in the city centre, along with interconnecting King and Twin rooms, perfect for keeping the family close while maintaining a little privacy. Families will love dining at | The Terrace | for relaxed meals or | The Coburg | for elegant, family-friendly dining. With welcoming staff, thoughtful touches, and a central location, Conrad Dublin offers the perfect mix of luxury and convenience for families exploring Dublin together.","Saint Kevin's, Dublin, D02 V562, Ireland",53.334945,-6.257237,High End Family Friendly Hotels Dublin,,,,https://dublincitymum.ie/wp-content/uploads/2025/10/Screenshot-2025-10-06-at-15.57.51-800x600.png
Corkagh Park,https://dublincitymum.ie/listing/corkagh-park/,https://www.sdcc.ie/en/services/sport-and-recreation/parks/corkagh-park.html,,"The picturesque Corkagh Park is located near the Naas Road, stretching towards Clondalkin. Opened to the public in 1986, it covers 120 hectares. The park offers many amenities including Corkagh Playground, located in the heart of the park, bordering a woodland and stream.; one large playground equipped with sandpit, climbing frames, swings and picnic tables. | There is another play area for smaller children that incorporates a fun fairy garden. | There are football pitches, baseball pitches, cricket amenities, a purpose-built road cycling track and a selection of calisthenics equipment littered through the park. There is also a | dog park | located near the Camac Valley car park, especially if one of your family members has four legs! Designated dog park areas, such as this one, allow your dog to play with other dogs in a safe environment. | The Rolling Donut coffee van is a regular fixture, with sweet treats and coffee.","Naas Byp, Dublin, Ireland",53.305776,-6.408999,Parks + Playgrounds,,,,https://dublincitymum.ie/wp-content/uploads/2025/08/corkagh-800x508.png
Cotton Caterpillars,https://dublincitymum.ie/listing/cotton-caterpillars/,https://cottoncaterpillars.ie/,,"Slow fashion, sustainable and organic. Made in Clonakilty, Cotton Caterpillars blends eco-friendly fabrics with funky style. These long-lasting, sibling-proof children’s clothes are fun, breathable, and built for everyday play.","Tawnies Grove, Tawnies Lower, Clonakilty, Cork, Ireland",51.628464,-8.898603,kids Apparel,,,,https://dublincitymum.ie/wp-content/uploads/2025/08/Screenshot-2025-08-27-at-11.49.25-800x600.png
Cranford Creche & Montessori,https://dublincitymum.ie/listing/cranford-creche-montessori/,http://cranfordcreche.ie/,+35314975803,Creche & Montessori | Children aged 12 months to 5 years,"151 Rathgar Road, Rathgar Dublin 6. D06ND61",,,Crèches,,,,https://dublincitymum.ie/wp-content/uploads/2025/08/Cranford.jpg
Creative Cakes,https://dublincitymum.ie/listing/creative-cakes/,https://creativecakes.ie/,+353877638300,"If you want a birthday cake that makes jaws drop and taste buds cheer, Creative Cakes has you covered. From magical unicorns and superhero showpieces to elegant, personalised designs, every cake is baked fresh and decorated with stunning attention to detail. Based in Stadium Business Park, Blanchardstown, Michael and his team turn your ideas into edible works of art—ensuring the birthday star feels truly celebrated.","7 The Business Centre, Stadium Business Park, Ballycoolin, Blanchardstown, Dublin 11",,,Cakes + Caterers,,,,https://dublincitymum.ie/wp-content/uploads/2025/08/Screenshot-268-543x600.png
Cribs.ie,https://dublincitymum.ie/listing/cribs-ie/,https://cribs.ie/,,"Looking for stylish, safe, and high-quality gear for your little one? | Cribs.ie | is your go-to Irish online nursery store bursting with everything from furniture and bedding to toys, accessories and gifts. Whether you’re outfitting the nursery, planning those first trips “out & about”, or just looking for something cute and useful, you’ll find it here. Great selection, trusted brands — all delivered (or collected) with care.",Online,,,Nursey Interiors + Baby Essentials,,,,https://dublincitymum.ie/wp-content/uploads/2025/08/cribs-800x600.jpg
Croke Park – Kellogg’s Skyline Tour,https://dublincitymum.ie/listing/croke-park-kelloggs-skyline-tour/,https://crokepark.ie/skyline,,"Looking for a family-friendly way to see Dublin with a twist? The | Kellogg’s Skyline Tour at Croke Park | is just the ticket! Perched 17 storeys above the famous pitch, this rooftop walkway gives you the city laid out before you—from the sprawling Phoenix Park and Dublin Mountains to the shimmering sea and Liffey-side landmarks. With knowledgeable guides (and a camera that’ll work overtime), you’ll get stories of Ireland’s past, views of iconic spots like the Spire, Trinity College, Glasnevin, even Dun Laoghaire. | Tours include the | GAA Museum | , run most days (with special “Dusk Tours” in winter for magical twilight views), and are priced reasonably for adults, students, and seniors. It’s a brilliant mix of culture, height, and history—great for parents wanting to wow kids without wandering too far off the beaten path.","Croke Park, Drumcondra, Dublin, D03 P6K7, Ireland",53.360972,-6.25233,Indoor,,,,https://dublincitymum.ie/wp-content/uploads/2025/09/CPark-800x600.jpg
Crumlin GAA Club,https://dublincitymum.ie/listing/crumlin-gaa-club/,https://crumlingaa.com/,+35314551897,"Crumlin GAA is a welcoming, family-focused club offering Gaelic football, hurling, and camogie for boys and girls from age 4. Their Academy/Nursery runs Wednesdays at 5:30pm and Saturdays at 10am in Pearse Park, focusing on fun, skill development, and teamwork. Juvenile teams (U8-U16) follow an ‘everybody plays’ policy, ensuring all children get involved.","Lorcan O’ Toole Park, Park Crescent, Crumlin, Dublin 12.",,,GAA,,,,https://dublincitymum.ie/wp-content/uploads/2025/08/Screenshot-230-589x600.png
Cuala GAA,https://dublincitymum.ie/listing/cuala-gaa/,https://cualagaa.ie/,+35312850783,"Cuala All-Stars | A fun, social team for children with additional needs, focusing on activity, teamwork, and enjoyment through games like football, basketball, and tag. | ​ | Cuala Academy (U5-U9) | A welcoming space for boys and girls to learn football, hurling, and camogie in a fun, inclusive environment. Training runs twice weekly with a focus on skill development and friendships. | ​ | Juvenile Girls & Boys (U10-U16) | Players compete in Go Games, League, and Championship competitions, with highlights like the All-Ireland Féile festivals. Seasonal Advanced Camps and Transition Year coaching opportunities are available.",Hyde Rd Dalkey Co Dublin A96X795,,,GAA,,,,https://dublincitymum.ie/wp-content/uploads/2025/08/Screenshot-231.png
Cuidiú,https://dublincitymum.ie/listing/cuidiu-2/,https://www.cuidiu.ie/index,,"Cuidiú (Caring Support for Parenthood) brings reassurance and a helping hand to expectant and new parents across Ireland. As a proud, volunteer-led parent-to-parent charity with 25+ local branches and over 300 trained volunteers, Cuidiú offers evidence-based antenatal classes, breastfeeding support groups, and parent support—all rooted in the core values of “information, education, and support.” Whether you’re navigating pregnancy, feeding challenges, or postnatal uncertainties, their empathetic, judgment-free approach empowers families to make informed decisions for their unique journey.",Various Locations,,,Wellbeing,,,,https://dublincitymum.ie/wp-content/uploads/2025/08/Screenshot-281.png
Cuidiú,https://dublincitymum.ie/listing/cuidiu/,https://www.cuidiu.ie/,,"The Cuidiú charity provides inclusive, peer-led breastfeeding support across Ireland, with over 200 trained | Breastfeeding Counsellors | offering practical help in a welcoming, judgement-free environment. Whether you’re expecting and want to prepare over a coffee morning—or already navigating feeding challenges—you’ll find in-person support groups, telephone guidance, and virtual check-ins available nationwide. These services are delivered by volunteers who are not only well-informed but often parents themselves, creating a compassionate space where you can feel understood, empowered, and connected—whatever stage you’re at on your feeding journey","Carmichael Centre, North Brunswick St., Dublin 7",,,Breastfeeding,,,,https://dublincitymum.ie/wp-content/uploads/2025/08/ana-curcan-9AbnIn30Iao-unsplash-800x600.jpg
CulaBaby Sleep,https://dublincitymum.ie/listing/culababy-sleep/,https://www.culababy.com/,,"CulaBaby is the gentle sleep whisperer every parent in Dublin needs—without all the toddler-lingo drama. Created by Liadhán Collins, a mum of three who knows firsthand what exhausted nights feel like, CulaBaby offers up practical, personalised sleep support for children aged about 4 months to 6 years. Through tailored packages, thoughtful consultations, and even a clever Sleep Shade (because nap time should happen anywhere—even in a sunny park), Liadhán brings calm back to bedtime using science, empathy, and a generous sprinkle of breathwork to soothe both children and weary parents alike",Dublin,,,Sleep Consultants,,,,https://dublincitymum.ie/wp-content/uploads/2025/09/Screenshot-311-532x480.png
Curtain's Up Drama School,https://dublincitymum.ie/listing/curtains-up-drama-school/,https://www.curtainsup.ie/,+353873645125,"Curtain’s Up Drama School provides small class sizes and individual attention to students from 4yrs and up. The aim of the school is to create a safe and structured environment where participants can play and create. Classes include poetry and scripted performance in preparation for the Irish Board of Speech and Drama exams and our showcase, as well as work on improvisation, communication, creative drama, vocal technique, confidence building, mime and imagination.",Knocklyon and Tallaght,,,Drama,,,,https://dublincitymum.ie/wp-content/uploads/2025/07/Screenshot-195-800x600.png
Cygnet,https://dublincitymum.ie/listing/cygnet/,https://cygnet.ie/,+35314969687,"Need a spot that treats both little feet | and | parents with care? | Cygnet | , tucked in Rathmines’ Swan Shopping Centre, is a gem. This children’s shoe and clothing store stands out for its expert measuring and fitting service — vital for growing feet and handled with genuine warmth by owner Sinéad, who’s trained through the Society of Shoefitters. You’ll find a full range of school shoes for all ages and stylish, practical clothing options too. Plus, there’s plenty of parking in the Swan Centre, making visits with prams or toddlers easier.","Unit 3C, Swan Shopping Center, Castlewood Ave, Rathmines, Dublin 6, D06 X5N6",,,kids Apparel,,,,https://dublincitymum.ie/wp-content/uploads/2025/09/Screenshot-333-800x600.png
DADA,https://dublincitymum.ie/listing/dada/,https://www.dada.ie/,+353872050774,"DADA | has been nurturing young talent for 25 years, offering a wide range of classes for kids aged 3 to 18. Led by Hilary Cahill, their experienced and dedicated teaching staff focus on building confidence and creativity in a safe, fun environment. | Students have the chance to perform in the annual show at the Civic Theatre, with recent productions including Oliver!, Chitty Chitty Bang Bang, Matilda, and Bugsy Malone. Plus, advanced students in “Your Theatre” take part in their own productions at Smock Alley Theatre, with past shows like Into The Woods and The Secret Garden.","62-63 Grosvenor Rd, Rathmines, Dublin 6, D06 WC04",,,Drama,,,,https://dublincitymum.ie/wp-content/uploads/2025/08/Screenshot-197-800x542.png
DMcG Hockey,https://dublincitymum.ie/listing/dmcg-hockey/,https://www.dmcghockey.ie/,,"DMcG Hockey runs specialised hockey camps and skills clinics in Dublin for young players who want to improve their technical game. Led by expert coaches, many with Leinster and Irish international experience, each session is tailored to help players develop core hockey skills and tactical understanding. | ​ | DMcG focuses on individual player development – enhancing stick work, control, and game sense through targeted drills and game-specific problem-solving. The goal is for every player to have fun, build confidence, and leave better than they arrived. | ​ | Many participants have gone on to represent Leinster and Ireland at underage levels. Camps are open to players of all levels who are eager to grow their game.",Various Locations,,,Hockey,,,,https://dublincitymum.ie/wp-content/uploads/2025/08/Screenshot-242.png
Dalkey Island,https://dublincitymum.ie/listing/dalkey-island/,https://www.dlrcoco.ie/attraction/dalkey-island,,"Dalkey Island is an uninhabited island, located south of Dublin, in the pictureqsue village of Dalkey. Pack a picnic and take a boat to the island in the summer months, just ask one of the local fishermen at Coliemore or Bulloch Harbour. | ​ | Visit the ancient 11th century church and marvel at the construction of the Martello Towers. Walk the paths where the Vikings, and picnic with the roaming rabbits and goats! It’s a perfect summer’s day out with the kids and they’ll love the boat journey to the island.","Dalkey Island, County Dublin",,,Beaches,,,,https://dublincitymum.ie/wp-content/uploads/2025/08/dalkey-island-1660024-800x600.jpg
Dance Sport,https://dublincitymum.ie/listing/dance-sport/,https://dancesport.ie/get-in-touch/,,"Whether your child is interested in learning hip hop, latin, ballroom or even stage and theatre, Kids Dance Classes have various styles to choose from. The earliest a child can start is 3. There are different age groups and levels. Simply get in touch and we will find a school that is close and suitable for your child or children.",Tallaght and Rialto,,,Dance,,,,https://dublincitymum.ie/wp-content/uploads/2025/06/Screenshot-128.png
Darcybow,https://dublincitymum.ie/listing/darcybow/,https://darcybow.ie/,,"Every little girl’s fairytale moment brought to life, Darcybow offers exquisite handmade communion and occasion dresses in Ireland, styled to feel magical and cherished for years to come.","Ballymoney Lower, County Wexford, Y25 KH61, Ireland",52.681819,-6.219934,kids Apparel,,,,https://dublincitymum.ie/wp-content/uploads/2025/08/Screenshot-2025-09-06-at-15.35.40-800x600.png
David Lloyd,https://dublincitymum.ie/listing/david-lloyd/,https://www.davidlloyd.ie/clubs/dublin-riverview/,+35312189600,"David Lloyd is family centric health and fitness club, where families can spend the day going swimming, playing tennis, or have lunch in the cafe bar whilst the kids climb around the play frame. | Their high energy parties last for 2 fun-filled hours. They’ll do all the organising and planning, ensuring that everyone has a great time. They provide an hour and a half of entertainment followed by a half-hour of food and birthday cake. All the kids will receive a party treat bag and a DL Kids balloon as they leave. Additional extras such as face painting, cap decorating, themed decoration packs are available.","Beech Hill Rd, Roebuck, Dublin, Ireland",53.312384,-6.236027,Party Venues,,,,https://dublincitymum.ie/wp-content/uploads/2025/08/Screenshot-216.png
David Lloyd – Health & Fitness Club,https://dublincitymum.ie/listing/david-lloyd-health-fitness-club/,https://www.davidlloyd.ie/clubs/dublin-riverview/,,"David Lloyd | is family-centric health and fitness club, where families can spend the day swimming, playing tennis, or have lunch in the cafe bar whilst the kids climb around the playframe or play on their free iPads. It has a busy social events calendar with social evenings or coffee mornings with lots for the whole family to enjoy. | With indoor and outdoor play areas, five dedicated DL Kids rooms and expert coaching sessions your little ones are spoilt for choice. And with exciting DL Kids activities and holiday clubs scheduled around our adult timetable, you can make the most of the club while your children learn a new skill and make new friends.","Dublin, D04 AF10, Ireland",53.314809,-6.234963,Indoor,,,,https://dublincitymum.ie/wp-content/uploads/2025/08/Screenshot-2025-08-11-151907.png
Debbie Allen Dance School,https://dublincitymum.ie/listing/debbie-allen-dance-school/,https://www.debbieallendanceschool.com/contact.html,,"The school provides classes in ballet, modern and tap for ages 3 ½ year and upwards. Classes are held in a friendly atmosphere, encouraging confidence and a love of dance. Pupils are entered for RAD and ISTD exams if they wish, which they encourage, as it gives them a goal. Taking exams improves the pupils technically, artistically and gives them confidence.","Dundrum Business Park, Dundrum Rd, Farranboley, Dublin 14",,,Dance,,,,https://dublincitymum.ie/wp-content/uploads/2025/06/Screenshot-131-800x600.png
Design Lane,https://dublincitymum.ie/listing/design-lane/,https://designlane.ie/,,"Design Lane | is one of Dublin’s most delightful creative hubs — a design-led boutique in the heart of Temple Bar that celebrates the best of Irish craft and contemporary design. Nestled on Essex Street West, it’s the kind of shop you wander into “just for a look” and end up leaving with something special, handmade, and full of character. | Inside, you’ll find a beautifully curated mix of Irish and international design — everything from ceramics, jewellery, and textiles to prints, millinery, and children’s knitwear. Every piece tells a story, made by local designers and independent makers who care deeply about quality and creativity. It’s a treasure trove for anyone who loves unique, meaningful design. | Whether you’re picking up a gift, decorating your home, or just enjoying a browse after coffee nearby, | b | is a must-visit for anyone who loves Dublin-made style with heart. It’s colourful, creative, and a brilliant example of why shopping local feels so good.","2 Scarlet Row, Essex Street West, Temple Bar, Dublin 2, Ireland",53.344557,-6.269121,Brands We Love; Gifts; Homeware,,,,https://dublincitymum.ie/wp-content/uploads/2025/11/Screenshot_2-11-2025_85125_designlane.ie_-545x600.jpeg
Dlr Leisure,https://dublincitymum.ie/listing/dlr-leisure/,https://dlrleisure.ie/kids/,+35312301458,"dlr Leisure provides a wide range of sports from indoor & outdoor sports to water sports. All Sports activities are delivered by quality coaches who make participation fun for everyone, no matter their current level of ability. All coaches are NGB qualified and have been Garda screened. Small groups at all sessions to ensure maximum attention for all participants. dlrLeisure Sports Section provide all sports equipment at the sessions, but it is important for parents/ guardians to ensure that their child is dressed appropriately to take part in the activity and bring a non-fizzy drink with them. | ​ | dlr Leisure also run various kids camps throughout the school holidays.","Monkstown, Meadowbrook, Loughlinstown",,,Sport,,,,https://dublincitymum.ie/wp-content/uploads/2025/08/Screenshot-202.png
Doherty Catering,https://dublincitymum.ie/listing/doherty-catering/,https://www.dohertycatering.com/,+353857389437,"Doherty Catering services can supply a large selection of hot and cold finger food, to include freshly made sandwiches, chicken wings, cocktail sausages, chicken goujons, and a selection of dips or our cold buffets of turkey & ham, beef, or assorted meats which all come with a selection of delicious salads. Basically all the party favorites! | Premium catering for every family function: | Birthdays | Anniversaries | Communion & confirmation lunches",Various locations,,,Cakes + Caterers,,,,https://dublincitymum.ie/wp-content/uploads/2025/08/Doherty-Catering.png
Dollymount Strand,https://dublincitymum.ie/listing/dollymount-strand/,https://www.dublincity.ie/parks-and-nature/dublin-city-parks/visit-park/north-bull-island,,"Located just 4 miles from the City Centre, Dollymount Beach on the Bull Island is a 5 kilometres long stretch of sandy beach and dunes and is one of the best beaches in Dublin for families. It’s popular with walkers all year round, and is great for picnics and bathing during the summer months, particularly when the tide is out. The famous Wooden Bridge links Clontarf to Bull Island. | ​ | The perfect end to a walk along Dollymount Strand, regardless of the weather, is a stop off in | Happy Out | for some toasted sandwiches, Tayto crips and hot chocolate. Our favourite part of the trip!","Dollymount Strand, Bull Island, Dollymount, Dublin",,,Beaches,,,,https://dublincitymum.ie/wp-content/uploads/2025/08/Dollymount-800x569.png
Dolphin Swim School,https://dublincitymum.ie/listing/dolphin-swim-school/,https://dolphinswimschool.ie/contact/,+35312833528,"Dolphin Swim School has been a trusted name in Dublin’s swimming community for over 40 years, offering expert-led swimming lessons for children of all ages and abilities. | Founded by a former national champion swimmer, the school emphasizes water safety, confidence, and skill development in a nurturing environment. | With small class sizes and a low pupil-to-teacher ratio, each child receives personalized attention to thrive at their own pace. | Lessons are conducted by fully qualified, Garda-vetted instructors, ensuring a safe and supportive atmosphere. | Classes are held at multiple Dublin locations, including St. Augustine’s, Carmona School, Tullyvale Leisure Centre, and Islandbridge.","Blackrock, Glenageary, Laughanstown",,,Swimming,,,,https://dublincitymum.ie/wp-content/uploads/2025/06/Screenshot-113.png
Donnybrook Fair,https://dublincitymum.ie/listing/donnybrook-fair/,https://www.donnybrookfair.ie/collections/food,,"From freshly made sandwiches to tasty high-quality finger food, to a selection of cakes and sweet treats, Donnybrook Fair’s unique menu is guaranteed to elevate your family party. To avoid any disappointment check the website for “lead times”. As most of the food is prepared fresh, some take a little longer to prepare than others. | Catering orders made for collection, with some dishes requiring reheating at home. Find | your local store here.",Various locations,,,Cakes + Caterers,,,,https://dublincitymum.ie/wp-content/uploads/2025/08/Donnybrook-800x600.png
Donnybrook Lawn,https://dublincitymum.ie/listing/donnybrook-lawn/,https://www.donnybrookltc.ie/,+35312692838,"Donnybrook Lawn Tennis Club offers a welcoming and inclusive environment where children of all ages and skill levels can enjoy and improve their tennis in a fun, relaxed setting. | ​ | The Junior Programme supports both social and competitive play through regular events like Super Saturdays, Round Robin tournaments, Play & Pizza nights, and inter-club matches. Additional sessions are organised as needed, including match practice ahead of tournaments or league play. | ​ | During school breaks, Donnybrook runs junior tennis camps in February, Easter, and summer. The Junior Club Championships in late August are a highlight of the year, giving young players a chance to compete and celebrate their progress.","Donnybrook Lawn Tennis Club, Brookvale Road Donnybrook, Dublin 4",,,Tennis,,,,https://dublincitymum.ie/wp-content/uploads/2025/08/Screenshot-298.png
Doodlebox,https://dublincitymum.ie/listing/doodlebox/,https://www.doodlebox.ie/contact,,"A fun, creative and inclusive art school for children of all ages and abilities. | Doodlebox is run by a qualified, experienced and practicing art therapist. The gentleness of this approach combined with years of teaching experience provides a unique learning environment for all the children who attend. | Classes: Thursdays 3.30pm, 4.45pm, 6.15pm. | Saturdays 10am, 11.15am, 12.30pm, 1.45pm, 3.15pm","Rua Red, South Dublin Arts Centre, Civic Square, Tallaght, D24",,,Art,,,,https://dublincitymum.ie/wp-content/uploads/2025/06/Screenshot-122.png
Doolally,https://dublincitymum.ie/listing/doolally/,https://doolally.ie/,+35315337562,"Doolally | (South Richmond Street, Dublin 2) | Doolally serves great Indian cuisine with a stylish twist, turning classic regional dishes into exciting, modern fare. With a great kids’ menu, Doolally is for parents seeking something different with flavours pack a punch and one of our weekend favourites! With mid-to-slightly higher pricing, it’s a treat-worthy spot for a memorable feast that feels grown-up but still welcoming for families. | Kids Menu: | Yes. | High Chairs: | Yes (venue is wheelchair accessible and adaptable for families). | Baby Changing: | Yes. | Why It’s Great: | Chic decor, rich flavours, and warm service make it ideal for special family dates, perfect for introducing little ones to bold tastes. | Nearby Family Activity: | Just a short walk from town, this is a great spot for families who’ve spent the day exploring Dublin.","The Lennox Building, 47-51 Richmond Street South, Saint Kevin's, Dublin 2, Ireland",53.33172,-6.264867,Eat,,https://doolally.ie/reservations/,,https://dublincitymum.ie/wp-content/uploads/2025/08/Screenshot-2025-09-01-at-12.19.40-800x600.png
Dotterson,https://dublincitymum.ie/listing/dotterson/,https://www.dotterson.ie/,,"If bold colour, clever design, and a touch of Irish wit are your thing, you’ll love | Dotterson | . Founded by Dublin designer | Sarah Patterson | , this creative studio produces vibrant prints, homeware and stationery that blend contemporary design with a distinctly Irish sensibility. | Every piece bursts with personality — from modern takes on Irish phrases to playful geometric compositions that look right at home in any stylish space. Dotterson captures the charm, humour and heart of modern Ireland in print form, making it a must-know name in Irish design.",,,,Gifts,,,,https://dublincitymum.ie/wp-content/uploads/2025/10/Screenshot_31-10-2025_104312_www.dotterson.ie_.jpeg
Doula Care Ireland,https://dublincitymum.ie/listing/doula-care-ireland/,https://doulacare.ie/,,"DoulaCare Ireland | is your go-to resource for continuous, compassionate support during pregnancy, birth, and early parenthood. Whether you’re expecting, navigating those first few months, or considering becoming a doula yourself, they offer a comprehensive range of services—from antenatal and parenting classes, doula matching through | Doula Connect | , | to expert training via their | DoulaCare Academy | . Led by co-founders Jen Crawford and Mary Tighe, their programmes are evidence-based, empowering, and tailored to both clients and professionals. Through services like infant-feeding training, postpartum doula certification, resources like a labour-bag checklist and bereavement support booklets, and mentorship to build skills or doula-centred businesses, they’re focused on helping families and caregivers thrive—not just survive.",Online,,,Antenatal Classes,,,,https://dublincitymum.ie/wp-content/uploads/2025/09/Screenshot-2025-09-13-at-12.20.53-676x600.png
Drake Chiropractic,https://dublincitymum.ie/listing/drake-chiropractic/,https://drakechiropractic.ie/,+35312937803,"Nestled in Sandyford, | Drake Chiropractic | , led by Dr. Ros Drake, offers a gentle, holistic approach to family wellness — especially thoughtful for parents, babies, and growing kids. Child-friendly treatments extend beyond back and neck pain to include support for issues like colic, sleep challenges, ear infections, posture concerns, and even bedwetting through specially tailored chiropractic care. Services also extend to pregnancy and postnatal care, sports injuries, and hereditary conditions, with a focus on restoring joint function through manual therapies and rehabilitative exercises. It’s a safe, soothing space where your little ones are treated with care appropriate for their age and needs — perfect for families seeking natural, supportive health solutions.","Blackthorn Avenue, Sandyford Business Park, Dublin 18, D18 XP22",,,Pre + Postnatal Exercise,,,,https://dublincitymum.ie/wp-content/uploads/2025/09/Screenshot-321-781x600.png
Draíocht,https://dublincitymum.ie/listing/draiocht/,https://www.draiocht.ie/,,"Draíocht | is a multi-purpose arts & entertainment centre in the heart of Dublin’s Blanchardstown. Choose from comedy, theatre, music, film, dance, family events, exhibitions & more. | ​ | They run a variety of amazing creative projects for kids, such as D15 Youth Theatre, Youth Workshops, Create Dance & Sensory Friendly, all of which fill up quickly so we would recommend | early booking.","Coolmine, Dublin, Co. Dublin, D15 RYX6, Ireland",53.390989,-6.391821,Indoor,,,,https://dublincitymum.ie/wp-content/uploads/2025/08/Draiocht.jpg
Dream Point,https://dublincitymum.ie/listing/dream-point/,https://dreampointexperience.ie/,,"Dream Point, | located in Dublin’s Docklands, is an immersive indoor experience that transforms imagination into reality, making it a perfect family outing. From the moment visitors step through our doors, | they’re transported into a magical world | where imagination takes flight and joy is contagious. Spanning 21,000 square feet, this €3 million attraction features a series of interactive rooms designed to captivate visitors of all ages. Highlights include Ireland’s largest ball pit with 250,000 pearl-toned balls, a whimsical balloon room, and a glow corridor where guests can illuminate the walls with handheld torches. | The Projection Room showcases interactive digital art by Taiwanese artists, while the Inflatable Room features light-up sculptures that change color upon touch. For younger visitors, the Dream Café offers a soft play area along with delicious kids’ hot chocolates and treats, ensuring a delightful experience for the entire family.","North Wall, Dublin 1, D01 T9D0, Ireland",53.348655,-6.228593,Indoor,,,,https://dublincitymum.ie/wp-content/uploads/2025/08/Dream-800x600.jpg
Drimnagh Castle,https://dublincitymum.ie/listing/drimnagh-castle/,https://www.drimnaghcastle.org/,,"Drimnagh Castle, | nestled in South Dublin, offers a captivating indoor experience for families seeking a blend of history and adventure. As the only remaining moated castle in Ireland, it provides a unique glimpse into medieval life. Guided tours, available by pre-booking, lead visitors through the restored Great Hall with its impressive 17th-century fireplace, the atmospheric medieval undercroft, and the tall battlement tower with lookout posts. | Children and adults alike will be intrigued by tales of the Barnewall family and the castle’s role in Ireland’s history. The knowledgeable guides bring these stories to life, making it an engaging experience for all ages. While the castle’s gardens are a highlight, the indoor spaces offer a rich, educational adventure, perfect for a family outing.","Drimnagh Castle, Long Mile Road, Walkinstown, Dublin 12, Ireland",53.32448,-6.332215,Indoor,,,,https://dublincitymum.ie/wp-content/uploads/2025/08/Drimnagh-800x600.jpg
Dublin Bay Cruises,https://dublincitymum.ie/listing/dublin-bay-cruises/,https://dublinbaycruises.com/,,"Step aboard | Dublin Bay Cruises | and treat your little sailors to a joyous voyage full of fresh sea air, playful views, and wide‑eyed wonder. Imagine cruising through Dublin Bay—past the gleaming spires of the Convention Centre, the friendly wink of Poolbeg Lighthouse, and even glimpses of Howth Cliffs and Ireland’s Eye—all from the comfort of Ireland’s first eco‑friendly, HVO‑powered passenger vessel. Whether you’re aboard for a quick jaunt from Dún Laoghaire to Dublin City or an enchanting journey from the city to Howth via Dalkey Island, there’s magic in every mile. | For families who love a sprinkle of local lore alongside their sea breeze, Dublin Bay Cruises is a win. Sail through Dublin’s maritime history with friendly, welcoming crew and stories that bring the waves to life. | Family, child and even dog friendly!","Sir John Rogerson's Quay, Grand Canal Dock, Dublin 2, Dublin, Ireland",53.345894,-6.236904,Outdoor,,,,https://dublincitymum.ie/wp-content/uploads/2025/08/Screenshot-2025-08-13-at-14.10.07-800x600.png
Dublin Castle,https://dublincitymum.ie/listing/dublin-castle/,https://dublincastle.ie/,,"Dublin Castle | stands in the heart of the city, offering an extraordinary slice of Ireland’s story that’s surprisingly kid-friendly. Wander through the impressive State Apartments, once home to viceroys and royal receptions, then explore the Medieval Undercroft and Chapel Royal on a guided or self-guided tour—perfect for curious minds aged 12–17 (kids under 12 go free). | Take a peaceful stroll through the Castle Gardens, imagining life centuries ago, and let little ones roam safely in the spacious courtyards. A family ticket covering two adults and three children is available, making Dublin Castle both educational and wallet-friendly for a day out.","Dublin Castle, Castle Street, Dublin 2, Ireland",53.342153,-6.26813,Indoor,,,,https://dublincitymum.ie/wp-content/uploads/2025/09/Dublin-Castle-800x600.jpg
Dublin Cookery School,https://dublincitymum.ie/listing/dublin-cookery-school/,https://www.dublincookeryschool.ie/courses/teen-cooking-camps,+35312100555,"Dublin Cookery School offers hands-on culinary experiences for young food enthusiasts, with classes designed to build life-long skills in a fun and supportive environment. Located in Blackrock, this award-winning school combines tradition with innovation to help kids and teens discover their passion for cooking. | Join the Growing Gourmets Summer 2025 program, with sessions available for both Juniors and Seniors. For those with a busy schedule, they’ve also introduced 2-day courses to fit in some quick culinary learning. | With expert tutors guiding every step, students get the chance to create dishes from scratch and build confidence in the kitchen.","St. Gabriel's Parish Centre, Clontarf, Dublin 3",,,Cooking,,,,https://dublincitymum.ie/wp-content/uploads/2025/07/Screenshot-191.png
Dublin Discovered Boat Tour,https://dublincitymum.ie/listing/dublin-discovered-boat-tour/,https://dublindiscovered.ie/,,"Head to Bachelors Walk to cruise in style on the | Dublin Discovered Boat Tour. | They run a 45 minute guided tours 7 days a week, showing you the best of Dublin city sights. A Liffey Tour is the ideal way to bring important aspects of Ireland’s history and heritage to life for kids. Their guides entertain, and enlighten you about Dublin past and present. | Suitable for kids of all ages. | Infants under 3 go FREE | but you must ensure you reserve their place when | booking.","Custom House Quay, North Wall, Dublin, Ireland",53.348188,-6.250638,Outdoor,,,,https://dublincitymum.ie/wp-content/uploads/2025/08/Screenshot-2025-09-04-at-13.42.35-726x600.png
Dublin Indoor Football,https://dublincitymum.ie/listing/dublin-indoor-football/,https://dublinindoorfootball.ie/children-parties/,,"Dublin Indoor Football offers a fun and unique experience for families in Dublin. Ideal for kids aged 6-12 years, its a fantastic choice for birthdays that mix excitement with ease and give parents time to actually enjoy the day too. This spot is a real gem for families looking to celebrate in style. Expect friendly staff, lots of laughs, and a great atmosphere where kids can have the time of their lives while parents relax and enjoy the fun.","Turnapin Great, Dublin, D09 V8XT, Ireland",53.408783,-6.241811,Party Venues,,,,https://dublincitymum.ie/wp-content/uploads/2025/10/@michaelmarangos-dif-23-min-1024x683-1-800x600.jpg
Dublin School of Music,https://dublincitymum.ie/listing/dublin-school-of-music/,https://dublinschoolofmusic.ie/about-us/contact/,+353879513653,"The Dublin School of Music offers professional musical instrument tuition in a relaxed, local environment, | to students of all ages and levels. Lessons incorporate improvisation, song writing, audio engineering, music theory, ear training, composition and performance. Grade exam preparation (optional) is available for all instruments.",,,,Music,,,,https://dublincitymum.ie/wp-content/uploads/2025/06/Screenshot-150.png
Dublin Stage School,https://dublincitymum.ie/listing/dublin-stage-school/,https://www.dublinstageschool.ie/,,"Dublin Stage School offers Acting, Singing, and Dance classes for young performers aged 4 to 18 in Blackrock, Killiney, and Castleknock. Their professional coaching helps build confidence and creativity in a fun, safe, and supportive environment. | ​ | Students have the opportunity to perform at prestigious venues like the Bord Gáis Energy Theatre, The National Concert Hall, and The Gaiety Theatre. They have also appeared in major stage productions such as Miss Saigon, Les Miserables, Matilda, and Joseph and The Amazing Technicolor Dreamcoat, as well as TV and film projects including Vikings, Penny Dreadful, and Angela’s Ashes.","Blackrock, Killiney, and Castleknock.",,,Drama,,,,https://dublincitymum.ie/wp-content/uploads/2025/08/Screenshot-200.png
Dublin Zoo,https://dublincitymum.ie/listing/dublin-zoo/,https://www.dublinzoo.ie/,,"Nestled within the lush embrace of Phoenix Park, | Dublin Zoo | is a wonderland where curious little explorers can wander through wildly immersive habitats and meet over 400 animal residents, from majestic giraffes and roarsome tigers to playful Asian elephants and chatty sea lions . It’s not just a stroll around enclosures—this zoo is cleverly crafted like a garden, complete with beautiful greenery and themed zones like African Plains, Zoorassic World, and the hands‑on Family Farm, where kids can meet friendly farmyard animals up close. Keeper talks and interactive exhibits pop up all day long, turning every pit stop into a chance to learn something cool. | Just when you thought you’d seen everything, Dublin Zoo takes you on a prehistoric detour with the | Zoorassic Trail | , | an incredible animatronic dinosaur experience featuring over 40 life‑like dinos—including a 65‑foot Brachiosaurus and a 40‑foot T. rex—that actually move, roar, and breathe, all included in your regular ticket! It’s like dino‑magic wrapped in conservation wisdom, mixing Jurassic thrills with modern wildlife wonder to spark mini palaeontologists (and conservationists in training). | Kids will love the | Meerkat Cafe | before, during or after a visit!","Phoenix Park, Saint James, Dublin 8, D08 AC98, Ireland",53.352942,-6.304704,Outdoor,,,,https://dublincitymum.ie/wp-content/uploads/2025/08/Screenshot-2025-09-04-at-13.46.18-800x600.png
Dublinia,https://dublincitymum.ie/listing/dublinia/,https://www.dublinia.ie,,"Meet the Vikings face to face and learn about life during the Medieval period in Dublin. | Step inside Dublinia and you’ll feel like you’ve tumbled into a time machine that went full Viking‑Chic. This interactive museum, housed in the historic Synod Hall beside Christ Church Cathedral, brings Dublin’s Viking and Medieval world to life with costumed Living History guides, recreated warships, smoky Viking huts, and street scenes that practically shout, “Oi, come have a gander!”. Kids can try on Viking garb, learn about Norse gods, play Hnefatafl (a Viking version of chess), and even write their own names in runes using a stylus they get to take home—how cool is that? | And it doesn’t stop there, turn your visit into a mini‑adventure. Climb the original medieval tower for spectacular city views, explore a scale model of Medieval Dublin, or join a free guided tour (subject to availability) to dive even deeper into weaponry, medieval medicine, or how the Vikings handled – yes – toilet paper! | With combo‑ticket options that include | Christ Church Cathedral | next door, it’s the perfect indoor family day out—historic, hands-on, and hilariously educational.","St Michaels Hill Christ Church, 5 Meath St, Saint Catherine's, Dublin 8, D08 VE80",,,Indoor,,,,https://dublincitymum.ie/wp-content/uploads/2025/08/IMG_5589-800x600.jpeg
Dublin Libraries,https://dublincitymum.ie/listing/dublin-libraries/,https://www.dublincity.ie/dublin-city-libraries,,"FREE ADMISSION | If you’re hunting for somewhere where little hands can hunt for stories, giggle through sensory play, and dive deep into digital adventures—without spending a penny—Dublin City Libraries are absolute gold for families. They’re more than just books: | Summer Stars | , the national reading challenge that runs every summer, charms children into reading with fun cards, online eBooks and audiobooks, and sweet rewards galore. New parents, rejoice: grab a free bedtime storybook and library card wallet for your under-4s to keep—ideal for winding down the day with snuggles and tales. | If your little one is starting school, swing by for a | First 5 Little Library book bag | packed with comforting stories and a friendly postcard to share with their teacher. And everywhere you go, from baby-friendly “storytime” gatherings to sensory corners (think magic “Tovertafel” tables, Sensory Cubbies, and bespoke resources for children with additional needs), there’s something to spark curiosity, calm the chaos, and celebrate learning, because these libraries truly roll out the red carpet for every child. | Find your local library | and introduce your little one to the joy of books.",https://www.dublincity.ie/residential/libraries/find-library,,,Indoor,,,,https://dublincitymum.ie/wp-content/uploads/2025/08/Screenshot-2025-08-23-at-10.22.50-800x600.png
Dubray Books,https://dublincitymum.ie/listing/dubray-books-2/,https://www.dubraybooks.ie/,,"Dubray Books is a haven for book lovers big and small. From magical bedtime stories to page-turners for parents, their shelves are stacked with treasures just waiting to be discovered.","36 Grafton Street, Dublin 2, D02 X560, Ireland",53.343169,-6.25936,Books,,,,https://dublincitymum.ie/wp-content/uploads/2025/08/Screenshot-2025-08-28-at-14.41.48-800x600.png
Dubray Books,https://dublincitymum.ie/listing/dubray-books/,https://www.dubraybooks.ie,,"Dubray Books | on Grafton Street is a delightful family-friendly destination where young readers can explore a vibrant children’s section filled with the latest picture books, young fiction, and teen bestsellers. Upstairs, the cozy café offers a warm retreat with delicious kids’ hot chocolates and a selection of sweet treats, making it the perfect spot to relax after browsing! | Parents will appreciate the added convenience of on-site toilets, ensuring a comfortable visit for all. Whether you’re searching for the next great read or simply enjoying a quiet moment together, Dubray Books provides a welcoming environment for families to unwind and discover new stories. | Across Dublin | With other outlets situated across the city and county, such as Liffey Valley, Dundrum and Stillorgan, | you might find one closer to you here.","36 Grafton Street, Dublin, D02 X560, Ireland",53.340957,-6.260244,Indoor,,,,https://dublincitymum.ie/wp-content/uploads/2025/08/Screenshot-2025-08-28-at-14.48.09-484x600.png
Dun Laoghaire School of Music,https://dublincitymum.ie/listing/dun-laoighaire-school-of-music/,https://www.dunlaoghaireschoolofmusic.com/,+353852257986,"The school offers expert tuition in most instruments, theory and voice by experienced and dedicated teachers, providing individual or group classes for all ages and levels. A diverse range of musical styles is on offer, from classical to jazz through to popular and traditional music. They also run a The Children’s World of Music special awareness class for children aged 3 – 7 years of age.",,,,Music,,,,https://dublincitymum.ie/wp-content/uploads/2025/06/Screenshot-149.png
Dunne & Crescenzi,https://dublincitymum.ie/listing/dunne-crescenzi/,https://www.dunneandcrescenzi.com/,+35316759892,"Dunne & Crescenzi | (South Frederick Street) | A refined slice of Italy in Dublin—spacious and sophisticated, yet warm to families. Expect pasta, pizzas, a kids’ menu, high chairs, and plates worth pausing for—mid-range with a slightly special feel. | Kids Menu: | Yes | High Chairs: | Yes | Baby Changing: | Yes | Why It’s Great: | Elevated dining that stays comfortable for families with young diners. | Nearby Family Activity: | Meander to | The Ark | is Ireland’s purpose-built cultural centre for children aged 2–12, where art, theatre, music, and storytelling come alive in a space made just for them. | With a snug, child-sized theatre, interactive gallery space, and hands-on workshop areas, it’s an imaginative wonderland where little ones can explore and engage with creativity in all its forms","14-16 Frederick Street South, Dublin 2, Ireland",53.34227,-6.2567,Eat,,https://www.dunneandcrescenzi.com/restaurants,,https://dublincitymum.ie/wp-content/uploads/2025/05/Screenshot-70.png
Dunnes Stores,https://dublincitymum.ie/listing/dunnes-stores/,https://www.dunnesstores.com/home,,"Dunnes Stores | celebrates Irish design for every home. It isn’t just about great value, it’s a celebration of Irish creativity. Their Home collection features beautiful collaborations with leading Irish designers like Carolyn Donnelly, Paul Costelloe, and Considered by Helen James, all blending style, quality, and practicality. | From soft throws and cosy cushions to stylish dinner sets and practical storage solutions, Dunnes Stores has everything you need when it comes to gifts, style and family-friendly homeware. Whether you’re dressing the table, refreshing the bedroom, or adding a touch of personality to the kids’ spaces, Dunnes Stores makes it easy to bring thoughtful Irish design into your home. | For home décor, thoughtful gifts, style, fashion and dressing the little ones, Dunnes makes life a little easier and a lot more stylish.",,,,Brands We Love; Gifts; Homeware,,,,https://dublincitymum.ie/wp-content/uploads/2025/10/Screenshot_26-10-2025_95741_www.dunnesstores.com_-631x600.jpeg
Dunnes Stores – Leigh Tucker Willow,https://dublincitymum.ie/listing/dunnes-stores-leigh-tucker-willow/,https://www.dunnesstores.com/leigh-tucker-willow,,"Leigh Tucker Willow | takes children’s fashion into playful, stylish territory with comfort and quality front of mind. Based in Ireland and created in collaboration with | Dunnes Stores | , the collection brings everyday pieces and special-occasion looks to kids from newborn to age 14 years. Soft knits, and sparkle when it’s party time, Leigh Tucker Willow designs clothes that feel fun and grown-up enough for the moments that matter. It’s the kind of line that moves seamlessly from everyday adventures to birthday-bash twirl-elbows. | Proudly stocked at | Dunnes Stores | across Ireland, Leigh Tucker Willow is a go-to for durable, on-trend kidswear that doesn’t skimp on style or personality.","Dublin, Ireland",53.349805,-6.26031,Brands + Retailers,,,,https://dublincitymum.ie/wp-content/uploads/2025/08/Screenshot-2025-08-27-at-11.24.25-800x600.png
EPIC,https://dublincitymum.ie/listing/epic/,https://epicchq.com/?_gl=1%2A15ksmop%2A_up%2AMQ..%2A_ga%2AMTc5OTczMTA1MS4xNzU0ODE5NDkx%2A_ga_FG86HNT96M%2AczE3NTQ4MTk0OTEkbzEkZzEkdDE3NTQ4MTk1MzgkajEzJGwwJGgxOTExMzIwMjEy,+35319060861,"EPIC | brings history to life with touchscreens, motion sensors, and immersive exhibits that captivate kids and grown-ups alike. Discover how Irish emigrants shaped the world, from music and sport to politics and science. Step into the story of Ireland’s global journey at EPIC | , | an award-winning interactive museum. The museum is fully interactive, with 20 high-tech galleries where kids can swipe, tap, and even dance their way through the incredible tales of the 10 million people who left Ireland and made their mark around the world. From famous inventors and fearless explorers to Hollywood stars and sporting legends, EPIC makes history exciting, energetic, and totally unforgettable. | Families will love how hands-on the experience is. Discover your own roots at the Irish Family History Centre, let little ones get lost in the whispering library, or challenge each other in the interactive quizzes. It’s modern, engaging, and surprisingly moving, a place where kids can learn, play, and leave feeling inspired. Whether you’re planning a rainy-day adventure or ticking off Dublin’s must-see spots, EPIC is an easy win for the whole family. A must-stop for curious minds and proud hearts!","The Chq Building, North Wall Quay, North Wall, Dublin 1, Ireland",53.348844,-6.247852,Indoor,,,,https://dublincitymum.ie/wp-content/uploads/2025/08/Screenshot-2025-08-11-at-08.41.28.png
Early Years Music,https://dublincitymum.ie/listing/early-years-music/,https://www.tudublin.ie/contact-us/,+35312205000,"At TUD’s Early Years Music programme, children learn through active music-making.  There are three levels of classes, Kids’ Club 1 (for pre-school children), Kids’ Club 2 (for children in Junior Infants), and Pre-Instrumental Classes (for children in Senior Infants, 5–7 years old)​. They also run a Junior Conservatory Curriculum for older kids who want to learn an instrument. Weekly lessons are delivered on a one-to-one or group basis. | ​",,,,Music,,,,https://dublincitymum.ie/wp-content/uploads/2025/06/Screenshot-145.png
Earthmother,https://dublincitymum.ie/listing/earthmother/,https://www.earthmother.ie/,,"Earthmother | is a wonderful Irish-family-run eco-living store that offers beautiful organic and reusable essentials from lunchboxes to tooth brushes and eco gifts. Their mission? To make it simple for families to fill their homes with safe, non-toxic, eco-friendly essentials — from natural skincare and baby products to reusable household goods and waste-free cleaning supplies. | With Earthmother you’re supporting a business that cares about your family’s health and the planet’s wellbeing.","49 Grange Avenue, Baldoyle, Dublin, Ireland",53.395849,-6.146012,Homeware,,,,https://dublincitymum.ie/wp-content/uploads/2025/08/Screenshot-2025-08-27-at-13.50.10.png
Edel O’Malley,https://dublincitymum.ie/listing/edel-omalley/,https://www.edelomalley.com/,+353879115159,Edel O’Malley is a professional photographer specializing in family and motherhood moments—capturing joy and connection.,"Tooreeny, Moycullen, Co. Galway",,,Photographers,,,,https://dublincitymum.ie/wp-content/uploads/2025/09/Screenshot-335-800x600.png
Electric Zoo (Mobile in Dublin),https://dublincitymum.ie/listing/electric-zoo-mobile-in-dublin/,http://electriczoo.ie/,,"Electric Zoo | brings the party to you — quite literally! Suitable for children aged 2 to 12 (with younger kids able to ride alongside an adult), this Irish entertainment company specialises in rideable electronic animals that kids can actually drive. From unicorns and pandas to dinosaurs and dragons, these adorable plush creatures glide around your chosen venue, turning any space into a magical mini-zoo on wheels. | Electric Zoo delivers the animals to your location — whether that’s your back garden, local community hall, or GAA centre — and handles everything from set-up to supervision. Their friendly, trained team ensures a safe and smooth experience, so all you have to do is enjoy the squeals of delight as kids (and a few adults!) hop on for a ride. | Alongside their signature ride-on animals, Electric Zoo also offers fun party extras like face painting, balloon modelling, and party games. Packages are flexible and can be tailored to suit different budgets and group sizes, making it easy to plan something special for birthdays, school events, or family celebrations. | It’s suitable for all ages — younger children can even ride with an adult — and because the whole experience comes to you, there’s no need to travel or book an external venue. If you’re after a party idea that’s a little different and guaranteed to get everyone smiling, Electric Zoo is one to remember.","Dublin, Ireland",53.349805,-6.26031,Party Venues,,,,https://dublincitymum.ie/wp-content/uploads/2025/10/Screenshot_19-10-2025_91753_www.instagram.com_-745x600.jpeg
Elva McDonagh,https://dublincitymum.ie/listing/elva-mcdonagh/,https://elvamcdonagh.com/,+353877778954,"Elva McDonagh offers counselling for navigating motherhood without losing yourself along the way. Whether you’re juggling anxiety, burnout, or the rollercoaster of emotions that come with parenting, Elva offers a safe, non-judgmental space for busy mums to pause, breathe, and reconnect. | With a Master’s in Humanistic and Integrative Counselling and Psychotherapy, advanced diplomas from Tivoli Institute, and certification as a mindfulness teacher, she brings both professional flair and genuine empathy to every session. You’ll find a soft, wise voice gently helping you uncover what’s holding you back—and what lights you up—often with just enough humour to remind you that mom-life may be chaotic, but you’ve got this.",Dublin,,,Wellbeing,,,,https://dublincitymum.ie/wp-content/uploads/2025/09/Screenshot-2025-09-10-at-12.23.22-800x600.png
Embrace Birth,https://dublincitymum.ie/listing/embrace-birth/,https://embracedbirth.com/hypnobirthing/,,"HypnoBirthing helps pregnant women and their partners to prepare for a calm positive Birth experience. It teaches couples to let go of misconceptions and negative expectations they have around birth. During the classes, HypnoBirthing mums learn to trust their body’s ability to give birth to the baby, and birth partners learn to feel confident about their role in supporting the labouring woman. | Contact | directly here.","Embrace Birth Dublin – HypnoBirthing Mongan Method, 130 Roebuck Castle, Roebuck, Dublin, D14 YP23",,,Antenatal Classes,,,,https://dublincitymum.ie/wp-content/uploads/2025/08/filip-mroz-oko_4WnoM98-unsplash-800x600.jpg
Emerald Park,https://dublincitymum.ie/listing/emerald-park/,https://www.emeraldpark.ie/,,"Emerald Park | , located in Ashbourne, County Meath, is Ireland’s only combined theme park and zoo, offering a diverse range of outdoor activities perfect for families seeking adventure and wildlife encounters. The park features over 45 attractions, including thrilling rides like the Cú Chulainn Coaster, Europe’s largest inverted wooden rollercoaster, and the Tír Na nÓg land with its intertwining coasters, Na Fianna Force and The Quest . | For younger visitors, the Balloon Chase ride and the Dino Dash provide fun-filled experiences. Animal lovers can explore the zoo’s Lemur Woods, interact with farm animals at the Petting Farm, and enjoy the World of Raptors bird of prey display . Additionally, the Sky Walk offers an exciting obstacle course high above the ground, suitable for adventurers of all ages . | With its mix of exhilarating rides and engaging animal exhibits, Emerald Park ensures a memorable day out for the whole family | ​Children under 2 are | FREE!","Kilbrew, County Meath, A84 EA02, Ireland",53.543796,-6.463611,Outdoor,,,,https://dublincitymum.ie/wp-content/uploads/2025/08/Emerald.png
Empowered Movement,https://dublincitymum.ie/listing/empowered-movement/,https://www.empoweredmovement.ie,,"Motherhood is powerful — but it’s also | a lot | . That’s where | Empowered Movement | comes in. Founded by the amazing Emma Dowling, a pre- and postnatal exercise specialist with a gift for making every woman feel seen, supported, and strong, Empowered Movement helps mums reconnect with their bodies at every stage of pregnancy and postpartum. | Emma’s classes and online programmes are safe, smart, and genuinely empowering — a mix of strength, mobility, and mindful movement designed to help you feel confident again (yes, even on three hours of sleep and a cold cup of coffee). Her calm, encouraging approach turns exercise into self-care, not another thing on the to-do list. | We love Empowered Movement because Emma isn’t just teaching fitness, she’s building community, confidence, and compassion. Her warmth and expertise remind every mum that she’s capable, resilient, and stronger than she knows.","CSP Gym, Lower Dargle Rd, Bray, Wicklow",,,Mum + Baby Exercise,,,,https://dublincitymum.ie/wp-content/uploads/2025/08/empower-800x600.png
Encore School of Performing Arts,https://dublincitymum.ie/listing/encore-school-of-performing-arts/,https://encorekids.ie/fees/#contact,,"With classes in Dance, Singing and Drama, as well as specialist Ballet, Vocal training, Hiphop, Advanced Drama and tots classes, Encore has a class for everyone. Located all around South Dublin, including Knocklyon, Dundrum (Taney and Mill Theatre), Sandyford, Rathfarnham and WestWood Leopardstown, they have classes every day of the week, in age groups from 3 to 18 years. Every single student has the opportunity to perform in our End of Year spectacular Shows at The Mill Theatre, Dundrum Town Centre.","Knocklyon, Dundrum, Sandyford, Rathfarnham, WestWood, Leopardstown",,,Dance,,,,https://dublincitymum.ie/wp-content/uploads/2025/06/Screenshot-136.png
Eve's Cakes,https://dublincitymum.ie/listing/8373/,https://evescakes.ie/,+353851707205,"For birthdays that deserve a show-stopping centrepiece, Eve’s Cakes delivers both in looks and taste—right across Dublin. Head baker Eve brings over 20 years of culinary experience to every delicious creation, from whimsical character cakes to chic, custom designs that taste as good as they look. Based in Blanchardstown, they offer easy online ordering, local delivery, or collection from 10 Westway Park, Blanchardstown, Dublin 15, with opening hours Tue–Sat, 9 am–5 pm. | Whether you’re after a cupcake tower, a themed birthday cake or something extra special, Eve makes the process simple—pick your design, choose a flavour and size, and leave the rest to them. Their cakes are beloved across the city, earning rave reviews for light, fluffy sponge and impeccable presentation.","10 Westway Park, Blanchardstown, Dublin 15",,,Cakes + Caterers,,,,https://dublincitymum.ie/wp-content/uploads/2025/08/Screenshot-269-617x600.png
Evergreen Montessori,https://dublincitymum.ie/listing/evergreen-montessori/,https://evergreenmontessori.ie/,,"Montessori and afterschool | 2.6 years to 5 years | Full time, part time and half day rates available | NCS scheme and Early Childhood Care and Education (ECCE) scheme available","16a Mountdown Road, Templeogue, County Dublin D12 FY66, Ireland",53.306797,-6.323651,Montessori Schools,,,,https://dublincitymum.ie/wp-content/uploads/2025/08/Evergreen.png
Explorium,https://dublincitymum.ie/listing/explorium/,https://explorium.ie/,,"Explorium | is Ireland’s national Sport and Science Centre. Challenge your mind and body with over 300 interactive science and sport experiences with something for every age and ability. At Explorium you’ll be introduced to | STEM learning through their life-altering world of science and sport. Learning in a fun, interactive and exciting environment. | Daredevils can try out the G-Force anti-gravity loop wheel bike (12+) , music lovers can play a laser harp of lights and budding scientists can touch half a million volts of lightning! Regular live demonstrations and explainers teach visitors the science behind all of these quirky exhibits and activities. | ​ | It’s also the perfect day out for junior visitors (age 8 and under) with a dedicated space of interactive fun with over 50 amazing science and sports activities, including a climbing wall, multi-sensory room and an aquarium. Their hands-on staff are ready to explain the science and get kids involved. | Explorium has indoor and outdoor exhibits and activities so it is perfect for any weather. | With onsite cafe too, so you can make it a full day out.","Sandyford, Dublin, D18 N1F2, Ireland",53.266868,-6.236947,Indoor,,,,https://dublincitymum.ie/wp-content/uploads/2025/08/Explorium-800x600.jpg
Explorium Sport Centre,https://dublincitymum.ie/listing/explorium-sport-centre/,https://explorium.ie/activities/,,"Explorium is a dynamic science and adventure centre where curiosity comes to life. With climbing walls, high-speed slides, ninja courses, and trapeze swings, it’s the perfect place for kids and families to stay active while having fun. | ​ | Activities like Urban Climb help build strength, coordination, and confidence, guided by experienced instructors. Challenge your reflexes on the speed walls or test your stamina on the giant indoor slide – there’s something for every age and ability. | ​ | Explorium combines exercise with excitement, making it a great way for kids to get moving in a fun and engaging environment.","Blackglen Rd, Sandyford Dublin 18 , D18 N1F2.",,,Exercise,,,,https://dublincitymum.ie/wp-content/uploads/2025/08/Screenshot-220.png
FEED: Food Truck & Catering,https://dublincitymum.ie/listing/feed-food-truck-private-catering/,https://www.feedcatering.ie/,,"Food cooked on location, just for you! | Established in 2020 by Chef Eoin Garry, Feed Catering is a fun way to feed (and wow) your party guests, serving creative, fresh, delicious wholesome street food. | ​ | Follow them on I | nstagram | and | Facebook | for updates on locations – so you can test drive their tasty menu before you ask them to come home with you!",Various locations,,,Cakes + Caterers,,,,https://dublincitymum.ie/wp-content/uploads/2025/08/FEED-800x600.jpg
Fairview Creche & Montessori,https://dublincitymum.ie/listing/fairview-creche-montessori/,https://www.childcare.ie/county-dublin/fairview/creche-montessori/fairview-creche-montessori,,1yr old to 12 yr old | Funding Schemes – | ECCE | Affordable Childcare Schemes,"22 Addison Rd, Clontarf West, Dublin, D03 V308",,,Montessori Schools,,,,https://dublincitymum.ie/wp-content/uploads/2025/08/markus-spiske-yt5e_nZ7CZ8-unsplash-800x600.jpg
Family Centre,https://dublincitymum.ie/listing/family-centre/,https://familycentre.ie/,+35314547018,Early Days Creche | at The Family Centre,School Street The Liberties Dublin 8,,,Crèches,,,,https://dublincitymum.ie/wp-content/uploads/2025/08/aaron-burden-1zR3WNSTnvY-unsplash-800x600.jpg
Farmleigh House,https://dublincitymum.ie/listing/farmleigh-house/,https://heritageireland.ie/places-to-visit/farmleigh-house-and-gardens/,,"A historic house holding important collections, an art gallery, a working farm, and the official Irish State guest house, | Farmleigh House and Estate | is open seven days a week, all year round. | Visit and experience the regular Sunday Farmers Market, which is located in the Farmyard behind the Farmleigh Gallery. The market offers a wide variety of products and treats, like award winning cheeses, organic vegetables, meats, fish, and so much more. | Admission to the grounds, gardens, and gallery | is FREE! | See admission prices for | guided tour of House. | The Boathouse Restaurant | with its deck overlooking the ornamental lake at Farmleigh, is such a gorgeous setting in a landscape unchanged since the nineteenth century. Lose yourself in one of Dublin’s best kept secrets, and experience food and nature together.","Castleknock, Dublin, D15 TD50, Ireland",53.365162,-6.359941,Outdoor,,,,https://dublincitymum.ie/wp-content/uploads/2025/08/Farmleigh-800x480.jpg
Farmleigh House and Estate,https://dublincitymum.ie/listing/farmleigh-house-and-estate/,https://farmleigh.ie/,,"Farmleigh House | offers a charming indoor experience for families, combining rich history with engaging storytelling in an elegant setting. Guided tours of the beautifully restored Edwardian mansion invite visitors of all ages to step back in time, with highlights including the grand library, opulent ballroom, and art-filled galleries. | The Estate hosts a donkey sanctuary, horses and is home to a herd of Kerry Black cows. The knowledgeable guides bring the house to life with fascinating tales of its past residents and state guests, making it accessible and enjoyable for children and adults alike. After the tour, families can warm up with treats from the cozy on-site café, making Farmleigh a perfect indoor escape on cooler days. | Farmleigh House and Estate is open seven days a week | and children under 12 are free!","Castleknock, Dublin, D15 TD50, Ireland",53.365162,-6.359941,Indoor,,,,https://dublincitymum.ie/wp-content/uploads/2025/08/side-view-of-farmleigh-house-800x600.jpg
Faughs GAA,https://dublincitymum.ie/listing/faughs-gaa/,https://faughs.ie/,+353868114643,"Faughs provides a fun and inclusive environment for children to learn and enjoy hurling and camogie. With teams from Under-8 to Under-16 and a thriving academy for younger players, the club focuses on skill development, teamwork, and a love for the game. | Camogie has grown rapidly since joining Faughs in 2003, with teams now competing at all juvenile levels. The club’s top-class facilities in Tymon Park, including a dedicated juvenile pitch, ball wall, and all-weather training area, offer young players the perfect space to train and improve.","Tymon Park, Wellington Lane, Dublin 6W",,,GAA,,,,https://dublincitymum.ie/wp-content/uploads/2025/08/Screenshot-232.png
Fauna,https://dublincitymum.ie/listing/fauna-3/,https://www.fauna.ie/,,"Fauna | is an independent Irish fashion brand proudly designed in Dublin and inspired by the colour, chaos, and beauty of everyday life. What began as a playful kidswear label has grown into a full creative world of bold prints, timeless shapes, and sustainable style for women, men, and little ones alike. | Founded by artist and designer | Nadia Cruikshanks | , an artist, designer and textile-print devotee, Fauna is rooted in a love of print, nature, and storytelling. Every collection brings together Nadia’s artistic eye with her commitment to ethical craftsmanship, garments made from organic cotton, hand-printed in Dublin using eco-friendly inks, and designed to be worn, loved, and lived in. | From bright tees and statement sweatshirts to evolving capsule collections, Fauna is constantly growing, staying true to its playful beginnings while expanding into something bigger, bolder, and distinctly Irish. | Colourful. Conscious. Full of character. Fauna celebrates creativity in all its forms, for the wild ones, the dreamers, and everyone in between.",,,,Brands We Love,,,,https://dublincitymum.ie/wp-content/uploads/2025/11/Screenshot_1-11-2025_15381_www.instagram.com_-621x600.jpeg
Fauna,https://dublincitymum.ie/listing/fauna-2/,https://www.fauna.ie/search,,"Fauna | is a Dublin-born kidswear label that celebrates the wild, joyful spirit of childhood. Designed here in Ireland, every piece is a little work of art — full of colour, imagination, and heart. | Inspired by the beauty of our natural world and the playful chaos of little lives, Fauna weaves art, nature, and fun into every stitch. From cosy baby bodysuits to bold graphic tees for bigger kids (and matching ones for grown-ups who refuse to grow up), each garment is made to be loved, lived in, and handed down. | Crafted from soft organic cotton and hand-printed in Dublin using eco-friendly inks, Fauna pieces are gentle on small humans and the planet alike. | Bright, sustainable, and made to last — Fauna is for the little wild things, growing up Irish and full of wonder.",,,,kids Apparel,,,,https://dublincitymum.ie/wp-content/uploads/2025/11/Screenshot_1-11-2025_113046_www.instagram.com_-588x600.jpeg
Fauna,https://dublincitymum.ie/listing/fauna/,https://www.fauna.ie/,,"Bright, bold, and eco-conscious, Fauna brings hand-printed, wildlife-inspired organic clothing to babies, kids, and adults. Made in Dublin, this award-winning brand blends sustainability with vibrant style.","Dublin, Ireland",53.349805,-6.26031,Brands + Retailers,,,,https://dublincitymum.ie/wp-content/uploads/2025/08/Screenshot-2025-08-27-at-11.28.07-800x600.png
First Swim,https://dublincitymum.ie/listing/first-swim/,https://firstswim.ie/contact-us/,+35314370944,"First Swim is Ireland’s first purpose-built baby and toddler swim school, located in Sandyford, Dublin 18. | Designed by parents for parents, it offers a warm, nurturing environment where little ones aged 10 weeks to 3 years can develop water confidence and essential safety skills. | Classes are led by certified instructors in a 33°C pool, ensuring comfort for babies and toddlers alike. | With spacious changing rooms, ample buggy parking, and an on-site café, First Swim provides a stress-free and enjoyable experience for families. | Their structured programmes focus on bonding, sensory play, and building a lifelong love of the water.","10 The Plaza, Beacon South Quarter, Sandyford, Dublin 18",,,Swimming,,,,https://dublincitymum.ie/wp-content/uploads/2025/06/Screenshot-114.png
Fish Shack Café,https://dublincitymum.ie/listing/fish-shack/,https://fishshack.ie/,+35312844555,"Fish Shack Café | (Sandycove) | For fresh, simple seafood with a side of seaside charm, Fish Shack Café is a family favourite. The relaxed atmosphere means you can enjoy a meal without worrying about noise or mess, while kids tuck into fish goujons, pasta, or a little bowl of chowder just like Mum and Dad. Colouring sheets keep little ones entertained, and the staff are warm and welcoming. Prices are mid-range, and portions are generous. | Kids Menu: | Yes | High Chairs: | Yes. | Baby Changing: | Yes. | Why It’s Great: | Perfect for casual dining after a morning by the sea. | Nearby Family Activity: | After lunch, walk along the | Forty Foot in Sandycove | or explore the beach for shell-collecting and rock pool adventures.","1 Martello Terrace, Sandycove, Dublin, Ireland",53.289194,-6.125529,Eat,,,,https://dublincitymum.ie/wp-content/uploads/2025/06/Screenshot-99.png
Fitzkinder Creche and Montessori,https://dublincitymum.ie/listing/fitzkinder-creche-and-montessori/,https://www.childcare.ie/ireland/dublin/creche-montessori/fitzkinder-creche-montessori,,Junior Wobbler – Senior Wobbler – Toddler – Montessori,"31 Fitzwilliam Street Upper, Dublin, D02 EP11",,,Crèches,,,,https://dublincitymum.ie/wp-content/uploads/2025/08/Fitzkinder.jpg
Florentina Designs,https://dublincitymum.ie/listing/14757/,https://www.florentinadesigns.ie/,,"Florentina Designs | brings thoughtful, handcrafted flair to party décor — imagine personalised banners, acrylic signs, cake toppers and more, created with care in Dundalk, Co. Louth. Every item is made-to-order, tailored to your occasion — whether it’s a baby shower, birthday, christening, communion or wedding — and crafted with attention to colour, detail and design. | With a clear focus on unique, personal touches and Irish craftsmanship, Florentina Designs is the go-to for stylish, bespoke party décor that takes your celebration beyond “just the usual”.",,,,Gifts,,,,https://dublincitymum.ie/wp-content/uploads/2025/10/Screenshot_31-10-2025_105744_www.florentinadesigns.ie_-737x600.jpeg
Flower & Bean,https://dublincitymum.ie/listing/flower-bean/,https://www.flowerandbean.com/,,"Flower & Bean – The Liberties (Dublin 8) | All families welcome here, kids, dogs, the lot! Flower & Bean is an unassuming hidden gem in the heart of the city and one of the most family friendly cafes in Dublin. Family owned for families. The food is incredible and every dish is lovingly homemade from scratch with such thought and care. They serve breakfast and lunch midweek, soup, sandwiches and wraps, and on weekends, they’ll serve full delicious brunch dishes. Their counter is full of home-baked cakes, sprinkled with edible flowers. Their unique flavours are inspired by changing nature, and are seasonal, local and often foraged! There’s even a cute little play corner with books, toys and a chalk board. Enjoy a hot coffee while the little ones play! There’s high chairs, a changing table and the kids will have an eternal popularity battle between their house unicorn and dinosaur cookies! If you have paws, they also provide free petting and treats! An absolute winner. | Kids Menu: | Yes | High Chairs: | Yes | Baby Changing: | Yes | Why It’s Great: | Quality fare in a beautiful setting, complete with kids play area, perfect for parents and little ones alike.","113 Cork St, The Liberties, Dublin, D08 YY40, Ireland",53.338179,-6.283127,Eat,,,,https://dublincitymum.ie/wp-content/uploads/2025/09/Screenshot-2025-09-16-at-16.13.43-800x600.png
Flowerpop,https://dublincitymum.ie/listing/14811/,https://flowerpop.ie/,,"Flowerpop | is Dublin’s most joyful burst of colour, a modern florist with a bold, and super creative twist! Founded by Heather Condren and based in Inchicore, this award-winning studio has reimagined what floral design can be. Think striking, colour-rich arrangements, sculptural bouquets, and installations that feel more like art than decoration. | What started as a small pop-up of wreaths in 2021 has blossomed into a full-scale floral business that brings happiness to homes, events, and weddings all over Dublin. Flowerpop’s signature style is unapologetically bright and modern, every bunch feels like a celebration. They also host seasonal workshops, perfect for anyone who loves getting hands-on with flowers (or just wants an hour of calm creative fun). Whether you’re looking for a weekly bunch to brighten your kitchen, something special for a family celebration, or show-stopping blooms for a big event, delivers beauty with serious personality. | It’s local, it’s vibrant, and it’s one of those Dublin brands that just makes you smile, which is exactly why we love it.","Inchicore, Dublin 8, D08 YC43, Ireland",53.33898,-6.321387,Brands We Love,,,,https://dublincitymum.ie/wp-content/uploads/2025/11/Screenshot_2-11-2025_83353_www.instagram.com_-800x600.jpeg
Flying Ducks,https://dublincitymum.ie/listing/flying-ducks/,https://flyingducks.ie/,,"The Flying Ducks is a youth ice hockey and inline hockey club for boys and girls aged 5 and up, welcoming players from Dublin, Meath, Louth, and Kildare. | The club offers both Learn-to-Play sessions for beginners and competitive teams from Under 10 to Under 18. | ​ | Ice hockey training takes place from November to February on a temporary ice rink, while inline hockey training runs year-round at leisure centres in Dublin 15 and Gormanston, Co. Meath. | ​ | Saturday Training Times: | 09:15 – Learn to Play & Development | 10:15 – U13 & U15 Teams | 11:15 – U18 & Senior Teams",Mountview Community Centre,,,Sport,,,,https://dublincitymum.ie/wp-content/uploads/2025/08/Screenshot-206.png
Footprints Early Years,https://dublincitymum.ie/listing/footprints-early-years/,https://www.footprintsearlyyears.com/,,Creche and Montessori | 2.5 years to 12 years of age. | 3 x locations: | Newcastle | Marrowbone Lane | Inchicore,Various locations,,,Montessori Schools,,,,https://dublincitymum.ie/wp-content/uploads/2025/08/Footprints.png
Foxford,https://dublincitymum.ie/listing/foxford/,https://www.foxford.com/,,"Foxford | is one of Ireland’s most iconic heritage brands, where traditional craftsmanship meets contemporary design. Founded in 1892 in the village of Foxford, Co. Mayo, the original woollen mill was established by Sister Agnes Morrogh-Bernard as a community project to create local employment — a legacy that still weaves through every thread today. | Over 130 years later, Foxford has evolved from crafting classic woollen blankets to producing a full lifestyle range of luxury throws, bed linen, homeware, and apparel. Each piece is made with care and designed to bring warmth, texture, and timeless style to modern living. | Still proudly weaving in Mayo, Foxford remains committed to sustainability, quality, and thoughtful design. Its collections effortlessly blend Irish heritage with a clean, contemporary aesthetic — making it a favourite for anyone who values authenticity, craftsmanship, and understated luxury.",,,,Gifts,,,,https://dublincitymum.ie/wp-content/uploads/2025/10/Screenshot_31-10-2025_112855_www.foxford.com_.jpeg
Fresh and Yummy,https://dublincitymum.ie/listing/9293/,https://www.freshandyummy.ie/,,"Fresh & Yummy provides Real Food Catering in Dublin and North-East Kildare. A family-owned company with exceptional freshness and quality food at the heart of what they do. | Source to your order. | They shop fresh vegetables and meats on the day before your delivery where possible. | Prepare and cook from scratch. | For example: All chicken in their sandwiches/wraps are from fresh fillets that they marinate, cook and grill each morning. | The benefit for you: | Exceptionally fresh, healthier and delicious food.","Camden Street Lower, Saint Kevin's, Dublin, D02 XE80",,,Cakes + Caterers,,,,https://dublincitymum.ie/wp-content/uploads/2025/08/Fresh-Yummy.png
Friends of Breastfeeding,https://dublincitymum.ie/listing/friends-of-breastfeeding/,https://www.friendsofbreastfeeding.ie/,,"Friends of Breastfeeding is a national peer-support network dedicated to nurturing a positive breastfeeding culture across Ireland. Established by mothers seeking real support, it now connects families with local | Mum 2 Mum peer support groups, | offering a welcoming space—both in-person and online—where breastfeeding parents can access community and shared experience.  Their Breastfeeding Buddy System offers one-to-one peer support, pairing expectant or new mums with experienced volunteer “buddies” who provide encouragement, practical guidance, and companionship—whether that’s meeting for a coffee, checking in online, or offering reassurance at that first public feed. Whether you’re looking for empathetic peer connection or tailored support, Friends of Breastfeeding offers both with sensitivity, trust, and community spirit.","Carmichael House, North Brunswick Street, Dublin 7 , D07 RHA8",,,Breastfeeding,,,,https://dublincitymum.ie/wp-content/uploads/2025/08/wes-hicks-Xg_LGdZVPe0-unsplash-800x600.jpg
Funky Monkeys,https://dublincitymum.ie/listing/funky-monkeys/,https://funkymonkeys.co/centre-locator/dundrum-dublin/,,"Funky Monkeys | is a great jungle themed play structure for children aged 8 and under. It includes a mini football pitch, twin wavy slide, horizontal rollers, dizzy discs, splat pads, sky glides and bash bags, to name a few! There’s  a separate soft play area for babies and an imaginative kitchen play area with a car track with cozy coupe cars. | There’s a cafe with a kids menu and for parents to take a moment with a coffee! | ​ | Venue Links | : | Clarehall | and | Dundrum","Dundrum, Dublin, D16 TR23, Ireland",53.286368,-6.239544,Indoor,,,,https://dublincitymum.ie/wp-content/uploads/2025/08/Screenshot-2025-08-11-174221.png
Funky Monkeys,https://dublincitymum.ie/listing/funky-monkeys-2/,https://funkymonkeys.co/,,"Funky Monkeys | is a jungle themed play structure for children aged 8 and under. It includes a mini football pitch, twin wavy slide, horizontal rollers, dizzy discs, splat pads, sky glides and bash bags, to name a few! There’s  a separate soft play area for babies and an imaginative kitchen play area with a car track with cozy coupe cars. | There’s a cafe with a kids menu and for parents to take a moment with a coffee! | ​ | Venue Links | : | Clarehall | and | Dundrum","Unit 4, Levels 3 & 4, Dundrum Retail & Office Park, Dundrum, Dublin, Dublin 16",,,Soft Play,,,,https://dublincitymum.ie/wp-content/uploads/2025/08/Funky.jpg
Funky Monkeys – Dundrum,https://dublincitymum.ie/listing/funky-monkeys-dundrum/,https://funkymonkeys.ie/parties/,,"Funky Monkeys | offers kids’ birthday parties in their vibrant indoor soft-play centres in Dublin — perfect for children aged up to 8 years (and under around 4 ft 5″, as per their play-area guidance). It’s a bright, jungle-themed wonderland where little ones can climb, slide, and explore safely while parents relax nearby with a coffee. | A typical party includes 90 minutes of play followed by 30 minutes for food and cake in a private party room. Packages can be themed — choose from Princess, Pirate, Superhero, or Disco — and each party includes a free return pass for the birthday child. | There’s also a café area for adults to enjoy, making it a stress-free celebration for everyone.","Dundrum, Dublin, D16 F5T7, Ireland",53.288965,-6.243638,Party Venues,,,,https://dublincitymum.ie/wp-content/uploads/2025/10/IMG-20211003-WA0007-500x800-1-500x600.jpg
FéRí,https://dublincitymum.ie/listing/feri/,https://www.feri.ie/,,"If your wardrobe could whisper sweet nothings, | FéRí | would be telling you to slow down, breathe, and fall head-first into whimsy. Designer | Faye Anna Rochford | paints every print by hand in Wexford, combining vintage energy with soulful storytelling to create clothing that feels like poetry you can wear. | Each piece is a celebration of nature, made from natural, organic, or reclaimed fabrics, and produced in small batches in Ireland or with trusted ethical makers abroad. The silhouettes are retro-inspired yet effortlessly modern, designed for women who love to express themselves through colour, texture, and imagination. | We adore FéRí for its fearless creativity, ethical heart, and the way it turns every garment into something you’ll treasure.",Online,,,Brands We Love,,,,https://dublincitymum.ie/wp-content/uploads/2025/10/Screenshot-2025-10-05-at-09.28.44-530x600.png
Fíor Jewellery,https://dublincitymum.ie/listing/fior-jewellery/,https://fior-jewellery.com/,,"Fíor Jewellery | means “true” in Irish, and that’s at the heart of everything the brand does. Born from a deep-love for Ireland, the Irish language and the urge to keep a piece of home close, wherever you are in the world. Each piece draws on Irish heritage, from map-of-Ireland pendants and shamrocks to classic Claddagh designs, reimagined for modern wear. Crafted with care and sent from Ireland to your home, Fíor Jewellery invites you to wear your story, your roots, your | Irish-ness | .",,,,Jewellery Designers,,,,https://dublincitymum.ie/wp-content/uploads/2025/10/Screenshot_26-10-2025_93140_fior-jewellery.com_-747x600.jpeg
Gaiety School of Acting,https://dublincitymum.ie/listing/gaiety-school-of-acting/,https://gaietyschool.com/,+35316799277,"The Gaiety School of Acting offers classes and drama for kids between 8 and 12 years old. Have fun, meet new friends, gain confidence and expand your little one’s imaginations. They provide several different courses the Young Gaiety Drama Workshop to and extensive list of acting summer camps to suit your budding thespians!","Temple Bar, Sandyford, and Malahide Castle and Gardens",,,Drama,,,,https://dublincitymum.ie/wp-content/uploads/2025/07/Screenshot-194.png
Gaillot et Gray,https://dublincitymum.ie/listing/gaillot-et-gray/,https://gaillot-et-gray.dorik.io/,+35314547781,"This great sourdough pizzeria is an absolute gem and doubles as a family-friendly favourite, with great lunch options (their chicken sambo is the best in Dublin!) plus delicious pizzas, colouring supplies, and a super little terrace. Their minimalist interiors and freshly baked sourdough pizzas plus gorgeous treats, make it a perfect weekend family spot. | Kids Menu: | Pizza! | High Chairs: | Yes. | Baby Changing: | No. | Why It’s Great: | A neighbourhood family friendly gem with delicious sourdough pizzas and a great little terrace out the back.","59 Clanbrassil Street Lower, Dublin 8, Ireland",53.332481,-6.275484,Eat,,,,https://dublincitymum.ie/wp-content/uploads/2025/05/Screenshot-87.png
Genesis Hockey Club,https://dublincitymum.ie/listing/genesis-hockey-club/,https://www.genesishockeyclub.ie/,,"Genesis Juniors is a thriving part of Genesis Hockey Club, welcoming girls from 1st class through to Under 16s. With over 380 junior members and 24 dedicated coaches, the club provides a safe, fun, and supportive environment for young players to learn, play, and grow through hockey. | ​ | Training takes place on Sunday mornings for primary and secondary school groups at Mount Anville School, with U16 teams training and playing matches on Sunday afternoons at St. Raphaela’s School, Kilmacud. | ​ | Beyond hockey, the club offers a vibrant social scene for juniors, with cinema outings, fun days, and trips that help foster friendships and team spirit.","St Raphaela's Rd, Kilmacud East, Dublin",,,Hockey,,,,https://dublincitymum.ie/wp-content/uploads/2025/08/Screenshot-244.png
Genie Mackers,https://dublincitymum.ie/listing/genie-mackers/,https://www.geniemackers.com/our-parties/,+353863763907,"The Genie Mackers entertainers are magicians, storytellers, actors, face painters and balloon artists. Most are either artists, actresses or primary school teachers. Each children’s entertainer brings their unique personalityto the event, creating a different kids party experience every time. | ​ | Choose from either a magical Genie, fairy princess, pirate or superhero, they will create a fun-packed party in your living room or chosen venue with face-painting, balloon modelling, party games, magic, bubbles, sing along, dancing, puppets… suddenly your home is bursting with laughter, bubbles!",Dublin,,,Party Entertainers,,,,https://dublincitymum.ie/wp-content/uploads/2025/08/Screenshot-250.png
Get Better Sleep,https://dublincitymum.ie/listing/get-better-sleep/,https://www.getbettersleep.ie/,,"A sleep consultancy offering professional guidance to help parents and babies establish healthier sleep patterns—whether through routine-building strategies or gentle sleep training techniques. Led by Aoife Sheehan, a certified paediatric sleep consultant and mum of two, this service offers deeply personalised, science-backed solutions—because every family truly deserves a proper night’s rest, Forget one-size-fits-all advice—Aoife starts with your unique family goals and your child’s temperament to create a sleep strategy that fits your life. From newborns to six-year-olds, there are packages tailored to your needs (and hey, she even offers a free 15-minute discovery call to help you choose). Together, it’s all about helping your family feel human again—one calmer night at a time",Dublin,,,Sleep Consultants,,,,https://dublincitymum.ie/wp-content/uploads/2025/09/Screenshot-2025-09-10-at-12.40.14-800x600.png
Giant Steps Pre-school & Montessori,https://dublincitymum.ie/listing/giant-steps-pre-school-montessori/,https://www.giantstepspreschool.com/,+353879391715,Pre-school & Montessori | 2 | . | 5 years to school-going age | ECCE approved,"85 Mount Eagle View, Glencullen, County Dublin D18 Y4T8, Ireland",53.26778,-6.217371,Montessori Schools,,,,https://dublincitymum.ie/wp-content/uploads/2025/08/Giant-Step.jpg
Giddy Studios – Wellness,https://dublincitymum.ie/listing/giddy-studios-2/,https://giddystudios.com/wellness/,+353879879515,"Giddy Studios’ Wellness | is where mindfulness meets creativity in the most nurturing, everyday way and it’s all guided by the soothing energy of the incredible Helena, the wonderful mindful mastermind behind it all. Because caring for you matters as much as caring for baby, Giddy Studios – Wellness offers a gentle, nurturing space to reconnect with your centre, body, mind and heart. | At the helm is Helena Dilleen, a powerhouse of kindness, insight, and calm. A Mental Health First Aid Ireland accredited mindfulness coach and practitioner, Helena brings warmth, presence, and wisdom to every interaction. Helena doesn’t just teach techniques, she listens, guides, and reminds you that you already have the strength within. Through her leadership, Giddy’s wellness programmes from guided mindfulness to creative reset sessions feel like more than classes. They become invitations to pause, breathe, and re-meet yourself. | We love Helena because she’s the heart behind the calm: someone who helps mothers carry both their little ones | and | their inner world with more ease, more clarity, and more grace.","Dundrum, County Dublin, Ireland",53.288334,-6.243629,Wellbeing,,,,https://dublincitymum.ie/wp-content/uploads/2025/08/Screenshot-2025-09-10-at-14.45.00-800x600.png
Giraffe Childcare,https://dublincitymum.ie/listing/giraffe-childcare/,https://www.giraffe.ie/,,"Creche, Montessori and after-school care. | Variety of locations, choose | your local facility here.",Various locations,,,Crèches,,,,https://dublincitymum.ie/wp-content/uploads/2025/08/Giraffe_Childcare_Liffey_Valley_Dublin-800x600.jpg
Go Kids Go!,https://dublincitymum.ie/listing/8206/,https://www.gokidsgo.ie/,,"Go Kids Go! is Dublin’s largest, indoor play center and birthday party venue. It’s  indoor playground is suitable for kids aged from age 6 months to 12 years. It also has safe and seperate areas for all ages. | ​ | The adventure play centre is a safe, secure environment where children of all ages and abilities can play, develop and learn. The equipment has been designed and laid out in a way that promotes healthy play for children of all ages and abilities. | ​ | They run a Parent and Toddler Group on Monday to Friday (term time only) at 9.30am – 2.00pm. | Admission before 12.30pm | Under 3 is | €7.00 | for 1.5 hours play | Over 3 is | €9.50 | for 1.5 hours play | Free for: | Babies who can’t walk visit for free – strictly must be supervised by parents at all times | No charge for parents | No charge for parking","Coolmine Industrial Estate, Porters Rd, Dublin 15",,,Soft Play,,,,https://dublincitymum.ie/wp-content/uploads/2025/08/GOKIDS.png
GoQuest,https://dublincitymum.ie/listing/goquest/,https://goquest.ie/,+35316855005,"Looking to throw a birthday party that’s packed with energy and excitement? GoQuest in Carrickmines offers a variety of action-packed party packages designed to keep kids aged 9 to 12 moving, laughing, and making memories. Choose from multi-sport sessions featuring dodgeball, basketball, and soccer; test their climbing skills on the state-of-the-art wall; or let them bounce to their heart’s content with trampolining sessions. Each party includes a dedicated host, qualified instructors, all necessary equipment, and a party room for cake and presents. With flexible movie options, friendly staff, and a comfortable setting, GoQuest provides a unique venue for an unforgettable birthday party.","Ballyogan Business Park, Ballyogan Road, Carmanhall And Leopardstown, Dublin, Ireland",53.25674,-6.19365,Party Venues,,,,https://dublincitymum.ie/wp-content/uploads/2025/08/Screenshot-212.png
Goose,https://dublincitymum.ie/listing/goose/,https://wearegoose.ie/,,"Irish craftsmanship meets playful design, Goose offers chic rainwear, hardy footwear, and apparel built for little explorers. Stylishly practical, these pieces are made to withstand puddle-hopping adventures.","Dublin, Ireland",53.349805,-6.26031,Brands + Retailers,,,,https://dublincitymum.ie/wp-content/uploads/2025/08/Screenshot-2025-08-27-at-11.29.27-800x600.png
Gourmet Food Parlour,https://dublincitymum.ie/listing/gourmet-food-parlour/,https://www.gourmetfoodparlour.com/restaurants/santry,+35319685400,"Gourmet Food Parlour | (Santry) | Bright, cheerful, and easy-going—this spot serves great family fare (kids’ menu and high chairs included), with a menu that’s casual without being basic. Mid-range for families who value flavour and ease. | Kids Menu: | Yes | High Chairs: | Yes | Baby Changing: | Yes | Why It’s Great: | Relaxed suburban café offering hearty meals and space for buggies. | Nearby Family Activity: | Make it a playdate and visit the | Santry Demesne | outdoor play and walking trails afterward.","Northwood Avenue, Santry Demesne, Dublin 9, Ireland",53.404681,-6.252753,Eat,,,,https://dublincitymum.ie/wp-content/uploads/2025/05/Screenshot-90.png
Grace Halton Photography,https://dublincitymum.ie/listing/grace-halton-photography/,https://www.gracehaltonphotography.ie/,+353868631210,"Celebrate your family’s story with Grace Halton—an artistic photographer known for capturing real connections, joyful moments, and beautifully relaxed portraits. Based in Meath, Grace brings creativity and ease to every shoot—from heart-feeling engagement sessions to playful family portraits—and offers unique embroidered photo keepsakes and engaging youth photography workshops too.","Meath, Ireland",53.649907,-6.505231,Photographers,,,,https://dublincitymum.ie/wp-content/uploads/2025/08/Screenshot-274-800x600.png
Grace Park Montessori,https://dublincitymum.ie/listing/grace-park-montessori/,https://graceparkmontessori.com/,+353877971580,Montessori School | Provides a morning and afternoon session for children participating in Early Childhood and Education (ECCE) programme.,"74 Grace Park Heights, Dublin, D09 E0A5, Ireland",53.37746,-6.236567,Montessori Schools,,,,https://dublincitymum.ie/wp-content/uploads/2025/08/Grace-Park-800x600.jpeg
Gravity Climbing Centre,https://dublincitymum.ie/listing/gravity-climbing-centre/,https://www.gravityclimbing.ie,,"Gravity Climbing | has a special ‘Kids Area’ which is ideal for introducing young children to climbing. They also run a weekly classes for 7+ years, delivering NIBAS (National Indoor Bouldering Award Scheme) levels 1-4. Parents without climbing experience may take part in a ‘supervision induction’ in order to supervise their children in the kids area only. This is suitable for children under 7 or 7-10’s who are trying out climbing for the first time. For older children, parents may supervise in the main area by becoming a Gravity member, either by attending a regular induction (see above) or by attending an induction with their child. | For over 14’s it is possible to attend an induction session to become an independent member of Gravity. | Booking Rules: | Minimum age 7 yrs | Max 2 juniors aged 7 – 14 per adult attending | All under 14’s must be accompanied by an adult. | ​","Goldenbridge Industrial Estate, Tyrconnell Road, Inchicore, Dublin 8, Ireland",53.336156,-6.323215,Indoor,,,,https://dublincitymum.ie/wp-content/uploads/2025/08/Gravity-800x600.jpg
Green Angel,https://dublincitymum.ie/listing/green-angel/,https://www.greenangel.com/,,"Green Angel | , founded in 2006 by Chris and Mary Mitchell, is a luxury Irish skincare brand rooted in natural healing traditions. Made right here in Dublin, the brand blends the rich benefits of hand-harvested organic seaweed from Ireland’s wild Atlantic coast with aromatic botanicals and essential oils, drawing on the age-old therapies of thalassotherapy and aromatherapy. Their award-winning range spans skincare, body, haircare, and home-fragrance — all crafted with care at their Rathcoole facility — offering indulgent, effective, and beautifully sensorial products that nurture both skin and spirit.","Ballard Lower, County Wicklow, A67 YC64, Ireland",52.924176,-6.115641,Skincare,,,,https://dublincitymum.ie/wp-content/uploads/2025/09/Screenshot-2025-09-13-at-13.34.25-800x600.png
Griffith Park,https://dublincitymum.ie/listing/griffith-park/,https://www.dublincity.ie/parks-and-nature/dublin-city-parks/visit-park/griffith-park,,"Griffith Park, nestled between Drumcondra and Glasnevin along the scenic River Tolka, is a delightful family-friendly destination in Dublin. Spanning 7.5 hectares, this well-maintained park offers a variety of amenities to ensure a pleasant outing for all ages. | The playground is a standout feature, featuring two distinct play areas: one designed for toddlers with springers, baby swings, a multi-play unit, a roundabout swing, and play panels; and another for older children with climbing structures, swings, and a multi-play unit with a slide. | Families can also enjoy the flower garden, riverside walks, and an outdoor gym with 18 stations on durable rubber matting . The park is | wheelchair accessible | and open daily from 10:00 to 20:30, making it a perfect spot for relaxation and recreation","Botanic, Dublin, D09 C8W7, Ireland",53.37141,-6.263523,Parks + Playgrounds,,,,https://dublincitymum.ie/wp-content/uploads/2025/08/Griffith-800x600.jpg
Ground Wellbeing,https://dublincitymum.ie/listing/ground-wellbeing/,https://groundwellbeing.com/,,"GROUND Wellbeing | , founded by Peigín Crowley in 2020 during lockdown, is an Irish natural wellness brand based in Cork. Built from decades of spa-consultancy experience—from luxury institutions like Rosewood, Four Seasons, and Adare Manor—Peigín blends her high-end expertise with a deeply human, accessible mission: self-care should nourish body, mind, and soul, not just feel indulgent. GROUND’s 100% vegan, cruelty-free, and small-batch products—from bath salts, body oils, balms, and skin biome formulas to specialized ranges for sleep, pregnancy, menopause, anxiety, and cancer care—are handmade with ethical ingredients and aromatherapy-grade oils. | Sustainability is in its DNA: packaging is minimal-plastic, locally sourced and recyclable, with PEFC-certified boards and plant-based inks. Every item is created to bring real relief, ritual and restorative care—helping busy mums slow down, connect within, and nurture holistic wellbeing.",Online,,,Skincare,,,,https://dublincitymum.ie/wp-content/uploads/2025/09/Screenshot-2025-09-13-at-14.10.55-800x600.png
Growing Healthy Eaters,https://dublincitymum.ie/listing/growing-healthy-eaters/,https://growinghealthyeaters.ie/,,"Growing Healthy Eaters | is a fantastic resource for parents navigating the ups and downs of feeding toddlers, fussy eaters, and children up to around age 12. Founded in 2017 by Dr Colette Reynolds—a paediatric nutritionist and psychologist based in Galway—it offers a gently positive, science-backed approach to mealtimes. Rather than just listing what foods to offer, she focuses on | how | we introduce and present food, helping families build healthier relationships with meals and tackle picky eating step-by-step. You can access practical help through 1-to-1 coaching, online courses, webinars, free video resources (like a “Picky Eater Test”), and even book a complimentary 20-minute discovery call to chat through your child’s eating challenges. As a mum herself, Colette brings relatable, empathetic guidance designed to turn mealtimes from stressful to joyful.","Renmore, Galway, Ireland",,,Weaning + Family Meals,,,,https://dublincitymum.ie/wp-content/uploads/2025/09/Screenshot-325-501x600.png
Guinness Storehouse,https://dublincitymum.ie/listing/11964/,https://www.guinness-storehouse.com/en/home,,"Stepping into the | Guinness Storehouse | is like opening a storybook about Dublin—and yes, young adventurers are very welcome. The 7 floors of exhibits wind their way around a landmark glass atrium shaped like a giant pint, walking you through the four simple ingredients, the life of Arthur Guinness, clever adverts over the ages, and hands-on displays that make learning feel like play. | Kids under 4 go free, while entry for children aged 5–17 is just €10, and there’s a family ticket option too. And don’t worry—everyone’s welcome, but children must be with an adult, and there’s no beer for minors! They do get a soft drink included in the price. | Got sensory needs or just prefer a calmer pace? There are | sensory-friendly hours | once a month, quiet kits with ear plugs, and visual maps to guide your visit. | The journey ends on a high—literally. The Gravity Bar at the top offers sweeping 360° views over Dublin. Adults can enjoy a perfectly poured pint, while kids sip on soft drinks and take in the skyline. It’s an educational trip, a fun photo zone, and a peek into Dublin history—all inside. A great indoor treat for families looking to mix culture, views, and a bit of Irish storytelling.","The Liberties, Dublin 8, D08 VF8H, Ireland",53.341787,-6.286785,Indoor,,,,https://dublincitymum.ie/wp-content/uploads/2025/09/OIP.jpeg
Gutter Bookshop,https://dublincitymum.ie/listing/gutter-bookshop/,https://gutterbookshop.com/,,"A bright, independent gem of a bookstore offering a delightful children’s section, thoughtful, quirky, and full of tales waiting to be discovered.","Cow's Lane, Temple Bar, Dublin, Ireland",53.344123,-6.268739,Books,,,,https://dublincitymum.ie/wp-content/uploads/2025/08/Screenshot-2025-08-28-at-14.38.41-800x600.png
GymStars,https://dublincitymum.ie/listing/gymstars/,https://gymstarsgymnastics.ie/,,"With locations in | Ballinteer and Dublin 15, | Gymstars Gymnastics provide a high quality recreational, gymnastics program in which they encourage every child to have fun and do their very best. They are also a mobile company that brings the entire gym to locations convenient to you – coaching children in preschools, schools and community centres.",Ballinteer and Dublin 15,,,Gymnastics,,,,https://dublincitymum.ie/wp-content/uploads/2025/07/Screenshot-172.png
HSE,https://dublincitymum.ie/listing/hse/,https://www2.hse.ie/services/breastfeeding-support/?loc=f8a0ff90b22552a958e74d0b7788b1cd%3Ae1766a2405f6912b6706ac7b2fbdcad360b1245ae5be85ca0553a9be084b4206&sortBy=distance&location=Dublin%2C+Ireland,,"The HSE’s local breastfeeding support services offer essential, in-person help close to home—whether you’re in Dublin or beyond. Accessible via | MyChild.ie, | you can find your nearest Public Health Nurse–led infant feeding groups, PHN/IBCLC (lactation consultant) clinics, and breastfeeding hubs, such as those located at the Rotunda or Coombe hospitals and other community centres. These services include peer-support drop-in groups, specialist consultations, and opportunities to meet other parents navigating the same journey—often over a cuppa and an empathic chat. It’s all part of a wider commitment to seamless, expert-backed support at every stage of breastfeeding, just a short trip away.",Various locations,,,Breastfeeding,,,,https://dublincitymum.ie/wp-content/uploads/2025/08/Nurse-2.png
HSE Specialist Perinatal Mental Health Services,https://dublincitymum.ie/listing/hse-specialist-perinatal-mental-health-services/,https://www.hse.ie/eng/services/list/4/mental-health-services/specialist-perinatal-mental-health/,+35316373128,"Supporting the emotional wellbeing of new and expectant mothers, the HSE’s Specialist Perinatal Mental Health Services offer expert, multidisciplinary support across all maternity hospitals in Ireland. Aimed at women with moderate to severe mental health challenges during pregnancy or within the first year postpartum, the service—staffed by psychiatrists, midwives, psychologists, social workers, and occupational therapists—ensures compassionate, accessible care in antenatal clinics, maternity wards, or even via video calls where needed. Referrals can be made by your GP, midwife, obstetrician, or psychiatrist, and are a step up from the essential but more general support available from GPs and public health nurses.",Various Dublin,,,Wellbeing,,,,https://dublincitymum.ie/wp-content/uploads/2025/08/Screenshot-284.png
Happy Cubs,https://dublincitymum.ie/listing/happy-cubs/,https://www.happycubs.ie/contact-us/,,"We love Happy Cubs! | Fun, confidence-building activities for your little ones. With swim classes and music classes across Dublin, Wicklow & Cork, they’re all about helping babies, toddlers & preschoolers develop life skills at their own pace, through play, songs and plenty of smiles. | Their | Swim Cubs | classes teach water safety, basic swim technique and confidence in the water, while | Music Cubs | gives kids aged as young as 3-6 months up to about 5-6 years a chance to explore rhythm, sounds and social connection with others. Whether your child is ready to splash or just love to move and sing, it’s a lovely way to bond, grow and have fun as a family. Make memories, one small splash or note at a time!","Blackrock, Cherrywood, Kilmainham, Loughlinstown and Sandymount",,,Swimming,,,,https://dublincitymum.ie/wp-content/uploads/2025/06/Screenshot-103.png
Happy Out – Bull Island,https://dublincitymum.ie/listing/happy-out/,https://happyout.ie/,,"Happy Out | (Bull Island) | A café with a view—Bull Island’s Happy Out delivers brunch with sea breeze and open skies. With super delicious toasties and treats it’s a casual mid-range pick for adventures after breakfast or lunch. | Kids Menu: | Toasties and crisps! | High Chairs: | No | Baby Changing: | No | Why It’s Great: | Food with a view, perfect after a long stroll on the island dunes. | Nearby Family Activity: | Combine with a | Bull Island beach walk | or sand-play session—perfect for outdoor family time.","Bull Wall Cottages, Clontarf East, Dublin, Co. Dublin, Ireland",53.358449,-6.17736,Eat,,,,https://dublincitymum.ie/wp-content/uploads/2025/06/Screenshot-2025-08-31-at-13.10.49-800x600.png
Happy Out – Dún Laoghaire Baths,https://dublincitymum.ie/listing/happy-out-dun-laoghaire-baths/,https://happyout.ie/,,"Happy Out – Dún Laoghaire Baths | (Dún Laoghaire, Co. Dublin) | Perched in the historic and freshly restored Dún Laoghaire Baths, this café isn’t just about great food—it’s a celebration of inclusion and joy in action. In partnership with | Together Academy | , it’s Ireland’s first café of its kind, where young adults are trained and empowered in barista skills and customer service. The atmosphere shines with empathy and warmth, enhanced by gentle seaside vibes and punchy, delicious coffee. Prices are mid-range—a mindful treat that tastes even better knowing you’re supporting a social mission. | Kids Menu: | No, but fresh snacks, warm staff, and inclusive atmosphere make it easy for families. | High Chairs: | Yes | Baby Changing: | Yes | Why It’s Great: | A meaningful café experience—renewed with purpose, inclusive staffing, breathtaking harbour views, and quality food. | Nearby Family Activity: | Just around the corner is the charming | People’s Park | —a leafy, lovingly tended Victorian park with a playground, fountains, tearoom-style café, and even a bandstand for idle, joy-filled strolling. It’s the perfect partner for a coffee outing that turns into childhood exploration.","Glasthule, Dublin, A96 WP7A, Ireland",53.290947,-6.127718,Eat,,,,https://dublincitymum.ie/wp-content/uploads/2025/08/Screenshot-2025-08-31-at-13.12.48-610x600.png
Hawthorn Handmade Skincare,https://dublincitymum.ie/listing/hawthorn-handmade-skincare/,https://www.hawthornhandmadeskincare.com/,,"Hawthorn Handmade Skincare | is an Irish brand rooted in nature, sustainability, and simple luxury. Handcrafted on a family farm in the west of Ireland, each product is made using 100% natural plant seed oils, butters, and essential oils — carefully blended to nourish the skin and soothe the senses. | With recyclable amber glass jars and minimal, eco-friendly packaging, Hawthorn champions a “less is more” approach — pure, effective, and beautifully considered. From silky balms to hydrating oils, every product feels like a little piece of Irish calm in your daily ritual.",,,,Skincare,,,,https://dublincitymum.ie/wp-content/uploads/2025/10/Screenshot_31-10-2025_11227_www.hawthornhandmadeskincare.com_-425x600.jpeg
Heartspace Meditation,https://dublincitymum.ie/listing/heartspace-meditation/,https://heartspacemeditation.ie/offering/kids-yoga-and-meditation/,+3532150157,"Kids Yoga & Meditation offers a fun and uplifting experience for children of all ages, combining story, song, dance, and play to introduce yoga and mindfulness. Classes are designed to build confidence, self-love, and body awareness, while promoting physical strength, flexibility, and relaxation. | Sessions are available for different age groups (4-8 years, 8-12 years, teens) as well as family yoga, where everyone can connect and unwind together. | Benefits include improved focus, emotional balance, better sleep, teamwork skills, and a sense of calm and belonging.","Carrington, Northwood Ave, Santry Demesne, Dublin, 9, Co. Dublin",,,Yoga,,,,https://dublincitymum.ie/wp-content/uploads/2025/07/Screenshot-182.png
Helen Keeble,https://dublincitymum.ie/listing/helen-keeble/,https://helenkeeble.com/,,"Helen Keeble is a chartered pelvic health physiotherapist based in Dublin who helps active women overcome pelvic floor issues—such as leaking, prolapse, pain, tension, or diastasis—and regain confidence in movement. She offers in-person consultations and a suite of on-demand webinars (on topics like anatomy and functional assessments) as well as live workshops and university-accredited courses for both individuals and healthcare or fitness professionals.","2nd Floor The Grange Clinic, Grange Road Donaghmede, Dublin 13, F7H9",,,Wellbeing,,,,https://dublincitymum.ie/wp-content/uploads/2025/09/Screenshot-338-373x480.png
Helen Steele,https://dublincitymum.ie/listing/helen-steele/,https://helensteele.com/,,"Helen Steele | is an award-winning Irish designer known for her fearless use of colour, pattern, and print. With a background in fine art and fashion, her work is a striking blend of creativity and craftsmanship, where every piece tells a story through vibrant palettes and expressive design. Helen’s collections are designed and made in Ireland, championing sustainable, small-batch production that celebrates individuality over fast fashion. | Her pieces have been worn by global names in fashion, music, and sport, but at their heart, they remain grounded in her love of colour theory, movement, and emotion. Whether it’s a flowing dress, a contemporary activewear set, or a one-of-a-kind art print, Helen’s designs radiate joy and confidence. | Helen also brings her signature style to the high street with her exclusive | Helen Steele x Dunnes Stores | collection, a vibrant, accessible range of fashion and athleisure that celebrates creativity in everyday wear. | A true force in Irish design, Helen Steele continues to blur the lines between art and fashion creating collections that are bold, empowering, and unmistakably her own.",,,,Brands We Love,,,,https://dublincitymum.ie/wp-content/uploads/2025/11/Screenshot_6-11-2025_85642_helensteele.com_.jpeg
Herbert Park,https://dublincitymum.ie/listing/herbert-park/,https://www.dublincity.ie/parks-and-nature/dublin-city-parks/visit-park/herbert-park,,"Herbert Park has two playgrounds – one by Donnybrook which is more suitable to toddler and younger kids, and the other near Ballsbridge which is brilliant and works for kids of all ages. As well as having all the usual playground play units, swings and slides, there an elaborate climbing structure for older kids. | The best part of Herbert Park is the | Lolly & Cooks | café! (and their toilets). It’s very kid friendly and perfect for bite to eat after running around the playground.","Herbert Park, Dublin 4, D04 T0F2, Ireland",53.327142,-6.236056,Parks + Playgrounds,,,,https://dublincitymum.ie/wp-content/uploads/2025/08/herbert-573x600.png
Herbstreet,https://dublincitymum.ie/listing/herbstreet/,https://www.herbstreet.ie/,+35316753875,"Herbstreet | (Custom House Quay) | Relax by the waterfront with good food, Herbstreet is a cheerful place ideal for families. With plenty of brunch, lunch and dinner options this is a great family-friendly setting. Booking recommended as it gets busy at weekends. | Kids Menu: | Yes. | High Chairs: | Yes. | Baby Changing: | Yes | Why It’s Great: | Relax by the waterfront with good food and a family friendly vibe. | Nearby Family Activity: | Combine this with a visit to | EPIC – The Irish Emigration Museum | , a stunning interactive museum where the story of Ireland unfolds through immersive exhibits, holograms, and engaging hands-on features. Great for igniting conversation and curiosity from toddlers to teens, and loaded with interactive storytelling magic that makes history feel alive.","Hanover Quay, Grand Canal Dock, Dublin 2, Ireland",53.3441,-6.236223,Eat,,https://www.herbstreet.ie/book-a-table,,https://dublincitymum.ie/wp-content/uploads/2025/05/Screenshot-76-429x600.png
HipBaby,https://dublincitymum.ie/listing/hipbaby/,https://www.hipbaby.ie/,,"Ethical, organic, and filled with style, HipBaby only stock ethically made organic cotton clothing from brands they trust and adore like Frugi and Maxomorra. Cozy clothes with a conscience, beloved by parents nationwide.","Dublin, Ireland",53.349805,-6.26031,kids Apparel,,,,https://dublincitymum.ie/wp-content/uploads/2025/08/Screenshot-2025-08-27-at-11.45.14-800x600.png
Hodges Figgis,https://dublincitymum.ie/listing/hodges-figgis/,https://www.hodgesfiggis.ie/,,"Hodges Figgis, Dublin’s oldest and largest bookstore, offers a delightful indoor experience for families, particularly in its expansive children’s section. This vibrant area is a haven for young readers, featuring an extensive collection of books that cater to all ages and interests. Children can explore a wide range of titles, from timeless classics to the latest releases, in a space designed to inspire imagination and a love for reading. | The bookstore frequently hosts engaging events such as story times and themed days, providing interactive experiences that bring stories to life. Whether you’re seeking the perfect bedtime story or an exciting new adventure, Hodges Figgis offers a welcoming environment for families to discover and enjoy literature together.","56-58 Dawson St, Dublin 2, D02 XE81, Ireland",53.342244,-6.25817,Indoor,,,,https://dublincitymum.ie/wp-content/uploads/2025/08/Hodges_Figgis-800x600.jpg
Hodges Figgis,https://dublincitymum.ie/listing/hodges-figgis-2/,https://www.waterstones.com/bookshops/hodges-figgis,,"The bookshop institution! Hodges Figgis houses a vast children’s collection, from classic fairy tales to the latest hits, all tucked into its warm and storied shelves.","56-58 Dawson St, Dublin 2, D02 XE81, Ireland",53.342244,-6.25817,Books,,,,https://dublincitymum.ie/wp-content/uploads/2025/08/Screenshot-2025-08-28-at-14.44.15-800x600.png
Holiday Inn Express Dublin City Centre,https://dublincitymum.ie/listing/holiday-inn-express-dublin-city-centre/,https://www.guestreservations.com/holiday-inn-express-dublin-city-centre/booking?gad_source=1&gclid=CjwKCAiAl4a6BhBqEiwAqvrqui49WxV6SIG3FSXrK83XLlHURDOlN5FdCYp9jA98aGY25348gVkOSBoCCmcQAvD_BwE,,"Location: | O’Connell Street, Dublin 1 – Central to the Spire, Dublin’s shopping area, and close to The Wax Museum and Trinity College. | Family Perks: | Family rooms, complimentary breakfast, and a location perfect for exploring Dublin’s major tourist spots. This hotel is great for families who want a budget-friendly option without compromising on comfort or location.","28-32 O'Connell Street Upper, Dublin, D01 T2X2, Ireland",53.352272,-6.260777,Budget Family Friendly Hotels Dublin,,,,https://dublincitymum.ie/wp-content/uploads/2025/08/Screenshot-2025-08-11-at-08.22.57-800x600.png
Honeypark Playground,https://dublincitymum.ie/listing/honeypark-playground/,,,"Honeypark Playground in Dun Laoghaire is a modern, family-friendly play area that offers a delightful blend of natural beauty and imaginative play. Nestled within the sustainable Honeypark development, the playground features a variety of equipment designed to engage children of all ages. Children can enjoy climbing frames, slides, swings, and rope bridges, providing ample opportunities for active play and exploration. | The inclusion of sensory play elements, such as sandboxes and water features, adds an extra dimension of sensory delight for young adventurers. The playground’s design incorporates accessible features, ensuring that every child can fully participate and enjoy the play experience. Wheelchair-accessible ramps, inclusive swings, and tactile elements offer opportunities for children with disabilities to engage and interact with their peers in a supportive and joyful setting. | The park’s thoughtful layout also includes seating areas for parents and caregivers, allowing them to relax and watch their children play while enjoying the beautiful surroundings. With its commitment to safety, inclusivity, and community engagement, Honeypark Playground provides a welcoming environment for families to connect and create lasting memories.","Honey Park, Honeypark, Dublin, Ireland",53.278949,-6.140526,Parks + Playgrounds,,,,https://dublincitymum.ie/wp-content/uploads/2025/08/Honey-Park-800x397.png
"Hop-on, Hop-off Bus Tour",https://dublincitymum.ie/listing/hop-on-hop-off-bus-tour/,https://hoponhopoffdublin.ie/,,"Explore Dublin at your own pace with a | hop-on, hop-off bus tour! | Pick and choose the attractions you wish to visit from Guinness Storehouse to Trinity College. Kids love this tour, especially when they get to sit on top of the open top bus and if you’re feeling a bit lazy, like us, you can just stay on it and admire the views! | First bus starts at Stop 1 | at Trinity College at 9.15am.","d02 34, 2 College Green, Dublin 2, D02 C850, Ireland",53.344407,-6.261094,Outdoor,,,,https://dublincitymum.ie/wp-content/uploads/2025/08/Hop-Bus.jpg
Hopeless Botanics,https://dublincitymum.ie/listing/hopeless-botanics/,https://hopelessbotanics.ie/,,"Hopeless Botanics | is a breath of fresh air (literally) in the Irish plant & home decor space. Operating via an elegant online storefront, they specialise in beautiful indoor plants, pots & vases, botanical prints, dried flowers, plant-care essentials, greeting cards and more — all curated with a green thumb and aesthetic flair. | What sets them apart is their eye for design: whether you’re gifting or greening your own space, their mix of living and artistic botanicals makes every purchase feel like a little slice of nature delivered. For Dublin-based families, Hopeless Botanics offers a convenient and stylish way to bring fresh life into homes.","5 Dean Street, The Liberties, Dublin 8, Ireland",53.339287,-6.273424,Homeware,,,,https://dublincitymum.ie/wp-content/uploads/2025/09/Screenshot-2025-09-26-at-09.10.11-782x600.png
Howth Castle Cookery School,https://dublincitymum.ie/listing/howth-castle-cookery-school/,https://howthcastlecookeryschool.ie/about/teen-and-tween-culinary-workshops/,+35318396182,"Howth Castle Cookery School offers hands-on workshops designed to inspire the next generation of chefs. Set in the magnificent castle kitchen, these 2-hour classes are perfect for teens and tweens looking to develop their cooking skills in a fun and engaging environment. | Workshops cover a range of exciting cuisines, including Mexican Street Food, Sushi, Gourmet Pizzas, Chinese Street Food, Pasta Making, and Curry & Naan. New classes are added regularly, so there’s always something fresh to try. | No matter their experience level, young chefs will learn essential techniques from professional chefs, gaining confidence and independence in the kitchen.","Howth Castle Cookery School, Howth , Dublin D13 EH73",,,Cooking,,,,https://dublincitymum.ie/wp-content/uploads/2025/07/Screenshot-192.png
Hug in a Bowl,https://dublincitymum.ie/listing/hug-in-a-bowl/,https://huginabowl.ie/,,"Hug in a Bowl | , founded by Deusa de Assis, is an Irish baby food company born from Deusa’s decade-long journey inspired by her experiences as both a mother and a childminder. Hug in a Bowl provides ready-made meals and dishes to support infant, toddler and kids nutrition, offering delicious, high-quality products. The company stands out with a menu emphasising natural ingredients and promoting healthy eating habits. Each recipe is carefully crafted to cater to babies, infants, toddlers, and kids incorporating appropriate elements, textures, and flavours for their respective age groups.",Online,,,Weaning + Family Meals,,,,https://dublincitymum.ie/wp-content/uploads/2025/09/IMG_7911.png
Hungry Munchkins,https://dublincitymum.ie/listing/hungry-munchkins/,https://hungrymunchkins.ie/,,"Chef, mum of three, and weaning wizard, Laura runs practical, fuss-free weaning classes (online and in-person!). She also crafts clever bibs and passionate recipe packs that debunk “weaning overwhelm” in one brilliant bite.","Malahide, County Dublin, Ireland",53.450924,-6.150138,Weaning + Family Meals,,,,https://dublincitymum.ie/wp-content/uploads/2025/08/Screenshot-2025-08-26-at-17.37.01-800x600.png
Hyatt Centric The Liberties Dublin,https://dublincitymum.ie/listing/hyatt-centric-the-liberties-dublin/,https://www.hyatt.com/hyatt-centric/dubct-hyatt-centric-the-liberties-dublin,+35317081999,"Location: | Dean Street, Dublin 8 – In the historic Liberties area, near Dublinia, St. Patrick’s Cathedral, and the Guinness Storehouse. | Family Perks: | The Hyatt Centric offers spacious family rooms, easy access to Dublin’s historical sites, and a relaxed environment with child-friendly amenities. Its location is ideal for families wanting to explore the city’s rich history and green spaces like St. Stephen’s Green and Phoenix Park.","Dean Street, Dublin, D08 E261, Ireland",53.339011,-6.27296,Mid Range Family Hotels Dublin,,,,https://dublincitymum.ie/wp-content/uploads/2025/08/Screenshot-2025-08-11-at-07.50.50-800x600.png
Hynes Agency,https://dublincitymum.ie/listing/hynes-agency/,https://www.hynesagency.ie/,+35318728170,Provides at-home services | Qualified Nannies | Childminders | Family Helpers | Maternity Nurses,"52 O'Connell Street Lower, North City, Dublin 1, D01 C2P1",53.268764,-6.133432,Crèches,,,,https://dublincitymum.ie/wp-content/uploads/2025/08/tanaphong-toochinda-9x3jGcu3qQ0-unsplash-800x600.jpg
I Monelli,https://dublincitymum.ie/listing/i-monelli/,https://www.imonelli.ie,+35314546057,"I Monelli | (Portobello Road) | Italian hospitality at its easiest—great pasta, gelatos and warmth. Family friendly with menus and high hairs, and priced at a very approachable mid-range. | Kids Menu: | Yes | High Chairs: | Yes | Baby Changing: | No | Why It’s Great: | Tuck-in-feel meets urban charm—classical Italian family dining in comfort. | Nearby Family Activity: | Walk off the meal with a wander down the canal towpaths.","1 Portobello Road, Portobello, Dublin, Ireland",53.329967,-6.269708,Eat,,https://www.imonelli.ie/menu,,https://dublincitymum.ie/wp-content/uploads/2025/05/Screenshot-91.png
IMMA Café,https://dublincitymum.ie/listing/imma/,https://imma.ie/visit/cafe-shop-grounds/?path=subnav_95.htm,,"IMMA Café | (Kilmainham) | Tucked inside the Museum of Modern Art, this café offers creativity on a plate (and walls). With a kids’ menu, high chairs, and play area, it’s high-value for creative families at mid-price point. | Kids Menu: | Yes | High Chairs: | Yes | Baby Changing: | Yes | Why It’s Great: | Culture + café stack up to an inspired, relaxing family outing. | Nearby Family Activity: | Explore the | IMMA galleries | , | take a kids are session, or enjoy the sculpture garden beyond.","Royal Hospital Kilmainham, Military Road, Kilmainham, Dublin, D08 FW31, Ireland",53.3432,-6.300126,Eat,,,,https://dublincitymum.ie/wp-content/uploads/2025/05/Screenshot-86.png
IMMA – Irish Museum of Modern Art,https://dublincitymum.ie/listing/imma-irish-museum-of-modern-art/,https://www.imma.ie,,"FREE ADMISSION | Like all our galleries in Dublin, IMMA is a fantastic place to explore for kids of all ages, to fuel and inspire little imaginations though their interactive exhibitions. | Escape the usual where modern art and 17th-century grandeur collide on a sprawling 48-acre canvas. This is no stuffy gallery, it’s a playground for curious minds, whether you’re strolling through thought-provoking exhibitions or roaming the manicured gardens that feel like art meets castle. | It’s wonderfully family-friendly too, with a welcoming | IMMA Café | for refuelling in between gallery jaunts. From vibrant exhibits to family art trails, workshops, and the ever-popular IMMA Outdoors (where the grounds come alive with performances and creative fun), it’s one of those rare places where little hands and big imaginations feel equally at home. And when you’ve had your fill of art, take a short stroll to explore nearby Kilmainham Gaol for a dose of history, or let the kids run wild spotting deer and climbing trees in the endless greenery of Phoenix Park.","Royal Hospital Kilmainham, Military Rd, Kilmainham, Dublin, D08 FW31, Ireland",53.3432,-6.300126,Indoor,,,,https://dublincitymum.ie/wp-content/uploads/2025/08/Child-pointing-at-Isabel-Nolan-work-in-Take-a-Breath-scaled-1-800x600.jpg
Imbibe Coffee Roasters,https://dublincitymum.ie/listing/imbibe-coffee-roasters/,https://imbibe.ie/,,"If you believe life is better with a great cup of coffee, | Imbibe | is your new happy place. Based in Dublin 8, they roast with love and precision, transforming the best single-origin and blend beans into liquid comfort you’ll crave every morning. | What makes Imbibe truly special? Their commitment to ethics and community is as strong as their coffee aroma. They pledge | 3.5% of all revenue | , before profit, to causes that matter, from local initiatives to global origin projects. | Every sip is delicious, smooth, uplifting, and full of character. They’re a homegrown gem doing big, beautiful work and we absolutely adore them for it.",Online,53.333791,-6.292784,Brands We Love,,,,https://dublincitymum.ie/wp-content/uploads/2025/10/Screenshot-2025-10-05-at-09.11.47-800x600.png
Industry & Co,https://dublincitymum.ie/listing/industry-co/,https://industryandco.com/,,"Industry & Co | is a design-lover’s treasure nestled in Dublin’s creative heart — a concept store on Drury Street that blends home, lifestyle goods and café culture under one stylish roof. Having opened in 2009, the store has grown into one of the city’s most celebrated independent design destinations. | Inside, you’ll discover a thoughtfully curated mix of local Irish design alongside international gems. From furniture, lighting and home décor to jewellery, textiles, books, artisan food and even pet accessories — every corner is filled with pieces selected for beauty, function and uniqueness. | What makes Industry & Co so special is its unique ability to merge everyday family-friendly lifestyle with design-forward sensibility. Pop in for that standout gift, browse for something to elevate your home, or settle in the café for a coffee and treat while you soak in the style! Stylish, accessible and proudly Dublin-based.","41 Drury St, Dublin 2, Ireland",53.342625,-6.263129,Brands We Love; Gifts; Homeware,,,,https://dublincitymum.ie/wp-content/uploads/2025/11/Screenshot_2-11-2025_85430_industryandco.com_-800x600.jpeg
Instituto Cervantes,https://dublincitymum.ie/listing/instituto-cervantes/,https://dublin.cervantes.es/en/courses_children/children_courses_spanish.htm,+35316311515,"Instituto Cervantes Dublin offers Spanish language courses for children and teenagers, helping them develop valuable language skills from an early age. Learning Spanish boosts educational success and future career prospects, as it’s the second most widely used business language globally. | Highly qualified native teachers use dynamic, communicative methods to make learning engaging and effective. | Located in the heart of Dublin at Lincoln House, the school also offers access to an extensive library and cultural activities to enhance the learning experience.","Lincoln House, 6-16 Lincoln Place, Dublin D02VH29",,,Languages,,,,https://dublincitymum.ie/wp-content/uploads/2025/07/Screenshot-179.png
Inventor's Club,https://dublincitymum.ie/listing/inventors-club/,https://inventorsclub.ie/about.php,+3532808280,"Inventors Club offers small, hands-on coding classes designed just for kids! With tiny class sizes, every student gets the attention they need to grasp new concepts and build confidence. Their teachers are not only programming experts but also great at making complex ideas easy to understand. Kids learn coding through fun, bite-sized lessons that keep them engaged and excited to create. | Perfect for curious minds who love to tinker and invent!","7 Church Pl, Thomastown, Sallynoggin, Co. Dublin, A96 K525",,,Technical,,,,https://dublincitymum.ie/wp-content/uploads/2025/07/Screenshot-186.png
Irish Design Shop,https://dublincitymum.ie/listing/irish-design-shop/,https://irishdesignshop.com/,,"Irish Design Shop | champions the very best of Irish-born craft and design. Founded by jewellers Clare Grennan and Laura Caffrey, this Dublin-based gem merges curated home-wares, art prints, jewellery and gift pieces — all rooted in genuine making, local talent and thoughtful design. | From mohair throws and artisan ceramics to minimalist silver jewellery made upstairs in their own workshop, the shop seamlessly blends modern aesthetics with Irish hearts. Perfect for anyone looking to bring a touch of Irish craft-style into their home, gift-giving or everyday space — Irish Design Shop is where design-led meets meaningful.",,,,Brands We Love; Gifts; Homeware,,,,https://dublincitymum.ie/wp-content/uploads/2025/10/Screenshot_31-10-2025_111815_irishdesignshop.com_-800x600.jpeg
Isabelle Ashe Dance,https://dublincitymum.ie/listing/isabelle-ashe-dance/,https://www.isabelleashedance.ie/,+353864405505,"Isabelle Ashe Dance Studios is a vibrant and dynamic dance school offering a comprehensive schedule of different programmes for dancers of all ages and abilities. | The classes are welcoming, fun and inclusive and aim to challenge our students in a warm and friendly environment. They develop students’ artistry, musicality, sound technique, coordination, flexibility, stamina and above all their love of dance and theatre arts. | ​",Multiple Locations,,,Dance,,,,https://dublincitymum.ie/wp-content/uploads/2025/06/Screenshot-127.png
It's A Small World Montessori School,https://dublincitymum.ie/listing/its-a-small-world-montessori-school/,https://www.childcare.ie/county-dublin/raheny/creche-montessori/it-s-a-small-world-montessori-school,+35318313453,"Creche & Montessori + Childcare | Morning and afternoon Montessori classes with 3, 4 or 5 day sessions available | ECCE scheme available","42A Station Road,, Raheny, County Dublin, D05 YY48",,,Montessori Schools,,,,https://dublincitymum.ie/wp-content/uploads/2025/08/Small-World.jpg
It’s a Small World,https://dublincitymum.ie/listing/its-a-small-world/,https://www.instagram.com/smallworldvillage?igsh=aWkxeXJuMGRsdXA5&utm_source=qr,,"Little hands, big imaginations! | Where every visit is a new adventure — helping pets, building dreams, growing gardens, and taking the spotlight.","Ballycragh, Dublin, D24 AH70, Ireland",53.274014,-6.343413,Baby + Toddler Classes,,,,https://dublincitymum.ie/wp-content/uploads/2025/11/IMG_1303-1-800x600.png
Iveagh Gardens,https://dublincitymum.ie/listing/iveagh-gardens/,https://www.iveaghgardens.ie/,,"This hidden secret is located next to the National Concert Hall, and is perfect for a picnic or run around with the kids. There’s no playground but the park boasts a waterfall, two fountains, a beautiful rose garden and maze, perfect for the little ones to explore and let their imaginations run free. Regular festivals and public events take place here during the summer months.","Dublin, D02 HX65, Ireland",53.340036,-6.260389,Parks + Playgrounds,,,,https://dublincitymum.ie/wp-content/uploads/2025/08/iveagh-800x600.jpg
Jamie's Italian,https://dublincitymum.ie/listing/jamies-italian/,https://www.jamiesitalian.ie/en/ji-dublin/,+35312980600,"Jamie’s Italian | (Dundrum Town Centre) | Reliable, friendly, and bright, this branch of the much-loved chain is a safe bet for tasty, Italian-style family meals. From pasta to pizzas, plus a kids’ menu and high chairs, it delivers casual, comfortable dining at a mid-range price. | Kids Menu: | Yes | High Chairs: | Yes | Baby Changing: | Yes | Why It’s Great: | Family favourites with a dependable menu and welcoming space, great for young diners. | Nearby Family Activity: | Step into the adjoining | Dundrum Shopping Centre | , which includes a play area, browsing, and even cinema for a full family afternoon.","Sandyford Road, Dublin, Ireland",53.278272,-6.231345,Eat,,,,https://dublincitymum.ie/wp-content/uploads/2025/05/Screenshot-96.png
Johanna King Photography,https://dublincitymum.ie/listing/johanna-king-photography/,https://www.johannakingphotography.com/family-event-photographer/,,"Johanna King is an acclaimed Documentary Family Photographer, capturing moments since 2013. Named | Best Documentary Family Photographer in Ireland 2023 | by This Is Reportage Family. | How does a documentary event photographer work? | No posing, no directing, no cheesy smiles, or looking straight at the camera. It means no pressure. Everyone can be themselves, and enjoy the event without feeling pressured to pose, which ensures that the photographs authentically reflect the genuine atmosphere of the occasion.",Various locations,,,Photographers,,,,https://dublincitymum.ie/wp-content/uploads/2025/08/JO-KING-532x600.png
Jump Zone,https://dublincitymum.ie/listing/jump-zone/,https://jumpzone.ie/,,"Jump Zone | is the first of its kind indoor trampoline park in Ireland. It offers massive walled trampoline courts, foam pits, basketball lanes and Trampoline Dodgeball Courts. Jump Zone caters for solo jumping, kids parties, corporate events, school outings and fitness programmes. You can literally bounce off the walls with almost 15,000sq.ft of trampolines in three locations across Dublin: Sandyford, Liffey Valley and Santry. | Jump Zone is suitable for children over 5. | Jump Zone has locations in | Sandyford, | Liffey Valley, | and | Santry.","72 Heather Rd, Sandyford Shopping Centre, Dublin 18, D18 XE70, Ireland",53.272507,-6.214622,Indoor,,,,https://dublincitymum.ie/wp-content/uploads/2025/08/Screenshot-2025-09-03-at-16.50.36-606x600.png
Jump Zone – Liffey Valley,https://dublincitymum.ie/listing/jump-zone-liffey-valley/,https://jumpzone.ie/adventure-trampoline-park-liffey-valley/kids-parties/,,"Jump Zone | in Liffey Valley offers an exciting and high-energy venue for kids’ birthday parties, designed for children aged 5 years and over. | Their party packages typically last 1.5 hours, with around one hour of trampoline time followed by 30 minutes in a private party zone. Each package includes a private host, full access to all attractions, refreshments, pizza slices for every guest, party invitations, and a gift for the birthday child. | With a huge space of interconnected trampolines, a ninja course, air bag, dodgeball courts, and a soft-play area for younger jumpers, Jump Zone delivers big fun — while their team takes care of set-up and clean-up, so parents can relax and enjoy the celebration.","Irishtown, Dublin, D22 FH26, Ireland",53.352374,-6.391872,Party Venues,,,,https://dublincitymum.ie/wp-content/uploads/2025/10/Screenshot_19-10-2025_9578_jumpzone.ie_.jpeg
Junior Einstein Science Club,https://dublincitymum.ie/listing/junior-einstein-science-club/,https://junioreinsteinsscienceclub.com/science-birthday-parties-for-children/,,"Junior Einsteins Science Club offers a unique and engaging birthday party experience for children aged 4 to 13, bringing hands-on science experiments directly to your home or chosen venue. Their parties are designed to captivate young minds with a variety of interactive activities, including making and taking home their own slime, conducting exciting experiments like Elephant Toothpaste, creating smoke rings with giant smoke cannons, and witnessing the dramatic Mentos and Coke geyser. | Children are provided with lab coats and goggles, transforming them into little scientists for the day. The experienced and Garda-vetted science instructors ensure a safe and enjoyable environment, handling all setup and cleanup, leaving your space as they found it. With a focus on fun and education, Junior Einsteins Science Club aims to inspire curiosity and a love for science in every child. Their services are available in various locations, including Dublin, Kildare, Meath, Westmeath, Wicklow, Wexford, Carlow, Kilkenny, and Waterford.","Dublin, Ireland",53.349801,-6.260296,Party Entertainers,,,,https://dublincitymum.ie/wp-content/uploads/2025/08/Screenshot-257.png
Juvi Designs,https://dublincitymum.ie/listing/juvi-designs/,https://www.juvidesigns.com/,,"Juvi Designs | is an Irish-born jewellery brand created with a spirit of adventure, a love of nature and a passion for design. From their Dublin studio, they craft elegant pieces using sustainably sourced gemstones and recycled precious metals, always with the idea of “forever” in mind. | Established by the dynamic duo Julie Danz and Vincent Tynan, Juvi brings together thoughtful design and expert craftsmanship to produce jewellery that honours both the wild beauty of Ireland and journeys around the globe. Whether it’s a stepping-stone ring, a pearl pendant or a gemstone charm, each piece is imbued with story and intention.",,,,Jewellery Designers,,,,https://dublincitymum.ie/wp-content/uploads/2025/10/Screenshot_26-10-2025_94547_www.juvidesigns.com_-800x600.jpeg
KID Store,https://dublincitymum.ie/listing/kid-store/,https://kidstore.ie/,,"A curated wonderland of wooden toys, developmental gifts, and imaginative essentials. KID Store delivers high-quality, playful items that families adore.","Dublin, Ireland",53.349805,-6.26031,Kids Store,,,,https://dublincitymum.ie/wp-content/uploads/2025/08/Screenshot-2025-08-27-at-11.32.17-800x600.png
KIDSPACE,https://dublincitymum.ie/listing/kidspace/,https://www.kidspace.ie/,,"KIDSPACE is a fantastic indoor children’s playcentre, located in Rathfarnham and has been designed with both parents and children in mind. It’s relatively small so not as hectic as some of the bigger play centres! | ​ | There’s a separate activity area for babies & toddlers which is known as ‘Toddler Village’, a variety of fun and educational classes (arts & crafts, dance), a sensory area and a main play centre area for older children. They also host kids birthday parties, so there’s something for every one. | ​ | The | Nest Cafe | serves everything from coffee, cakes to sandwich lunches. A bonus for the parents is | free wifi | , newspapers & magazines plus a plasma TV. | ​ | 2nd location in Rathcoole – full | details here | .",20 MAIN STREET RATHFARNHAM DUBLIN 14 D14 V3H9,,,Soft Play,,,,https://dublincitymum.ie/wp-content/uploads/2025/08/Kidspace-800x600.jpg
Kate Buckley School of Dance,https://dublincitymum.ie/listing/kate-buckley-school-of-dance/,https://katebuckleydance.com/contact/,,"The Kate Buckey School Of Dance provides | Ballet, Modern Jazz, Hip-Hop & Tapdance classes for ages 3 years old to young adults in | Rathfarnham, Dundrum and Knocklyon. Classes are suitable for boys and girls of all abilities and levels. Their aim is to give pupils a love of dance. | Pupils take part in shows/displays/youtube videos and can take RAD and ISTD Dance Examinations | throughout the year which gives students a goal and improves Pupils technically, artistically and gives them confidence.","Dundrum, Knocklyon, Rathfarnham",,,Dance,,,,https://dublincitymum.ie/wp-content/uploads/2025/06/Screenshot-133.png
Keenan School of Music,https://dublincitymum.ie/listing/keenan-school-of-music/,https://www.keenanschoolofmusic.ie/,+353872951168,"Keenan School of Music, Castleknock have fully qualified teachers providing expert tuition in Flute, Piano, Guitar, ukulele, Voice, Recorder,Violin, Viola, and’Cello, and Saxophone. Their | emphasis above all is to encourage learning through enjoyment.",,,,Music,,,,https://dublincitymum.ie/wp-content/uploads/2025/06/Screenshot-154.png
Kellystown Riding School,https://dublincitymum.ie/listing/kellystown-riding-school/,http://www.kellystownridingschool.com/,+353876735205,"Kellystown Riding School’s | activities are oriented towards teaching the rider to progress in their equitation skills in a safe, fun and challenging environment. Every Summer and public holiday season they have a program of Pony Camps for children and young teenagers to learn first hand the full joys and pleasures of equestrian companionship.","Kellystown Rd, Sandyford, Dublin 18",,,Horse Riding,,,,https://dublincitymum.ie/wp-content/uploads/2025/07/Screenshot-165.png
Kennedy & Co,https://dublincitymum.ie/listing/kennedy-co/,https://kennedycogrooming.com/,,"Kennedy & Co Grooming | , created by Darren Kennedy, is an Irish men’s grooming brand that celebrates simplicity, style, and self-care. Built on the philosophy that | “life is the occasion,” | the line offers sleek, everyday essentials—from hydrating beard oil to SPF-infused moisturiser and matte hair clay enriched with Baicapil™—all designed to deliver fast, noticeable results without fuss. The range is proudly vegan-friendly, cruelty-free, and free from harsh sulphates, parabens, and other nasties, combining clinically-proven ingredients with accessible luxury. Made in Ireland and stocked widely, they’re all about helping people feel effortlessly confident every day. While created with men in mind, many of their products—like beard oils and moisturisers—are loved across genders for their simplicity and performance.",online,,,Skincare,,,,https://dublincitymum.ie/wp-content/uploads/2025/09/Screenshot-2025-09-13-at-13.42.01-800x600.png
Kevins,https://dublincitymum.ie/listing/kevins/,https://www.kevins.ie/,,"Kevins GAA Club  provides hurling and camogie opportunities for children of all ages and skill levels. | The club’s ABC Nursery, open to boys and girls aged 4 to 7, focuses on agility, balance, and coordination through fun-based exercises that introduce the basics of the games in an engaging and supportive environment. Sessions take place at Loreto College on Crumlin Road every Saturday from 10:30 am – 11:30 am. Hurleys and helmets are provided for beginners. | ​ | As children progress, they can join age-group teams that compete in hurling, camogie, and rounders","114 Harold’s Cross Road, Dublin 6",,,GAA,,,,https://dublincitymum.ie/wp-content/uploads/2025/08/Screenshot-234.png
Kids Comp,https://dublincitymum.ie/listing/kids-comp/,https://www.kidscomp.ie/,+353851210056,"Coding & Robotics for Kids. | KidsComp offers hands-on coding and robotics classes for children aged 5 and up. With a focus on interactive and fun learning, their classes help kids build problem-solving skills and gain confidence with technology. | They offer in-person classes in community centres across Dublin and online classes available nationwide. Led by coaches with computer science and math backgrounds, KidsComp makes tech learning exciting and accessible for young minds.",Various Dublin,,,Technical,,,,https://dublincitymum.ie/wp-content/uploads/2025/07/Screenshot-188.png
Kids Parties Dublin,https://dublincitymum.ie/listing/kids-parties-dublin/,https://www.kidspartiesdublin.ie/,,"Kids Parties Dublin is your go-to provider for vibrant, stress-free children’s parties across Dublin and Wicklow. Whether you’re hosting a birthday bash, communion, or just a fun family gathering, they bring the excitement directly to your doorstep. | Their extensive range of party equipment includes themed bouncy castles, disco domes, obstacle courses, garden games, and even seasonal inflatables like Santa’s Grotto. Each rental includes delivery, setup, and collection, ensuring a hassle-free experience for parents. With a reputation for reliability and customer satisfaction, Kids Parties Dublin is dedicated to making every celebration unforgettable.",Delivered to your location,,,Party Entertainers,,,,https://dublincitymum.ie/wp-content/uploads/2025/08/Screenshot-215-800x537.png
Kids Parties Dublin,https://dublincitymum.ie/listing/kids-parties-dublin-2/,https://www.kidspartiesdublin.ie/?utm_source=gmb&utm_medium=organic&utm_campaign=gmbcamp&utm_id=google,,"Bouncy Castle Hire Dublin! | For bouncy castles, bouncy castles with slides, bouncy obstacle course, garden games and bouncy gladiator arenas, look no further. Some suitable for childrem 3 years and up, some (like the Gladiator) are for kids 7 years and older. Please check the website for full details.",Various locations,,,Party Venues,,,,https://dublincitymum.ie/wp-content/uploads/2025/08/bouncy.png
Kilkenny Design,https://dublincitymum.ie/listing/kilkenny-design/,https://kilkennydesign.com/,,"Kilkenny Design – Irish craft, contemporary living | Looking to bring a touch of Irish heart and style into your home? Kilkenny Design is a brilliant choice. With a big emphasis on Irish talent and heritage, they champion independent Irish makers and thoughtful design. From kitchenware and décor pieces to gift-friendly finds, you’ll spot the difference: quality materials, beautiful craftsmanship, and that unmistakable Irish flair. Ideal for busy families who want something more than “just functional” — you’ll get homeware that tells a story and looks good doing it.",,,,Homeware,,,,https://dublincitymum.ie/wp-content/uploads/2025/10/Screenshot_26-10-2025_10215_kilkennydesign.com_-716x600.jpeg
Killiney Beach,https://dublincitymum.ie/listing/killiney-beach/,https://www.dlrcoco.ie/killiney-beach,,"Ideal for a family picnic or a brisk walk in the fresh air, Killiney Beach is a long stony beach with stunning views of Bray Head, Dalkey Island and Sorrento Terrace. It’s perfect for swimming and bathing with all the family. | The beach is accessed from the car park via an A Grade walkway and ramps and handrails also exist at other areas.","Killiney Beach, Killiney, Co. Dublin",,,Beaches,,,,https://dublincitymum.ie/wp-content/uploads/2025/08/KILLINEY.jpg
Killruddery House and Gardens,https://dublincitymum.ie/listing/killruddery-house-and-gardens/,https://killruddery.com/,,"Just a short hop from Dublin, | Killruddery House and Gardens | is a magical day out for families, with space for little legs to run wild and grown-ups to soak up the history. Kids will love exploring the Faerie Woodland Village, climbing into the Giant Sandpit in the orchard, and following the winding garden paths that feel straight out of a storybook. Parents can wander through the elegant formal gardens—some of the oldest in Ireland—or take a break in the cosy café while the kids let off steam. With history, adventure, and plenty of fresh air, Killruddery is the kind of place where everyone finds their happy spot. | With Saturday markets, the | Pizza Shed | and the | Grain Store, | there is something tasty for every appetite. | If your little artists are itching to get their hands messy and imaginations soaring, they’ll adore | Me + The Mo°n’s Art Camps at Killruddery | —now entering their tenth year in the stunning Stable Studio on the estate. With the gardens right on their doorstep, kids can explore everything from paint, print and clay to collage, illustration and sketchbook‑making—all under the guidance of a fully qualified art teacher and fully encouraged messiness. These camps are all about letting creativity bloom in the fresh air, plus Killruddery members, workshop regulars and siblings get sweet discounts—a perfect blend of artistic fun and natural wonder!","Kilruddery Demesne West, Co. Wicklow, A98 W9F2, Ireland",53.181621,-6.101879,Outdoor,,,,https://dublincitymum.ie/wp-content/uploads/2025/08/Kilruddery-800x600.jpg
Kilmacud Crokes GAA,https://dublincitymum.ie/listing/kilmacud-crokes-gaa/,https://kilmacudcrokes.com/,+35312880857,"Kilmacud Crokes GAA Club provides a welcoming environment for children to learn and enjoy Gaelic games. The Nursery Program, open to boys and girls aged 4 to 7, introduces them to Gaelic Football, Hurling, Camogie, and Ladies’ Football. The focus is on fun, skill development, and fundamental movement skills in a structured yet engaging setting. | The club also offers a variety of summer camps, including inclusive programs with Special Needs Assistants (SNAs) to ensure all children can participate. A highlight is the Mini-All Ireland Festival, where over 1,000 boys and girls take part in a friendly, community-driven competition.","Glenalbyn, Stillorgan, Co. Dublin",,,GAA,,,,https://dublincitymum.ie/wp-content/uploads/2025/08/Screenshot-235-800x600.png
Kilmainham Gaol Museum,https://dublincitymum.ie/listing/kilmainham-gaol-museum/,https://www.kilmainhamgaolmuseum.ie/,,"Kilmainham Gaol Museum | invites families into the walls of one of Dublin’s most significant historical sites—where every stone whispers tales of Ireland’s fight for independence. The guided tour (about 1 hour plus additional museum time, totalling around 90 minutes) takes you through former prison cells, the chapel, the execution yard, and into the visitor centre with exhibitions, artifacts, and a café in the Courthouse building. | While it’s a deeply moving and educational experience, the tour’s intense history means it’s | recommended for children aged 6 and above | , with particular suitability for those | 8–12 years old | . | Family ticket prices are reasonable—€20 for 2 adults plus 2–3 children under 18, and children under 12 go free (with a ticket still required to enter). A shorter, specialised Children’s Tour  is also available during school holidays and events like Heritage Week, offering stories about the jail’s architecture and its more unusual inhabitants (yes—kids once imprisoned, too). | This isn’t a splashy, hands-on kids’ attraction—but if your children are curious about history, strong storytellers, or simply love exploring places where the past feels alive, Kilmainham Gaol offers an unforgettable, educationally rich outing.","Kilmainham, Dublin 8, D08 T2X5, Ireland",53.341753,-6.309651,Indoor,,,,https://dublincitymum.ie/wp-content/uploads/2025/09/Screenshot-2025-09-11-at-15.17.53-800x600.png
Kilronan Equestrian Centre,https://dublincitymum.ie/listing/kilronan-equestrian-centre/,https://www.kilronanequestriancentre.com/,+353872572712,"Kilronan Equestrian Centre in Swords, County Dublin, offers a welcoming environment for children to learn horse riding and equestrian skills. With highly trained instructors and well-mannered, well-schooled horses and ponies, Kilronan ensures a safe and enjoyable experience for riders of all levels. | As an AIRE-approved centre, Kilronan prides itself on maintaining high standards of care and customer service. The family-run atmosphere and beautiful setting make it a unique place to learn and grow in the world of horse riding.","Kilronan Equestrian Centre, Kettles Lane, Cloghran, Swords, Co. Dublin",,,Horse Riding,,,,https://dublincitymum.ie/wp-content/uploads/2025/07/Screenshot-168-710x600.png
Kilternan School of Music,https://dublincitymum.ie/listing/kilternan-school-of-music/,https://www.kilternanschoolofmusic.ie/music-school-location-contact/,+353862582082,"At Kilternan School of Music aims to deliver the best music education possible in a fun, friendly and enthusiastic environment. | Parents of students become part of the school and play an important role in the musical development of their children.",,,,Music,,,,https://dublincitymum.ie/wp-content/uploads/2025/06/Screenshot-155.png
Kindred of Ireland,https://dublincitymum.ie/listing/kindred-of-ireland/,https://kindredofireland.com/,,"If linen could tell stories, | Kindred of Ireland | would be a novel. Born from a love of Irish textile heritage, this beautifully handcrafted label uses locally sourced Irish linen (and now touches of Donegal tweed) to create garments that feel both timeless and alive. | Each piece is made to order, honouring slow fashion and intention over mass production. The magic of beetled linen, traditional Irish processing technique, gives their fabrics a subtle sheen, structure, and character you’ll want to wear, again and again. | We love Kindred of Ireland because it holds heritage in one hand, and purpose in the other. Amy Anderson, founder and creative soul behind the brand, weaves in values of sustainability, craftsmanship, and care, while supporting social initiatives and bringing linen back to life in ways that feel modern and meaningful. If you want a wardrobe staple that breathes Irish history, feels luxuriously natural, and grows more beautiful with time this is the brand to know.",Online,,,Brands We Love,,,,https://dublincitymum.ie/wp-content/uploads/2025/10/Screenshot-2025-10-05-at-10.16.30-672x600.png
Kinvara Skincare,https://dublincitymum.ie/listing/kinvara-skincare/,https://www.kinvaraskincare.com/,,"Kinvara Skincare | is a proudly Irish, plant-powered skincare brand founded in 2012 by Dr. Joanne Reilly — a natural scientist with a PhD in conservation ecology. Born out of her frustration with ineffective or unaffordable skincare, she started crafting products that align with her ethics and deliver real results. Rooted in the wild beauty of the West of Ireland, Kinvara champions clean, high-performing formulas that are 100% organic, vegan, and cruelty-free, using ingredients rich in omega fatty acids, antioxidants, and active botanicals. Their commitment to sustainability shines through in thoughtfully sourced, eco-friendly materials — think amber glass, sugar-cane plastics, refill pouches, and post-consumer recycled packaging — plus full transparency via verified “proof-point” labels on each product. Curated to nurture your skin and your values, Kinvara Skincare offers everyday essentials that are as kind to you as they are to the planet.",Online,,,Skincare,,,,https://dublincitymum.ie/wp-content/uploads/2025/09/Screenshot-2025-09-13-at-13.48.35-800x600.png
Krewe,https://dublincitymum.ie/listing/krewe/,https://krewe.ie/,,"Krewe (Capel Street & Charlemont Square) | A lively, New Orleans-inspired eatery steeped in Cajun-Creole flavours and Southern soul, wrapped up in a colourful, convivial vibe. Think | NOLA fried chicken | , | dirty fries | , tacos, macaroni and cheese (kids will love this!), and a big menu that’s full of bold, flavourful choices. Great for families with older kids who’ll love the fun twists on comfort food and the buzzing atmosphere. | Kids Menu: | Yes | High Chairs: | Yes | Baby Changing: | Yes | Why It’s Great: | Fun, laid-back dining with big flavours and generous portions, perfect if your crew loves trying something a little different.","Saint Kevin's, Dublin, D02 V9X2, Ireland",53.331494,-6.262938,Eat,,https://krewe.ie/bookings,,https://dublincitymum.ie/wp-content/uploads/2025/09/Screenshot-2025-09-12-at-16.12.48-800x600.png
LC Tennis Academy,https://dublincitymum.ie/listing/lc-tennis-academy/,https://www.lctennis.ie/,+35315769787,"LC Tennis Academy offers a 30-minute Junior Intro Class for children new to tennis. For just €10, kids get a taste of the fun drills and games used in regular coaching, while parents can meet the coaches and ask questions. This session helps determine the best group for your child’s level and interests. | ​ | After the intro class, children can join the Junior Coaching Programme, which includes: | ​ | 11 weeks of coaching | 1 Team Tennis Event to practise skills in a friendly competition | 1 Family Social Event to enjoy tennis together | 1 court booking for extra practice",Rosemont School Sandyford & Wesley College Sandyford,,,Tennis,,,,https://dublincitymum.ie/wp-content/uploads/2025/08/Screenshot-297.png
LNH Edit,https://dublincitymum.ie/listing/14826/,https://lnhedit.com/,,"LNH Edit | is a beautifully curated Irish lifestyle brand that brings together slow-fashion and mindful home-ware in equal measure. Launched by Laura Nolan Horgan, her mission is to add joy, creativity and quality into every home and wardrobe, the collection spans from timeless clothing and accessories to home décor and tableware. With her creative vision leading the way, Laura has shaped a collection where ethical fashion and beautiful homeware meet with heart and hope. | Laura believes every home and every person deserves little things that spark joy and you’ll see that belief woven through every piece in LNH Edit’s range. From sustainable fabrics in timeless clothing to artisan tableware and carefully selected décor, the brand reflects Laura’s aesthetic: warm, curated, and utterly modern.",,,,Brands We Love; Gifts; Homeware,,,,https://dublincitymum.ie/wp-content/uploads/2025/11/Screenshot_2-11-2025_174852_lnhedit.com_.jpeg
La Leche League,https://dublincitymum.ie/listing/la-leche-league/,https://www.lalecheleagueireland.com/,,"La Leche League of Ireland is a valued national, peer-led organisation offering free, empathetic support to anyone who wishes to breastfeed or provide human milk to their baby. All services are delivered by trained volunteer Leaders—mothers with personal breastfeeding experience—who facilitate in-person group meetings, telephone support, and online forums, plus share practical resources like books and information leaflets. Beyond individual support, the organisation plays a strong advocacy role, working collaboratively with healthcare professionals and policymakers to promote breastfeeding as a vital part of healthy early child development",Various locations,,,Breastfeeding,,,,https://dublincitymum.ie/wp-content/uploads/2025/08/trung-nhan-tran-pPQMdune9bE-unsplash-800x600.jpg
Language Explorers Workshops (For families with children 3 to 6 years old),https://dublincitymum.ie/listing/language-explorers-workshops-for-families-with-children-3-to-6-years-old/,https://mothertongues.ie/language-explorers-early-years/,+353894642725,"Language Explorers is Mother Tongues’ programme, designed for children aged 3 to 6 and their families. | Facilitated by our specially trained multilingual artists, the Language Explorers workshops create a welcoming space for families from all linguistic and cultural backgrounds. Each session invites children and their adults to connect with their language(s) through storytelling, play, visual arts, music and movement. | Our artists create a space full of imagination and creativity, in which speaking and listening to languages is fun and something to be proud of. | Families take part in high-quality artistic activities while sharing and exploring the diversity of languages in the room, inspiring multilingual families and those curious about other languages and cultures. | Workshops are delivered in English, and families are warmly encouraged to bring any and all languages they speak. Whether your child is fluent, just starting to learn, non-speaking, or communicates in a different way, this space is for you. | View upcoming family workshops: | https://mothertongues.ie/language-explorers-early-years/","County Dublin, Ireland",53.330203,-6.310566,Baby + Toddler Classes,,,,
Language Explorers – Crafting Stories Together,https://dublincitymum.ie/listing/language-explorers-crafting-stories-together/,https://www.eventbrite.ie/e/language-explorers-crafting-stories-together-tickets-1598523018379,+353894642725,"Venue: Rua Red South Dublin Arts Centre. Tallaght, Dublin, D24 KV8N, Ireland | Can you whisper, rustle, or growl? How about colour, create and stick things together? If so, this workshop is for you! Discover the magic of storytelling with Margot Jones, bring the story to life with sound and movement and craft your own imaginative art to take home. Perfect for kids and grown-ups who love to get creative and have fun while practising or learning a bit of Irish! | Each session is different but connected to an overall theme. Come to as many workshops as you like! | Mother Tongues’ Language Explorer workshops provide a unique creative experience for parents and their children based on storytelling, play, visual arts and music. While the workshops will be guided in English, we encourage families to embrace their home languages. This fosters meaningful connections between parents and children, creating a truly inclusive environment. Meet and connect with other like-minded families and share your language journey! | PLEASE NOTE: | Workshops are free of charge, but booking is required as there is limited capacity. When you reserve a child ticket, the accompanying adult is automatically included. If you can’t make the event, please email us at | hanna@mothertongues.ie | so that some other family can benefit from attending the workshop. | Please remember that children must be under the supervision of an accompanying adult throughout the workshops. | Activities have been specifically designed for children aged 3 to 6. However, if you have an older child who wishes to participate, they are more than welcome (please book a place for them too). For children younger than 2.5 years, the activities might be too complex, but they are also welcome to accompany their older siblings. No need to reserve a spot for younger accompanying children. | This workshop series is funded by the Arts Council and Rua Red Arts Centre.","Tallaght, Dublin, D24 KV8N, Ireland",53.2881,-6.372892,Baby + Toddler Classes,,,,https://dublincitymum.ie/wp-content/uploads/2025/10/Language-Explorers-Crafting-Stories-Together-800x470.jpg
"Language Explorers – Little Voices, Big Expressions",https://dublincitymum.ie/listing/language-explorers-little-voices-big-expressions/,https://www.eventbrite.ie/e/language-explorers-little-voices-big-expressions-tickets-1536165555529?aff=odcleoeventsincollection,+353894642725,"Venue: ADAMSTOWN YOUTH AND COMMUNITY CENTRE. STATION ROAD. Lucan. Co. Dublin. K78E7F8 | Little Voices, Big Expressions | In these hands-on workshops, children will journey through a colourful world of creativity, guided by Paola Invernizzi and inspired by a variety of art techniques. Each session blends storytelling and art making, inviting children to explore their emotions, ideas and imaginations in playful, meaningful ways. Curious minds, open hearts, and messy hands welcome. Ready to tie your apron? | Each session is different but connected to an overall theme. Come to as many workshops as you like! | Mother Tongues’ Language Explorer workshops provide a unique creative experience for parents and their children based on storytelling, play, visual arts and music. While the workshops will be guided in English, we encourage families to embrace their home languages. This fosters meaningful connections between parents and children, creating a truly inclusive environment. Meet and connect with other like-minded families and share your language journey! | PLEASE NOTE: | Workshops are free of charge, but booking is required as there is limited capacity. When you reserve a child ticket, the accompanying adult is automatically included. If you can’t make the event, please email us at | hanna@mothertongues.ie | so some other family can benefit from attending the workshop. | Please remember that children must be under the supervision of an accompanying adult throughout the workshops. | Activities have been specifically designed for children aged 3 to 6. However, if you have an older child who wishes to participate, they are more than welcome (please book a place for them too). For children younger than 2.5 years, the activities might be too complex, but they are also welcome to accompany their older siblings. No need to reserve a spot for younger accompanying children. | This workshop series is funded by the Arts Council and South Dublin Arts Office.","Finnstown, Lucan, County Dublin, K78 E7F8, Ireland",53.336287,-6.463733,Baby + Toddler Classes,,,,https://dublincitymum.ie/wp-content/uploads/2025/10/Language-Explorers-Little-Voices-Big-Expressions-800x470.jpg
Language Explorers – Out of This World,https://dublincitymum.ie/listing/language-explorers-out-of-this-world/,https://www.eventbrite.ie/e/language-explorers-out-of-this-world-tickets-1535865177089,+353894642725,"Venue: Clondalkin Library. Monastery Road. Clondalkin, Dublin, D22 XP03, Ireland | Ready for liftoff? Join us with Paola Invernizzi on a magical journey through space and imagination in our Out of This World workshops! Designed for curious young explorers, these sessions blend storytelling, art and multilingual play into an unforgettable adventure. | Together, we will travel from the shimmering Moon to the twinkling Stars, past distant Planets, and back to our very own Planet Earth, discovering what makes it so unique. But the most important destination? The universe inside ourselves. Embark on a journey where every child is a star. | Each session is different but connected to an overall theme. Come to as many workshops as you like! | Mother Tongues’ Language Explorer workshops provide a unique creative experience for parents and their children based on storytelling, play, visual arts and music. While the workshops will be guided in English, we encourage families to embrace their home languages. This fosters meaningful connections between parents and children, creating a truly inclusive environment. Meet and connect with other like-minded families and share your language journey! | PLEASE NOTE: | Workshops are free of charge, but booking is required as there is limited capacity. When you reserve a child ticket, the accompanying adult is automatically included. If you can’t make the event, please email us at | hanna@mothertongues.ie | so that some other family can benefit from attending the workshop. | Please remember that children must be under the supervision of an accompanying adult throughout the workshops. | Activities have been specifically designed for children aged 3 to 6. However, if you have an older child who wishes to participate, they are more than welcome (please book a place for them too). For children younger than 2.5 years, the activities might be too complex, but they are also welcome to accompany their older siblings. No need to reserve a spot for younger accompanying children. | This workshop series is funded by the Arts Council and South Dublin County Council.","Clondalkin, Dublin, D22 XP03, Ireland",53.320719,-6.388531,Baby + Toddler Classes,,,,https://dublincitymum.ie/wp-content/uploads/2025/10/Language-Explorers-Out-of-This-World-800x470.jpg
Language Explorers – The language of home,https://dublincitymum.ie/listing/language-explorers-the-language-of-home/,https://www.eventbrite.ie/e/language-explorers-the-language-of-home-tickets-1776003697869,+353894642725,"Venue: Rua Red South Dublin Arts Centre. Tallaght, Dublin, D24 KV8N, Ireland | In these Language Explorers workshops, families will explore the beauty of language through storytelling, artmaking, movement and games with Fernanda Ferrari. | Together, we will discover fun ways to share our languages and cultures, telling favourite family stories, creating colourful artworks and learning new ways to express ourselves. No matter what language you speak at home, everyone is welcome to join the adventure! | Each session is different but connected to an overall theme. Come to as many workshops as you like! | Mother Tongues’ Language Explorer workshops provide a unique creative experience for parents and their children based on storytelling, play, visual arts and music. While the workshops will be guided in English, we encourage families to embrace their home languages. This fosters meaningful connections between parents and children, creating a truly inclusive environment. Meet and connect with other like-minded families and share your language journey! | PLEASE NOTE: | Workshops are free of charge, but booking is required as there is limited capacity. When you reserve a child ticket, the accompanying adult is automatically included. If you can’t make the event, please email us at | hanna@mothertongues.ie | so that some other family can benefit from attending the workshop. | Please remember that children must be under the supervision of an accompanying adult throughout the workshops. | Activities have been specifically designed for children aged 3 to 6. However, if you have an older child who wishes to participate, they are more than welcome (please book a place for them too). For children younger than 2.5 years, the activities might be too complex, but they are also welcome to accompany their older siblings. No need to reserve a spot for younger accompanying children. | This workshop series is funded by the Arts Council and Rua Red Arts Centre.","Tallaght, Dublin, D24 KV8N, Ireland",53.2881,-6.372892,Baby + Toddler Classes,,,,https://dublincitymum.ie/wp-content/uploads/2025/10/Language-Explorers-The-language-of-home-800x470.jpg
Lansdown Lawn,https://dublincitymum.ie/listing/lansdown-lawn/,https://lansdowneltc.com/,+35316680219,"Lansdowne LTC runs a Junior Tennis Programme alongside the school year, offering group coaching from September to June and holiday camps during school breaks. The programme welcomes all levels, from complete beginners to experienced young players. | ​ | Located in Ballsbridge, the club features 10 all-weather floodlit courts, a practice court, and a modern clubhouse with excellent viewing facilities. | ​ | Lansdowne also hosts a variety of social and competitive events throughout the year, including the Leinster Junior Open Championships and other fun tournaments that help juniors stay active and involved in the sport.","Londonbridge Road, Dublin 4, D04 X0E8",,,Tennis,,,,https://dublincitymum.ie/wp-content/uploads/2025/08/Screenshot-301.png
Laura Chambers Cashmere,https://dublincitymum.ie/listing/laura-chambers-cashmere/,https://www.laura-chambers.com/,,"Wrap yourself in pure luxury with | Laura Chambers | , a Dublin-based designer whose dreamy cashmere pieces are as beautiful as they are timeless. | Every item is lovingly made in Ireland using the finest, softest cashmere, the kind that makes you sigh with happiness the moment it touches your skin. Think elegant wraps, chic knits, and effortless silhouettes that feel indulgent yet perfectly wearable. | Laura’s collection is all about quality, comfort, and quiet confidence, designed for women who want to look and feel gorgeous every day. We love her for creating heirloom-worthy pieces that celebrate Irish craftsmanship while wrapping us in warmth and style.",Online,,,Brands We Love,,,,https://dublincitymum.ie/wp-content/uploads/2025/10/Screenshot-2025-10-05-at-09.07.43-800x600.png
Leeson Park School of Music,https://dublincitymum.ie/listing/leeson-park-school-of-music/,https://www.lpsm.ie/enrol,+35314967890,"Colourstrings instrumental music classes are a natural progression from the music kindergarten programme. The instrumental tutor books include songs, nursery rhymes and rhythms familiar from the Singing and Rhythm Rascals books which makes learning the technical demands of the instrument much easier for the young child as they are already familiar with the musical content of the material.",,,,Music,,,,https://dublincitymum.ie/wp-content/uploads/2025/06/Screenshot-144.png
Leeson Park School of Music,https://dublincitymum.ie/listing/leeson-park-school-of-music-2/,https://www.lpsm.ie/music-kindergarten,,"Baby & Toddler + Kid Music | Music Kindergarten taking  the young child on a wonderful adventure through “Musicland” where their sense of pitch and rhythm is developed alongside the training of the inner ear. All classes introduce different musical concepts such as: pitch, rhythm, melody, dynamics, tempo, character, form and style – in a playful way through a carefully chosen selection of well known rhymes and children’s songs. | ​ | Music Kindergarten | classes | ( | 1 year – 4 years | ) | take young children on a wonderful adventure through “Musicland” where their sense of pitch and rhythm is developed alongside the training of the inner ear through the Colourstrings approach. | Pre-Instrumental Programme | ​(4 – 7 years) is the After School Introductory Music Classes. This is a 2 year programme. These weekly classes allow children to attend on their own, which encourages them to build a relationship with music.","Kensington Hall, Grove Park, Rathmines, Dublin 6",,,Baby + Toddler Classes,,,,https://dublincitymum.ie/wp-content/uploads/2025/08/Leeson-Park.png
Lennon Courtney,https://dublincitymum.ie/listing/lennon-courtney/,https://www.lennoncourtney.com/,,"Few people embody Irish style quite like Sonya Lennon, designer, broadcaster, changemaker, and all-round powerhouse. Through | Lennon Courtney | , Sonya and Brendan Courtney have created a brand that’s as inspiring and dynamic as they are: full of colour, confidence, and joy. | Lennon Courtney is a celebration of confidence, colour, and clever design. Known for its clean lines, classic styling, and fearless approach to fashion, the brand has become a go-to for women who love clothes that make them feel instantly polished and powerful. | At its heart is Sonya, a force of nature in Irish fashion and a passionate advocate for women’s empowerment. Together, she and Brendan bring creativity and heart to every piece, designing collections that are as wearable as they are beautiful. Each collection is a masterclass in effortless elegance: bold prints, flattering cuts, and fabrics that make you feel instantly put-together. Designed for real women living real lives, Lennon Courtney pieces bring ease and empowerment to getting dressed — and looking fabulous doing it. | Beyond the clothes, what makes Lennon Courtney shine is its soul, driven by Sonya’s vision, energy, and unwavering belief in women. This brand isn’t just about fashion; it’s about confidence, joy, and feeling your very best, inside and out. | We love Sonya Lennon for her brilliance, her heart, and her gorgeous ability to make every woman feel seen, strong, and stylish.",Online,,,Brands We Love,,,,https://dublincitymum.ie/wp-content/uploads/2025/10/Screenshot-2025-10-05-at-10.36.35-604x600.png
Leonardo Hotel Christchurch,https://dublincitymum.ie/listing/leonardo-hotel-christchurch/,https://www.leonardo-hotels.com/dublin/leonardo-hotel-dublin-christchurch,+35314540000,"Location: | Christchurch Place, Dublin 8 – A short walk from Dublinia, Christ Church Cathedral, and St. Patrick’s Cathedral. | Family Perks: | Affordable family rooms, a central location, and kid-friendly menus. It’s ideal for families looking to explore Dublin’s medieval history without stretching the budget. The location is fantastic for visiting key family attractions and nearby parks.","Christchurch Place, Dublin, D08 Y0X6, Ireland",53.343178,-6.27041,Budget Family Friendly Hotels Dublin,,,,https://dublincitymum.ie/wp-content/uploads/2025/08/Screenshot-2025-08-11-at-08.17.10-800x600.png
Liada Naiken,https://dublincitymum.ie/listing/liada-naiken/,https://www.liadainaiken.com/,,"Sustainable, ethical & functional  garments that leave a happy footprint on our earth. Liada Naiken is a creative Irish children’s designer who brings contemporary kids’ knits to life with gentle colours and playful textures.","Ballydehob, County Cork, Ireland",51.563008,-9.455367,kids Apparel,,,,https://dublincitymum.ie/wp-content/uploads/2025/08/Screenshot-2025-08-27-at-15.06.17-800x600.png
Lighthouse Cinema,https://dublincitymum.ie/listing/lighthouse-cinema/,https://www.lighthousecinema.ie/,,"The Lighthouse Cinema | run dedicated | Parent and Baby screenings | , letting you catch one of the new releases. To make it easier for parents to catch a film, there is discounted parking in the Queen St. car park for Light House Cinema patrons. They also have a place to store your buggy, and they turn down the volume and keep low lighting for baby’s comfort. Perfect. | There’s a range of fresh sandwiches, cakes, herbal teas and coffee (decaf and regular) at the café where you can meet and chat with other parents and caregivers. | ​","Smithfield, Dublin, D07 R6YE, Ireland",53.348851,-6.27907,Indoor,,,,https://dublincitymum.ie/wp-content/uploads/2025/08/Lighthouse-Cinema-Smithfield.jpg
Lil Teepees Slumbers,https://dublincitymum.ie/listing/lil-teepees-slumbers/,https://www.lilteepeeslumbers.ie/,,"Lil Teepee Slumbers | turns ordinary sleepovers into | magical mini glamping adventures | — all from the comfort of your own home! Based in Swords and serving the greater Dublin area, they specialise in beautifully styled indoor teepee slumber parties, dreamy picnic setups, and even kids’ corners for weddings and special events. | Each party package includes everything you need to create a Pinterest-worthy sleepover scene: handcrafted teepee tents, cosy mattresses with crisp cotton sheets, fluffy blankets, fairy lights, bunting, lanterns, and gorgeous themed decor. You simply pick your theme — think “Unicorn Dreamland”, “Boho Blush”, “Superhero Squad”, or “Gamer Zone” — and they’ll handle the delivery, styling, and next-day collection. | Whether it’s your child’s first sleepover or a special birthday celebration, Lil Teepee Slumbers makes it magical, memorable, and completely stress-free for parents. It’s sleepover perfection — soft lights, giggles, popcorn, and the kind of excitement that only comes when bedtime feels like an adventure.","Dublin, Ireland",53.349805,-6.26031,Party Entertainers,,,,https://dublincitymum.ie/wp-content/uploads/2025/10/Screenshot_19-10-2025_1044_www.lilteepeeslumbers.ie_-800x600.jpeg
Lili’s Family Fakeaways,https://dublincitymum.ie/listing/lilis-family-fakeaways/,https://www.instagram.com/liliforberg/,,"Created by the ever-inspiring | Lili Forberg | , this cookbook is an instant family favourite. Bursting with over 80 easy, flavour-packed recipes, it’s all about recreating your takeaway favourites at home — minus the fuss, guilt, or delivery fees. | Lili, a mum of two and beloved food creator with a huge following on | Instagram | , brings her trademark warmth and creativity to every page. Her food is | real | — the kind your kids will actually eat, your partner will rave about, and you’ll be proud to serve up midweek. | From fakeaway curries to healthy traybakes and crowd-pleasing pasta dishes, | Lili’s Family Fakeaways | proves that home-cooked meals can be simple, joyful, and downright delicious. If you’re looking for inspiration to feed your family without overcomplicating life, this one’s a must-have for your kitchen shelf.","36 Grafton Street, Dublin, D02 X560, Ireland",53.340957,-6.260244,Weaning + Family Meals,,,,https://dublincitymum.ie/wp-content/uploads/2025/10/lilis-family-favourites-tasty-fuss-free-recipes-the-whole-family-will-love-b-iext117856814-483x600.jpg
Lily Pad Crèche & Montessori,https://dublincitymum.ie/listing/lily-pad-creche-montessori/,http://www.lilypad.ie/,+35315153081,Crèche & Montessori | Four basic packages: | Full Time | ECCE Scheme | ECCE Scheme plus hourly rate,"16 Main Street, Rathfarnham, County Dublin D14 F5X8, Ireland",53.298969,-6.285598,Montessori Schools,,,,https://dublincitymum.ie/wp-content/uploads/2025/08/Lilypad.png
Linda Clarke Photography,https://dublincitymum.ie/listing/linda-clarke-photography/,https://www.lindaclarkephotography.ie/,+353857168543,"From pregnancy glow to newborn cuddles and birthday giggles, Linda Clarke turns family moments into beautiful, timeless portraits. Based in her cosy Newcastle studio, she offers relaxed, expert-led sessions—like her ‘Bump to Baby’ package with a velvet keepsake album, or playful Balloon & Bubbles birthday mini-shoots. Her style is baby-led, gentle, and award-recognized, making each experience as special as the memories it captures.","Highdown Hill, Newcastle, County Dublin D22, Ireland",53.291223,-6.508998,Photographers,,,,https://dublincitymum.ie/wp-content/uploads/2025/08/Screenshot-278.png
Little Bird Café,https://dublincitymum.ie/listing/little-bird-cafe/,https://little-bird.ie/,,"Little Bird Café (South Circular Road, Dublin 8) | This cosy neighbourhood café and yoga studio is a Dublin 8 gem. Families love the wholesome, flavour-packed menu with great veggie and vegan options (their pancakes and toasties are crowd-pleasers for all ages). The space is bright and welcoming, with a laid-back vibe that makes it easy to relax whether you’re grabbing brunch, a coffee, or a healthy bite with the kids in tow. While there’s no highchairs or dedicated kids menu, it’s a great little spot for eggs on toast and a hot chocolate! | Kids Menu: | No dedicated kids menu, but plenty of dishes little ones will happily tuck into. | High Chairs: | No. | Baby Changing: | No. | Why It’s Great: | Healthy, tasty food with a family-friendly atmosphere, plus the bonus of amazing yoga classes!","82 South Circular Road, Portobello, Dublin 8, Ireland",53.33232,-6.27366,Eat,,,,https://dublincitymum.ie/wp-content/uploads/2025/09/LB-800x600.jpg
Little Bow Pip,https://dublincitymum.ie/listing/little-bow-pip/,https://littlebowpip.com/,,"Soft, handmade hair bows for babies and big kids, crafted with care in Dublin. Little Bow Pip’s elegant Pippa Bows are ultra-comfy, stylish, and instantly lift any outfit with a sprinkle of charm.","Columba House, Lakeshore Dr, Airside Retail Park, Swords, Co. Dublin, K67 R2Y9, Ireland",53.445169,-6.222224,kids Apparel,,,,https://dublincitymum.ie/wp-content/uploads/2025/08/Screenshot-2025-08-27-at-11.40.19-800x600.png
Little Da Vinci's,https://dublincitymum.ie/listing/little-da-vincis/,https://dublinartclasses.com/contact-us/,+353857106895,"Little Da Vinci Art Classes offer young artists the chance to develop their painting and drawing skills in a fun, supportive environment. Kids will learn foundational techniques like sketching, color mixing, light and shadow, and creating dynamic compositions. They’ll also get a taste of art history, learning about famous artists like Van Gogh and Picasso. | Classes are one hour long and take place on Tuesdays or Wednesdays, depending on availability. | ​","Balgriffin Hall, Malahide Road, Dublin 13",,,Art,,,,https://dublincitymum.ie/wp-content/uploads/2025/06/Screenshot-126.png
Little Dreamers,https://dublincitymum.ie/listing/little-dreamers/,https://littledreamers.ie/,,"Little Dreamers | is a 100% Irish family business specialising in gorgeous nursery & children’s furniture and wooden toys. From co-sleepers, beds & mattresses, to creative playroom accessories and timeless wooden toys, they cover everything you need to make rooms both beautiful | and | functional. Ideal for parents who want quality, style, and something built to last.",Online,,,Nursey Interiors + Baby Essentials,,,,https://dublincitymum.ie/wp-content/uploads/2025/08/Little-Dream-768x600.jpg
Little Galway Store,https://dublincitymum.ie/listing/little-galway-store/,https://littlegalwaystore.ie/,,"Little Galway Store | is a beautifully curated Irish baby-&-kids boutique based in Co. Galway, specialising in luxury accessories and soft knitwear made for little ones. | From personalised 100% cotton blankets to cosy rompers, knitted booties and soother clips, each piece is designed with care and tested to the highest safety standards. Whether you’re shopping for a special newborn gift or simply want something stylish and singular for your child, Little Galway Store offers Irish-made charm, tailored detail and timeless design.",,,,Gifts,,,,https://dublincitymum.ie/wp-content/uploads/2025/10/Screenshot_31-10-2025_111148_www.instagram.com_-744x600.jpeg
"Little Green, Portmarnock",https://dublincitymum.ie/listing/little-green-portmarnock/,https://www.instagram.com/littlegreenpm/?hl=en,+353873336659,"One of Portmarnock’s favourite food destinations. We can’t decide between their incredible breakfast, fun brunch or tasty dinner menus. If you’re local to the area, why not sample all three and let us know which is best?! | No website available, though their menu and information is available on both | Facebook | and | Instagram | accounts. | Kids Menu: | Yes | Highchairs: | Yes | Baby Changing Facilities: | Booking: | Walk in service no booking necessary","Portmarnock Town Centre, Strand Road, Burrow, Portmarnock, County Dublin, Ireland",53.420839,-6.137312,Eat,,,,https://dublincitymum.ie/wp-content/uploads/2025/09/LG-800x592.png
Little Island,https://dublincitymum.ie/listing/little-island/,https://www.littleisland.ie/,,"More than a bookstore, Little Island publishes and sells thoughtful children’s titles, all crafted to nurture young hearts, big questions, and lifelong imagination.","Dublin, Ireland",53.349805,-6.26031,Books,,,,https://dublincitymum.ie/wp-content/uploads/2025/08/Screenshot-2025-08-28-at-14.55.51-800x600.png
Little Kickers,https://dublincitymum.ie/listing/little-kickers/,https://www.littlekickers.ie/index,,"Little Kickers gives children a positive introduction to sport by teaching high quality football skills in a friendly, pressure-free environment. There are four different classes tailored specifically to the needs of children between 18 months and seven years of age. | It’s the perfect way to ignite an enthusiasm for sport that will stay with them for life.",Various Locations,,,Sport,,,,https://dublincitymum.ie/wp-content/uploads/2025/08/Screenshot-201.png
Little Larks,https://dublincitymum.ie/listing/little-larks/,https://littlelarksclothing.com/,,"Little Larks | is a Dublin-based brand crafting beautifully smocked dresses, rompers and pinafores inspired by traditional children’s wear. Their collections blend heritage fabrics and timeless cuts with soft colours and delicate embroidery. It’s classic, nostalgic and perfectly Irish — the kind of clothing that makes memories.",,,,kids Apparel,,,,https://dublincitymum.ie/wp-content/uploads/2025/11/Screenshot_1-11-2025_111840_www.instagram.com_-636x600.jpeg
Little Laughs,https://dublincitymum.ie/listing/little-laughs/,https://littlelaughs.ie/,+353876843705,"Little Laughs is a Dublin-based children’s entertainment company founded in 2008 by Eimear McCann, who brings over 17 years of experience to creating fun and memorable birthday parties. Eimear and her team offer a wide range of customizable party packages designed to engage children aged 3 to 13, ensuring a stress-free experience for parents. Whether hosting at home or at their dedicated venue in Santry, Little Laughs provides everything needed for a successful celebration, including entertainers, materials, and setup. | ​ | Their diverse offerings cater to various interests, such as arts and crafts, slime-making, karaoke, pamper sessions, and tie-dye activities. Each package is tailored to the age group and preferences of the birthday child, with options for both small gatherings and larger parties. The team is known for their professionalism, reliability, and ability to connect with children, creating an atmosphere filled with laughter and joy. With a commitment to delivering high-quality entertainment, Little Laughs ensures that every birthday party is a delightful and memorable occasion.","Dublin, Ireland",53.349801,-6.260296,Party Entertainers,,,,https://dublincitymum.ie/wp-content/uploads/2025/08/Screenshot-258.png
Little Ones,https://dublincitymum.ie/listing/little-ones/,https://www.littleones.ie/,,"Personalised, playful, and all beautifully wrapped, Little Ones is a dream spot for imaginative gifts and essentials that add a sprinkle of joy to storytime and play.","57 Parnell St, Clonroad Beg, Ennis, Co. Clare, Ireland",52.843882,-8.98574,Gifts,,,,https://dublincitymum.ie/wp-content/uploads/2025/08/Screenshot-2025-08-27-at-13.44.00-800x600.png
Little Roo,https://dublincitymum.ie/listing/little-roo/,https://www.littleroo.ie/,+353868425344,"Little Roo is a supportive Parent & Baby Hub with studios in Blackrock and Sandyford, Dublin. Founded by paediatric nurse Karen Prunty, Little Roo offers a range of expert-led classes designed to support parents and caregivers from pregnancy through to toddlerhood. Their offerings include pregnancy education, newborn care, baby massage, sensory play, first aid courses, and postnatal support. Classes such as Baby Boogie and Stay & Play provide opportunities for parents to connect with others in a welcoming environment. With a focus on community and compassionate care, Little Roo aims to be the village every parent deserves.",Sandyford & Blackrock,,,Wellbeing,,,,https://dublincitymum.ie/wp-content/uploads/2025/08/Screenshot-289.png
Little Smarties,https://dublincitymum.ie/listing/little-smarties/,https://littlesmarties.ie/,+353861717739,"Afterschool Care | after-school care during term time | full-day care during the holidays | 2 locations | Little Smarties | at War Memorial Hall, Rathfarnham Road, Terenure (After School) | Little Smarties Academy | , 55 Terenure Road North, Terenure (Holiday & Term-Time Care)",RATHFARNHAM WAR MEMORIAL HALL 39 RATHFARNHAM ROAD DUBLIN 6W D6W RV10,,,Montessori Schools,,,,https://dublincitymum.ie/wp-content/uploads/2025/08/Little-Smarties.png
Little Things by Michaela,https://dublincitymum.ie/listing/little-things-by-michaela/,https://littlethingsbymichaela.com/,+353831917839,"Let Michaela turn your “little moments” into lifelong treasures. A specialist in newborn, maternity, and family photography, she captures heartfelt, natural portraits—whether at home or in your favourite Dublin spot. Based in Rathfarnham, she’s known for her warm, relaxed sessions and a focus on genuine emotion and storytelling.","Dublin, Ireland",53.349801,-6.260296,Photographers,,,,https://dublincitymum.ie/wp-content/uploads/2025/08/Screenshot-271.png
Loinnir Jewellery,https://dublincitymum.ie/listing/loinnir-jewellery/,https://www.loinnirjewellery.com/,,"Loinnir Jewellery | is where ancient Irish heritage meets modern elegance. Designed and handcrafted in Dublin by alumna of the National College of Art & Design, the brand draws inspiration from Ireland’s gold-smithing legacy, from the treasured “gold collection” of the National Museum of Ireland to the rugged landscapes and historic forts that echo through the countryside. | With every piece born in the workshop in Dublin, Loinnir blends texture, tradition and timeless design. Whether it’s a sterling-silver nod to the Trinity knot, or a gold-vermeil piece modelled on the dramatic geometry of the Giant’s Causeway, the collections embody Irish story, form and craftsmanship. Loinnir invites you to wear your heritage with a contemporary twist, jewellery that’s meaningful, wearable and unmistakably Irish.",,,,Jewellery Designers,,,,https://dublincitymum.ie/wp-content/uploads/2025/10/Screenshot_26-10-2025_91558_www.loinnirjewellery.com_-800x600.jpeg
Loopy La,https://dublincitymum.ie/listing/loopy-la/,https://www.loopyla.com/,+353866043652,"Loopy La, led by the vibrant and talented Laura, offers dynamic children’s entertainment across Dublin and surrounding areas. Specializing in face painting and balloon modelling, Laura brings a burst of color and creativity to every event, from birthday parties and communions to corporate gatherings and shopping center promotions. | Her engaging presence and artistic flair ensure that children are captivated and delighted throughout the celebration. Whether it’s transforming little faces into whimsical designs or crafting imaginative balloon creations, Loopy La adds a magical touch to any occasion.","Dublin, Ireland",53.349801,-6.260296,Party Entertainers,,,,https://dublincitymum.ie/wp-content/uploads/2025/08/Screenshot-254.png
Loulerie,https://dublincitymum.ie/listing/14604/,https://loulerie.com/,,"Loulerie | was born from a simple yet powerful idea, jewellery that reflects you, envisioned by founder Louise Stokes after a stint in New York and a return to Dublin. Every piece is a celebration of connection, crafted with quiet strength, considered design and intention. Scotland, the ocean, the cityscape, life’s textures and emotions become shape and shine, translated into earrings and necklaces that are beautiful, meaningful and enduring. | Loulerie believes jewellery is more than adornment: it’s a hint of confidence, a nod to a milestone, a companion for the everyday. That’s why they choose only the finest materials, honour female-empowerment, and curate collections with purpose. From collaborative mood-boards to thoughtful finishes, creativity and quality are at our core.  Proudly independent, proudly Irish, Loulerie invites you to wear story-worthy jewellery.","14B Chatham Street, Dublin 2, Ireland",53.341034,-6.262092,Jewellery Designers,,,,https://dublincitymum.ie/wp-content/uploads/2025/10/Screenshot_26-10-2025_84154_www.instagram.com_-551x600.jpeg
Lucan Sarsfields GAA,https://dublincitymum.ie/listing/lucan-sarsfields-gaa/,https://www.lucansarsfields.ie/,,"Lucan Sarsfields GAA Club offers a welcoming environment for children born in 2018, 2019, 2020, and 2021 to get involved in football, hurling, ladies’ football, and camogie. The club’s academy is designed to introduce children to Gaelic games, focusing on developing fundamental skills, teamwork, and providing a fun and supportive setting. | The academy helps children build coordination, confidence, and a love for the sport while encouraging participation and inclusivity. With a strong emphasis on creating a sense of community, Lucan Sarsfields is committed to nurturing the next generation of players and helping them grow both in sports and as individuals.","12th Lock, Newcastle Rd, Lucan, Co. Dublin",,,GAA,,,,https://dublincitymum.ie/wp-content/uploads/2025/08/Screenshot-236.png
Lucky Tortoise,https://dublincitymum.ie/listing/lucky-tortoise/,https://www.luckytortoise.ie/,,"Lucky Tortoise | (Temple Bar) | Bold, bright, and buzzing with life, this dim sum spot invites families to share and explore flavours together. Dishes are served family-style, the atmosphere is casual, and the menu includes something for vegetarian, vegan, and coeliac diners alike. Prices stay under €30 per person—smart, tasty, and fun. | Kids Menu: | Not explicit, but small plates make experimenting easy. | High Chairs: | Not listed, but communal tables are adaptable. | Baby Changing: | Not listed. | Why It’s Great: | Perfect for communal meals—and the vibe is lively without ever feeling overwhelming. | Nearby Family Activity: | Make it a full day out with a trip to | The Ark | , | just a short walk away in Temple Bar. This creative hub for children aged 2–12 hosts theatre shows, art workshops, and interactive exhibitions that spark imagination and curiosity in kids (and adults too!).","17b Asdill's Row, Temple Bar, Dublin, Ireland",53.346151,-6.26254,Eat,,,,https://dublincitymum.ie/wp-content/uploads/2025/08/Lucky.jpg
Lucy Nagle,https://dublincitymum.ie/listing/lucy-nagle/,https://www.lucynagle.com/,,"There’s something effortlessly elegant about slipping into a cashmere piece that feels like it was made just for you, and | Lucy Nagle | brings that dream to life. | Lucy creates everyday luxe knitwear and cashmere staples, where soft yarns and rich colours combine to become your go-to pieces, the kind you’ll live in all year. While her designs are dreamt up in Ireland, the magic behind the fabric begins in Mongolia — she sources 100 % super-soft cashmere yarn to achieve her signature feel. | We adore Lucy Nagle for crafting timeless, cosy pieces that make you feel beautiful and at ease.",Online,,,Brands We Love,,,,https://dublincitymum.ie/wp-content/uploads/2025/10/Screenshot-2025-10-05-at-10.54.19-800x600.png
Lucy Wolfe Sleep Consultant,https://dublincitymum.ie/listing/lucy-wolfe-sleep-consultant/,https://lucywolfesleepplans.com/,,"Lucy Wolfe | is a renowned Irish sleep consultant, author of The Baby Sleep Solution, and a frequent media contributor on child sleep. She advocates for a “no-tears,” gentle sleep approach that balances emotional reassurance with behavioural strategies. Lucy provides structured, step-by-step sleep plans, workshops, and online resources, helping families establish consistent, healthy routines that work in harmony with their child’s natural development.",Online,53.349805,-6.26031,Sleep Consultants,,,,https://dublincitymum.ie/wp-content/uploads/2025/08/Screenshot-2025-08-26-at-17.04.34-698x600.png
M&S Café,https://dublincitymum.ie/listing/ms-cafe/,https://www.marksandspencer.com/ie/c/food/not-just-any-food/mands-brands/cafe,+35316797855,"M&S Café (Grafton Street) | Bright, breezy, and incredibly convenient, this café inside M&S on the top floor is a shopping lifesaver. The food is pretty basic but the Kids’ Munch Menu includes a main, snack, and drink for around €5, which makes it both easy and affordable. | Kids Menu: | Yes—affordable all-in meals under €5. | High Chairs: | Yes. | Baby Changing: | Yes. | Why It’s Great: | Quick bites without the fuss! | Nearby Family Activity: | Wander to | The National Gallery’s Atrium Creative Space | for some artful downtime post-café.","15-20 Grafton Street, Dublin 2, D02 CV97, Ireland",53.342008,-6.25994,Eat,,,,https://dublincitymum.ie/wp-content/uploads/2025/05/Screenshot-71.png
Malahide Castle,https://dublincitymum.ie/listing/malahide-castle/,https://malahidecastleandgardens.ie/,,"Malahide Castle | offers a fantastic visitor e | xperience, incorporating a visitor centre, interactive exhibition areas and magnificent walled garden. The | Avoca Cafe | is super kid friendly with lots of space, great food and high chairs. The outdoor terrace is a beautiful vantage point to enjoy the gardens…just watch out for the Peacocks which like to show off to our visitors from time to time! | ​You can take the Guided Castle Tour, visit the Butterfly Garden, explore the Fairy Trail or take in the sights and smells of The Botanical Garden! | Located only a short walk from the castle is a wonderful children’s playground, it was recently renovated and consists of various types of swings, slides, climbing frames and imaginative contraptions to suit children of all ages.","Malahide Demesne, Malahide, Co. Dublin, Ireland",53.447297,-6.165748,Outdoor,,,,https://dublincitymum.ie/wp-content/uploads/2025/08/Screenshot-2025-08-13-143742.png
Malahide Castle & Gardens,https://dublincitymum.ie/listing/malahide-castle-gardens/,https://malahidecastleandgardens.ie/,,"Located only a short walk from the castle, the wonderful children’s playground consists of various types of swings, slides, climbing frames and imaginative contraptions to suit children of all ages. The playground is tree lined and is secured with picnic tables and benches for families and visitors. | The playground is split into two sections, with an area more suited to toddlers and an area containing climbing frames and slides more suited to older kids. The two area’s are nicely separated by a raised grassy section with Picnic tables, a perfect vantage point for parents to keep an eye on the kids. | ​ | Make a day trip of it and pop into | Avoca Café | in the Castle for lunch.","Malahide Castle Malahide Demense, Dublin Road, Malahide Demesne, Malahide, County Dublin, Ireland",53.444322,-6.164381,Parks + Playgrounds,,,,https://dublincitymum.ie/wp-content/uploads/2025/08/malahide-castle.jpg
Maldron Hotel Smithfield,https://dublincitymum.ie/listing/maldron-hotel-smithfield/,https://www.maldronhotels.com/smithfield/,+35314850900,"Location: | Smithfield, Dublin 7 – Near the Jameson Distillery and a short walk to Phoenix Park. | Family Perks: | Family rooms, children’s menus, and proximity to the Luas tram line. This hotel’s location allows easy access to the Dublin Zoo and other attractions in Smithfield.","Smithfield, Dublin, D07, Ireland",53.347922,-6.278102,Mid Range Family Hotels Dublin,,,,https://dublincitymum.ie/wp-content/uploads/2025/08/Screenshot-2025-08-11-at-08.03.51-800x600.png
Marci Carroll Psychotherapy,https://dublincitymum.ie/listing/marci-carroll/,https://www.marcicarrollpsychotherapy.ie/home,,"Marci Carroll offers psychotherapy and maternal wellbeing services, aiding mums in mental health and emotional resilience during motherhood. | Marci Carroll Psychotherapy | is a compassionate, mum-centred space in South Dublin where motherhood in all its complexity is met with understanding, not judgment. Marci, an IACP-accredited psychotherapist and mum of two, offers a range of services tailored to new and “new-again” mums: one-to-one therapy in welcoming locations like Donnybrook Centre and ZestLife Churchtown, gentle | Walk, Talk & Coffee | sessions with your baby in a local park, and the | Motherhood Matters | group programmes designed to support emotional wellbeing during life’s big transitions. Her integrative, person-centred approach draws from CBT, psychodynamic, Gestalt, mindfulness, and self-compassion tools—creating a holistic, non-judgmental space to rediscover ease, resilience and joy.","Churchtown, Dublin",,,Wellbeing,,,,https://dublincitymum.ie/wp-content/uploads/2025/09/Screenshot-2025-09-13-at-12.00.00-800x600.png
Marine Life Aquarium Bray,https://dublincitymum.ie/listing/marine-life-aquarium-bray/,,,"REOPENING SOON | The former Sea Life in Bray centre has been completely reimagined and expanded, promising an immersive visitor experience and will return in 2025 under a new name, | Marine Life Aquarium Bray | With new fascinating exhibits and a strong focus on marine conservation and education, the aquarium will be a top-tier family attraction. | You’ll be able to get up close with over 1,000 amazing sea creatures and let your little ones discover something fascinating. Make the most of your visit by attending some of their talks and feeding demonstrations which are held throughout the day. | New website coming soon","Bray, Co. Wicklow, A98 N8N3, Ireland",53.203377,-6.098141,Indoor,,,,https://dublincitymum.ie/wp-content/uploads/2025/08/Sea-Life.jpg
Mark Nixon Studio,https://dublincitymum.ie/listing/mark-nixon-studio/,https://www.marknixon.com/,+35318186630,"Transform fleeting family moments into timeless wall art with one of Ireland’s most respected portrait studios. Led by award-winning photographer Mark Nixon and his expert team, every session—from family portraits to headshots—is handled with care, creativity, and in-house craftsmanship. Based just minutes from Dublin’s city centre, Mark Nixon Studio is renowned not just for its stunning imagery, but also for its warmth, precision, and a photographer whose work extends beyond the studio to powerful, empathetic storytelling.","62 Clontarf Road, Dublin, D03 X6X9, Ireland",53.36248,-6.21731,Photographers,,,,https://dublincitymum.ie/wp-content/uploads/2025/08/Screenshot-272.png
Market Bar,https://dublincitymum.ie/listing/market-bar/,https://marketbar.ie/,+35316139094,"Market Bar | (Fade Street) | A cool, urban eatery that transforms into a trendy evening spot. Great for lunch with kids, has high chairs and a casual vibe. Lunch prices are mid-range; evening tends toward pricier but still fair. | Kids Menu: | Yes | High Chairs: | Yes | Baby Changing: | Yes | Why It’s Great: | Stylish meets casual, making for easy family lunches in fashionable surroundings. | Nearby Family Activity: | Head over to | Dublinia | after— an interactive Viking museum perfect for keeping little minds engaged.","14A Fade Street, Dublin 2, Ireland",53.342106,-6.264003,Eat,,,,https://dublincitymum.ie/wp-content/uploads/2025/09/market-bar-dublin.png
Marlay Park,https://dublincitymum.ie/listing/marlay-park/,https://Marlay%20Park,,"Marlay Park is the Mecca of playgrounds and definitely one of Dublin City Mum’s favourites. From toddlers to teens, it has an area to suit kids of all ages. | Walking around Marlay Park is an activity by itself and there’s an incredible fairy tree (which has taken many of our dummies!). There’s a cute little cafe near the main house and a great food market every Sunday. This playground is highly recommended and make sure to visit the walled garden to say hi to the peacocks! | Parking is free, with 2 locations. | Toilets and café onsite.","Marlay Park House, Grange Road, Rathfarnham, Dublin, Ireland",53.269205,-6.271785,Parks + Playgrounds,,,,https://dublincitymum.ie/wp-content/uploads/2025/08/marlay-800x581.png
Marsh’s Library,https://dublincitymum.ie/listing/marshs-library/,https://marshlibrary.ie/,,"Tucked beside St. Patrick’s Cathedral, | Marsh’s Library, | which opened in 1707, is Dublin’s oldest public library — and stepping inside is like walking into an elegant time capsule. Its richly paneled oak galleries are lined with rare books and manuscripts (over 25,000 volumes and some 300 manuscripts in total), all housed in beautifully preserved early-Eighteenth century fittings. | Children are particularly welcome here: as well as the hushed grandeur, there’s a fun minifigure scavenger hunt to keep little explorers entertained. Despite its age, the library is still a vibrant cultural space — showing exhibitions of exquisite bindings, offering guided visits, and opening its hidden courtyard garden for a quiet pause away from the bustle of the city. | A visit here is a chance for all ages to soak in literary heritage, discover stories that pre-date smartphones, and enjoy a serene indoor outing that feels like stepping into history.","St Patrick's Close, Dublin 8, Ireland",53.339203,-6.271448,Indoor,,,,https://dublincitymum.ie/wp-content/uploads/2025/09/Screenshot-2025-09-11-at-15.04.55-800x600.png
Martina Hamilton,https://dublincitymum.ie/listing/martina-hamilton/,https://martinahamilton.ie/,,"Martina Hamilton | is an award-winning Irish jewellery designer based in Sligo whose work is deeply rooted in the wild beauty of Ireland’s Atlantic coast. Her handcrafted collections draw inspiration from the rugged shoreline, shifting tides and ancient heritage of the West of Ireland, each piece sculpted with finesse and intention. | Working with fine materials and timeless techniques, Martina’s studio creates jewellery that you’ll wear now and pass on later, elegant, soulful and unmistakably Irish.",,,,Jewellery Designers,,,,https://dublincitymum.ie/wp-content/uploads/2025/10/Screenshot_26-10-2025_9192_www.instagram.com_-753x600.jpeg
Mayfield,https://dublincitymum.ie/listing/mayfield/,https://mayfield.ie/,+35314926830,"Mayfield Eatery | (Terenure) | A sunlit café nestled in leafy Terenure, Mayfield offers hearty breakfast and lunch dishes with freshly baked goods and coffee. Though there’s no official kids’ menu, staff happily accommodate little diners with smaller portions or shared treats. | Kids Menu: | Not formal, but staff are accommodating. | High Chairs: | Yes. | Baby Changing: | Yes. | Why It’s Great: | Feels like eating at a well-loved neighbour’s house, but with café flair. | Nearby Family Activity: | Just a short drive or bus ride away is | Rathfarnham Castle | , | an inspiring Elizabethan gem with guided tours, rotating exhibitions, and a beautifully restored courtyard to explore. | There’s an imaginative playground complete with castle-themed towers, woodland trails, ponds, and a solar-powered refill station for your bottles.","7-11 Terenure Road North, Terenure, Dublin 6W, County Dublin, Ireland",53.314158,-6.282348,Eat,,https://mayfield.ie/reservations/,,https://dublincitymum.ie/wp-content/uploads/2025/05/Screenshot-84.png
Me & You Music,https://dublincitymum.ie/listing/me-you-music/,http://meandyoumusic.com/?page_id=2690,,"Baby & Toddler + Music | Me & You Music (suitable from 4 months – 6 years) is about playfully introducing the wonderful world of music and encouraging children to sing, dance, explore and most importantly have fun! Mischa takes her music classes and workshops all around Dublin.",Various locations,,,Baby + Toddler Classes,,,,https://dublincitymum.ie/wp-content/uploads/2025/08/me-and-music-800x600.png
Me and The Moon,https://dublincitymum.ie/listing/me-and-the-moon/,https://www.meandthemoon.ie/contact-us-2,+353664017173,"Me and the Moon workshops are process-driven, which means they are interested in the development of the child’s imagination, creativity and confidence. They allow for creative play and ‘happy accidents’. They also run parties and festival events nationwide. | Children learn fundamental inter-disciplinary skills in; Paint, Print, Collage, 3D Contruction, Clay, Textiles, Animation and Typography.","Bray, Killarney, Tralee",,,Art,,,,https://dublincitymum.ie/wp-content/uploads/2025/06/Screenshot-120.png
Mel Ryan School,https://dublincitymum.ie/listing/mel-ryan-school/,https://www.melryanschool.ie/,+353868372364,"Mel Ryan School offers a vibrant mix of dance, drama, and singing classes for children of all ages, with a warm, family-friendly atmosphere that encourages confidence and creativity. Based in Dublin, the school blends professional training with a focus on fun, ensuring every child feels welcome whether they’re taking their first steps in ballet or performing on stage. Classes are taught by experienced teachers who nurture both skills and self-expression, making it a perfect choice for young dancers who want to learn, grow, and shine.",Various Locations,,,Dance,,,,https://dublincitymum.ie/wp-content/uploads/2025/08/Screenshot-264.png
Melissa Curry,https://dublincitymum.ie/listing/melissa-curry/,https://www.melissacurry.com/,,"Melissa Curry | is an internationally renowned jewellery designer whose bold, mood-boosting accessories have made waves around the world. Rooted in her Irish heritage, Melissa draws inspiration from colour, art, travel and nature, blending childhood memories of Sligo with a cosmopolitan design sensibility. Her recent work centres on purpose and empowerment—creating jewellery that isn’t just beautiful, but meaningful, designed to uplift and connect. From bold collections to travel-retail opportunities, every piece reflects her mission to celebrate style, strength and story.",,,,Jewellery Designers,,,,https://dublincitymum.ie/wp-content/uploads/2025/10/Screenshot_26-10-2025_9116_www.instagram.com_-740x600.jpeg
Mellow Child Sleep Solutions,https://dublincitymum.ie/listing/mellow-child-sleep-solutions/,https://www.mellowchild.ie/,,"When your nights feel endless and the phrase “sleeping through the night” sounds like a fairy tale, | Mellow Child Sleep Solutions | might just restore some sanity (and energy!) to your family life. Founded by Marie, a mum of two and certified Child Sleep Consultant based in Co. Monaghan, she supports families with babies, toddlers, and preschoolers (4 months–6 years) to build routines that actually work. Her approach is practical, personalised, and based on evidence—no one-size-fits-all here. Whether you’re after calmer bedtimes, better nap routines, or fewer night wakings, she’ll create a plan tailored to your child’s temperament and your family’s parenting style.",Online,,,Sleep Consultants,,,,https://dublincitymum.ie/wp-content/uploads/2025/09/Screenshot-323.png
Merrion Square,https://dublincitymum.ie/listing/merrion-square/,https://www.dublincity.ie/parks-and-nature/dublin-city-parks/visit-park/merrion-square-park,,"Oscar Wildes’ short story ‘The Selfish Giant’ forms the theme for this captivating playground in the heart of our city. There is a bespoke 8 metre tall play unit with outreaching arms to welcome the children into the playground. It’s suitable for kids of all ages, with swings for babies and huge climbing frame play unit a with slide for the older kids. Another standout piece is the smaller ‘Giant’, which doubles as a seating area. | Double this up with a trip to the | National Gallery | across the road, for lunch in the cafe, (Handy too as there are no toilets in the park).","Merrion Square South, Dublin 2, Ireland",53.339047,-6.249983,Parks + Playgrounds,,,,https://dublincitymum.ie/wp-content/uploads/2025/08/Merrion-800x600.jpg
Messy Adventures,https://dublincitymum.ie/listing/messy-adventures/,https://www.messyadventures.ie/parties,,"Host an Unforgettable Party at | Messy Adventures. | Looking for somewhere truly special to celebrate your child’s big day? At Messy Adventures, you can hire their exclusive Role Play Village for a fun-filled and stress-free party that everyone will love. The team takes care of the details, so you can relax and enjoy the celebration. | They offer flexible party times — 10 am–11:30 am (self-catering), 12:30 pm–2 pm, or 3 pm–4:30 pm — to suit your weekend schedule. Choose from two great packages: Self-Catering Party, which includes one hour of play and 30 minutes for food (up to 15 children included), or Catered Party, featuring delicious wood-fired sourdough pizzas from Pomodorino, unlimited drinks, digital invitations, and a free return visit for the birthday child. | Located at Fingallians GAA Club in Malahide, Messy Adventures is the perfect setting for imaginative play and unforgettable memories. Get in touch at | hello@messyadventures.ie | to check availability and start planning a party your little one will adore.","Malahide, County Dublin, Ireland",53.450924,-6.150138,Party Venues,,,,https://dublincitymum.ie/wp-content/uploads/2025/10/IMG_8909-800x600.jpeg
Messy Fun,https://dublincitymum.ie/listing/messy-fun/,https://messyfun.ie/,,"Messy Fun | Messy Fun is a sensory play class designed especially for babies and toddlers that gives children the opportunity to experience a wide range of sensory experiences. Prepared solutions such as fingerpaint, slime and gloop give children a wonderful opportunity to experiment with different textures and materials. During messy play, babies and toddlers are developing eye hand coordination and fine motor skills. What looks like a mess on the surface is truly a learning experience for your child. For adults, messy play can be a lot of work and feel stressful. However, there are many benefits to messy play. Early childhood education experts say that play is the work of the child. This is true for all kids, but especially for babies and toddlers. Don’t be afraid of the mess. Roll up your sleeves and enjoy some messy play time with your little one. | Keep an eye on Messy Fun’s social media pages for themed events throughout the year (Halloween, Easter etc.).","Terenure Business Park, Beechlawn Way, Terenure, Dublin 6W, Co. Dublin, D6W AV82",,,Baby + Toddler Classes,,,,https://dublincitymum.ie/wp-content/uploads/2025/08/messy-800x600.png
MessyFun,https://dublincitymum.ie/listing/messyfun/,https://messyfun.ie/index.php/parties/,+353834216972,"MessyFun offers a delightful sensory play experience for young children, fostering creativity and developmental growth in a safe, child-led environment. Located in Terenure Business Park, Dublin, their sessions feature eight engaging themed stations—such as rainbow, underwater, construction, and glow-in-the-dark zones—designed to stimulate tactile exploration and imagination. Each 1-hour class is thoughtfully structured to support fine motor skills, hand-eye coordination, and social interaction, all while keeping the mess contained and enjoyable. | MessyFun also hosts themed birthday parties for children aged 9 months to 5½ years, offering exclusive use of the venue, unlimited art supplies, and a dedicated play area, allowing parents to relax and enjoy the celebration. With a focus on fun and developmental benefits, MessyFun provides a memorable and enriching experience for both children and their families.","Dublin, Ireland",53.349801,-6.260296,Party Entertainers,,,,https://dublincitymum.ie/wp-content/uploads/2025/08/Screenshot-262.png
MessyFun,https://dublincitymum.ie/listing/messyfun-2/,https://messyfun.ie/index.php/parties/,,"MessyFun | offers vibrant, sensory-rich birthday parties ideal for children aged 9 months to 5½ years. | Each two-hour party includes around 75 minutes of messy play, featuring up to eight themed activity stations of your choice — from colourful slime and foam to painting and water play — followed by time for cake and socialising. | The venue is yours exclusively during the party, complete with a creative art station stocked with unlimited supplies. Extras like bubbles or a glow-in-the-dark theme can be added for extra excitement, and there’s tea and coffee for adults so everyone enjoys the fun, mess and all!","Dublin, D6W AV82, Ireland",53.308869,-6.282354,Party Venues,,,,https://dublincitymum.ie/wp-content/uploads/2025/10/Screenshot_19-10-2025_10052_messyfun.ie_-640x600.jpeg
Mettle & Bloom,https://dublincitymum.ie/listing/mettle-bloom/,https://mettleandbloom.com/,,"Mettle & Bloom | was built on the belief that jewellery should celebrate you, your strength, your story, your bloom. The motto “Nurture Your Mettle to Reach Your Bloom” captures their ethos: each collection is named after a woman who’s dared, done and grown — and each piece carries a story of resilience, hope and individuality. | Designed in Ireland and crafted to last, their gold and silver jewellery blends colour, texture and meaning. perfect for everyday wear, family outings or those milestone moments you’ll want to remember.",,,,Jewellery Designers,,,,https://dublincitymum.ie/wp-content/uploads/2025/10/Screenshot_26-10-2025_9542_www.instagram.com_-651x600.jpeg
Milano – Dawson St.,https://dublincitymum.ie/listing/milano-dawson-st/,https://www.milano.ie/,+35316707744,"Milano – Dawson Street | (38 Dawson Street, Dublin 2) | A cozy neighbourhood favourite since 1995, Milano brings classic Neapolitan-style pizza to family tables in a relaxed, friendly setting. The Piccolo Menu is tailor-made for little appetites, and they even run fun kids’ pizza-making parties—so children are encouraged to get creative before digging in. The atmosphere is welcoming without feeling touristy, and with mid-range pricing, it’s a reliable choice for stress-free family meals. | Kids Menu: | Yes | High Chairs: | Yes | Baby Changing: | Yes | Why It’s Great: | Sociable vibe, trusted Italian flavours, and engaging pizza-making activities for kids. Mid-range pricing keeps it accessible and enjoyable. | Nearby Family Activity: | Make it a full outing with a literary adventure at | MoLI (Museum of Literature Ireland) | —just a short stroll away. This beautifully curated museum delights kids and grown-ups alike with interactive exhibitions, the cozy LitLab for creative play, and peaceful gardens to explore. A perfect pairing for families looking to blend food, culture, and a dose of Dublin charm.","38 Dawson Street, Dublin 2, D02 AW24, Ireland",53.3406,-6.258678,Eat,,https://www.milano.ie/dublin-dawson-street/book/book-a-table,,https://dublincitymum.ie/wp-content/uploads/2025/05/Screenshot-67.png
Milano – Grand Canal,https://dublincitymum.ie/listing/milano-grand-canal/,https://www.milano.ie/,+35316799579,"Milano – Grand Canal | (Hanover Quay) | A peaceful escape for families craving polished Italian dining. Kids are well-catered for with menus and high chairs, and parents get refined pasta dishes without a hefty premium—mid-range and reliably delicious. | Kids Menu: | Yes | High Chairs: | Yes | Baby Changing: | Not listed | Why It’s Great: | Canal side dining where families can savour Italian fare in a laid-back way. | Nearby Family Activity: | Combine this with a visit to | EPIC – The Irish Emigration Museum | , a stunning interactive museum where the story of Ireland unfolds through immersive exhibits, holograms, and engaging hands-on features. Great for igniting conversation and curiosity from toddlers to teens, and loaded with interactive storytelling magic that makes history feel alive.","1 Hanover Quay, Docklands, Dublin 2, Ireland",53.344442,-6.237515,Eat,,,,https://dublincitymum.ie/wp-content/uploads/2025/05/Screenshot-73-800x540.png
Mimi & Bowe,https://dublincitymum.ie/listing/mimi-bowe/,https://www.mimiandbowe.ie/,,"Mimi & Bowe | is a gorgeous Irish brand created by Dublin-based mum Olwen McAuliffe, inspired by her twin daughters. The label specialises in beautifully soft, sustainable sleepwear and loungewear for children, pieces that look good, feel good, and do good. | Each collection is crafted from 100% GOTS-certified organic cotton in a family-run factory in Portugal, ensuring exceptional quality and ethical production from start to finish. The designs are simple, timeless, and practical. | With a focus on comfort, durability, and sustainability, Mimi + Bowe brings thoughtful style to kids’ everyday essentials. It’s Irish-designed, planet-friendly, and loved by parents who want to wrap their little ones in something truly special.","Dublin, Ireland",53.349805,-6.26031,kids Apparel,,,,https://dublincitymum.ie/wp-content/uploads/2025/08/Screenshot-2025-08-27-at-11.58.24-800x600.png
Mimi's French Classes,https://dublincitymum.ie/listing/mimis-french-classes/,https://www.mimisfrench.com/,,"At Muckross Park Gymnastics they provide a range of gymnastics classes from Preschool Gymnastics to Adult Gym Classes.  The majority of their gymnasts take part in a one hour class per week, They also offer Preschool Gymnastics Classes on Tuesday & Thursday afternoons in SportsCo. | ​",Mounttown Community Facility in Dun Laoghaire,,,Languages,,,,https://dublincitymum.ie/wp-content/uploads/2025/07/Screenshot-180.png
MindMe.ie,https://dublincitymum.ie/listing/mindme-ie/,https://www.mindme.ie/,,"MindMe.ie | is Ireland’s largest homegrown care-search hub, where finding childcare (or pretty much any kind of caregiving) is a whole lot easier. Whether you’re after a babysitter, childminder, nanny, au pair—or even senior care or specialty support—it’s all searchable in one spot. Launched in 2014, MindMe has grown into a thriving community of families and caregivers, helping match needs with trusted profiles across Dublin and beyond.",Dublin,,,Childminders,,,,https://dublincitymum.ie/wp-content/uploads/2025/09/Screenshot-2025-09-10-at-15.12.21-550x600.png
Mindful Roots Counselling,https://dublincitymum.ie/listing/mindful-roots-counselling/,https://mindfulrootscounselling.com/,+353873608096,"Mindful Roots Counselling and Psychotherapy offers online, specialised support for women and couples navigating the emotional rollercoaster of the journey to parenthood—from fertility struggles and IVF to pregnancy loss, birth trauma, and postnatal challenges like adjustment and grief. Their compassionate counselling is led by Chartered Psychologist and Perinatal Specialist Rebecca Reddin, who brings years of experience, advanced training, and understanding to each session—helping you feel seen, grounded, and gently empowered",Dublin,,,Wellbeing,,,,https://dublincitymum.ie/wp-content/uploads/2025/09/Screenshot-308-800x568.png
Minerva Montessori,https://dublincitymum.ie/listing/minerva-montessori/,https://minervamontessori.ie/,+353872444429,Montessori School | Up to 6 years of age,"Minerva Montessori North House, Dartry, Dublin 6",,,Montessori Schools,,,,https://dublincitymum.ie/wp-content/uploads/2025/08/minerva-2-687x600.png
Mini Music Academy,https://dublincitymum.ie/listing/mini-music-academy/,https://castleknockschoolofmusic.com/music-classes/mini-music-academy-early-music-education/,,"Mini Music Academy, at The Castleknock School of Music, is an exciting, structured and educational music programme for children aged 6 months to 7 years. MMA provides for your child a fantastic opportunity to develop a love and understanding of music through an innovative and proven method of teaching. | Classes are fun and educational and provide the foundation for your child’s continued musical education. All the songs have been specially composed for the MMA series of classes. | Busy Babies | is a fun and educational music class for ages 6 – 24 months. | Bonnie Bluebirds | class for 2-3 years | Red Robbins | class for 3-4 years. | ​","4-5 The Mall, Ongar Village, Dublin 15",,,Baby + Toddler Classes,,,,https://dublincitymum.ie/wp-content/uploads/2025/08/johanna-jordan-lSYvB0P16UA-unsplash-800x600.jpg
Mira Mira,https://dublincitymum.ie/listing/mira-mira/,https://www.miramira.ie/,,"Mira Mira | is an ethical gift-lover’s Aladdin’s cave nestled in Sandymount, bursting with colour, creativity, and charm. Founded by Bronwyn Thomson, it’s the kind of shop where every shelf tells a story, from beautifully designed children’s clothes and ethically made toys to chic home accessories and thoughtful gifts for grown-ups. | Known for its eclectic, design-led curation, Mira Mira champions independent and sustainable brands from Ireland and beyond. Each piece is chosen for its quality, creativity, and a touch of playfulness — making it a go-to for parents who love discovering something unique. | Whether you’re after a special present, a stand-out outfit, or a little something to brighten your home, Mira Mira is a Dublin favourite that delivers charm, style, and plenty of inspiration with every visit.","3 Sandymount Green, Dublin 4, Ireland",53.332369,-6.214724,Gifts; Kids Store,,,,https://dublincitymum.ie/wp-content/uploads/2025/08/Screenshot-2025-08-27-at-11.37.53-800x600.png
Miss Ali Stage School,https://dublincitymum.ie/listing/miss-ali-stage-school/,https://missalistageschool.ie/pricing/,+353861722272,"The Miss Ali Stage School offers a welcoming space for children to build confidence, make friends, and develop their dancing skills while having fun. With over 15 years of experience, the award-winning school provides a range of dance styles, including jazz, commercial, ballet, musical theatre, and lyrical dance. | ​ | Catering to dancers from age three to young adults, the school encourages positive thinking and good discipline, helping students grow both on and off the dance floor.",,,,Dance,,,,https://dublincitymum.ie/wp-content/uploads/2025/06/Screenshot-140-800x546.png
MoCo Health Post-partum App,https://dublincitymum.ie/listing/moco-health-post-partum-app/,https://www.moco.health/,,"Created by Eimear Lynch and Aoife Harvey, this innovative app offers women’s health physiotherapy support in a convenient, digital format. MoCo Health is a your pocket-sized postnatal powerhouse. This app delivers what mums often don’t: real, evidence-based care beyond that lone six-week check-up. With over 20 years of combined experience, they offer 84 daily videos—think pelvic-floor reminders, strength-building sessions, and honest, no-taboo talk about everything from prolapse to postnatal hormones. Wrapped in clear, compassionate guidance, MoCo helps rebuild your body and confidence during the demanding fourth trimester. If the idea of doing pelvic-floor exercises while chasing a toddler makes you laugh—and cry—this app has got your back (and your core).",Dublin,,,Pre + Postnatal Exercise,,,,https://dublincitymum.ie/wp-content/uploads/2025/09/Screenshot-2025-09-10-at-12.22.23-800x600.png
MoLI – Museum of Literature Ireland,https://dublincitymum.ie/listing/moli-museum-of-literature-ireland/,https://moli.ie/,,"MoLI – A Literary Adventure in the Heart of Dublin | Step into MoLI (Museum of Literature Ireland) at UCD Newman House on St. Stephen’s Green, a brilliant destination for families and anyone who loves stories. MoLI brings Ireland’s literary history alive through immersive exhibitions, rare writings (including “Copy No. 1” of | Ulysses | ), and spaces where even the youngest visitor can explore, imagine, and create. You’ll find children’s exhibitions and weekly programming that spark curiosity and encourage playful learning. | What makes MoLI especially wonderful for parents and kids is their | Learning Programme | . From family-friendly creative workshops and kid-centric exhibitions, to the LitLab, “ | Shut Your Eyes and See” | and | “MoLI in the Classroom” | for schools, there are so many ways for children and adults alike to explore Irish literature and find their own voice. If you’re curious, there are also learning resources, guided tours, podcasts, and an annual work experience programme for older students. | The LitLab | is a dedicated, family-friendly space that invites creativity, calm and discovery for visitors of all ages. Bright and welcoming, with comfy couches, views over the lush Iveagh Gardens, a trickling water fountain and a peaceful vibe, it’s a perfect spot for kids (and parents) to explore stories, draw, make, dream. Entry is included with your MoLI museum ticket (or free if you’re a MoLI member). | The Commons Cafe | is a hidden gem and super kid friendly, with a great kids menu and highchairs. MoLI is fully set up for family comfort with baby changing and easy access to the LitLab via a lift. A perfect spot for a rainy day or a peaceful afternoon, MoLI connects Dublin’s past and present one story at a time. | Step into the | Iveagh Gardens | after, through a secret door from the MoLI garden!","86 St Stephen's Green, Saint Kevin's, Dublin 2, D02 XY43, Ireland",53.336788,-6.260234,Indoor,,,,https://dublincitymum.ie/wp-content/uploads/2025/08/Screenshot-2025-09-22-at-16.48.51-800x600.png
Monkstown Hockey Club,https://dublincitymum.ie/listing/monkstown-hockey-club/,https://monkstownhockeyclub.com/,,"Monkstown Hockey Club’s Academy is home to over 650 young players, with around 200 boys and 450 girls, aged 6 to 16. With a strong focus on fun, skill development, and team spirit, the Academy has been a core part of the club for over 50 years, creating a pathway from junior hockey to senior success. | Training sessions are held across multiple pitches, and teams take part in regular matches and blitzes, following the IHA’s Hooked for Life model. The Academy prioritises small-group coaching, player progression, and most importantly—a safe and enjoyable environment.","Glenageary Rd Upper, Thomastown, Co, Co. Dublin, A96 NX44, Ireland",,,Hockey,,,,https://dublincitymum.ie/wp-content/uploads/2025/08/Screenshot-248.png
Motion2Motion School of Dance,https://dublincitymum.ie/listing/motion2motion-school-of-dance/,https://motion2motionschoolofdance.ie/contact-us/,,"Motion2Motion School of Dance offers classes in Hip Hop, Jazz, Contemporary and Cheerleading for boys and girls aged 3 and up. The classes fun, energetic and creative. Their aim is for each student to explore and release their full creative potential and open their imaginations to a fun way of learning dance.","Sandyford, Ballinteer, Monkstown",,,Dance,,,,https://dublincitymum.ie/wp-content/uploads/2025/06/Screenshot-132.png
Moxy Dublin City,https://dublincitymum.ie/listing/moxy-dublin-city/,https://www.marriott.com/en-us/hotels/dubox-moxy-dublin-city/overview/,+35315133590,"Location: | Sackville Place, Dublin 1 – A short walk from O’Connell Street, the Spire, and Dublin’s shopping areas. | Family Perks: | Modern, stylish, and affordable, with spacious rooms, a playful lobby area, and close proximity to key attractions. Moxy is a fun, youthful hotel perfect for families with older children or teens who want a lively, central place to stay.","1-5 Sackville Place, Dublin, D01 H2Y2, Ireland",53.349216,-6.258382,Mid Range Family Hotels Dublin,,,,https://dublincitymum.ie/wp-content/uploads/2025/08/Screenshot-2025-08-11-at-08.06.31-800x600.png
Muckross Hockey Club,https://dublincitymum.ie/listing/muckross-hockey-club/,https://muckrosshockeyclub.com/,,"Muckross Hockey Club’s thriving Junior Section welcomes girls from 1st class to 4th year, offering a fun, inclusive introduction to hockey built on friendship, teamwork, and community spirit. | ​ | Sessions run weekly, with Sunday morning Academy Hockey for younger age groups and Friday evening training for older players. | Many juniors go on to join the club’s senior squads, staying involved through their teens, college years, and beyond. | ​ | Junior membership applications open each May for the season beginning in September. If applications exceed available spots, places are allocated by lottery.","Marlborough Rd, Donnybrook, Dublin 4, Ireland",,,Hockey,,,,https://dublincitymum.ie/wp-content/uploads/2025/08/Screenshot-238-800x600.png
Muckross Park Gymnastics,https://dublincitymum.ie/listing/muckross-park-gymnastics/,https://mpgc.ie/classes/,+353852839159,"At Muckross Park Gymnastics they provide a range of gymnastics classes from Preschool Gymnastics to Adult Gym Classes.  The majority of their gymnasts take part in a one hour class per week, They also offer Preschool Gymnastics Classes on Tuesday & Thursday afternoons in SportsCo.",UNIT A4 THREE ROCK ROAD SANDYFORD BUSINESS PARK DUBLIN 18 D18 NW93,,,Gymnastics,,,,https://dublincitymum.ie/wp-content/uploads/2025/07/Screenshot-173-800x600.png
MumTalks,https://dublincitymum.ie/listing/mumtalks/,https://mumtalks.ie/,,"Support, community, and stories for modern motherhood, founded by the gorgeous Lucy O’Driscoll Edge and Kara Heriot, Mum Talks supports, inspires, and empowers women through their journey of motherhood with in-person and online meet-ups, events, talks, and workshops. | Mum Talks provides a safe, and supportive network for mums so they know they’re not alone, can learn from experts and check in with others who are going through the same experience and reality of motherhood.",Ireland,53.41291,-8.24389,Wellbeing,,,,https://dublincitymum.ie/wp-content/uploads/2025/08/Screenshot-2025-08-28-at-15.58.43-800x600.png
Mummies & Buggies Classes Blanchardstown,https://dublincitymum.ie/listing/mummies-buggies-classes-blanchardstown/,https://www.gerconroy.ie/mummies-and-buggies-classes/,,"If you find it had to get to the gym with a small baby then this class is definitely for you. Bring the baby and the buggy along and let them watch while you workout. This class is specifically designed to help you burn body fat, strengthen and tone up those core muscles after having a baby. | Located in | Ger Conroy Fitness","Ger Conroy Fitness, Mulhuddart, Dublin 15, D15 V38Y",,,Mum + Baby Exercise,,,,https://dublincitymum.ie/wp-content/uploads/2025/08/ger-con.png
Mummy Bootcamp,https://dublincitymum.ie/listing/mummy-bootcamp/,https://www.mummybootcamp.ie/,,"A fitness and social hub for new Mums near you. | Bring your baby ‘n buggy along, so no need for a sitter! | Mummy Bootcamp offers outdoor postnatal fitness classes in Dublin, designed to help new mothers regain strength and confidence while bonding with their babies. These 55-minute sessions incorporate a mix of strength and conditioning, cardio, flexibility, core stability, and pelvic floor exercises, tailored to various fitness levels and postnatal stages. | Classes are held twice a week, with an additional Saturday session for those seeking a more intense workout without their buggy. Babies remain with their mothers throughout the session, allowing for a supportive and inclusive environment. The program emphasizes gradual recovery, community building, and overall well-being, helping mothers feel stronger, calmer, and more balanced as they navigate the postpartum journey. | Find a class | near you here.",Various locations,,,Mum + Baby Exercise,,,,https://dublincitymum.ie/wp-content/uploads/2025/08/mummy-bootc-800x600.png
Mummy Cooks,https://dublincitymum.ie/listing/mummy-cooks/,https://www.mummycooks.com/,,"Mummy Cooks | , founded by the brilliant Siobhán Berry, is here to make mealtimes fun, nourishing, and stress-free. Their site is a trove of baby-friendly recipes, weaning advice, feeding tools, and menus built for busy families. Siobhán brings heart, experience, and common sense to every tip and recipe. As a mum who’s walked the path, she understands the challenges and delivers solutions with warmth and wit. | We love Mummy Cooks because under Siobhán’s guidance, feeding becomes less of a chore and more of a joyful adventure — full of discovery, connection, and happy tummies.","Dublin, Ireland",53.349805,-6.26031,Weaning + Family Meals,,,,https://dublincitymum.ie/wp-content/uploads/2025/08/Screenshot-2025-10-05-at-15.52.52-800x600.png
Music 4 Tots,https://dublincitymum.ie/listing/music-4-tots/,https://www.facebook.com/musicmovement4tots/,,"Music 4 Tots and Baby Sensory Play is a fantastic way to introduce your baby to music and sensory play which has tons of benefits including increased brain and speech development, enhanced gross and fine motor skills, boosted creativity, social skills and musical skills, not to mention the precious one on one bonding time you get with your child in a fun and supportive environment. | Why not book a place and come meet other parents, make friends, get loads of ideas for music and sensory play at home, as well as tummy time tips and much more! | ​ | Music 4 Tots classes: | Fridays @Firhouse Community Centre | Levels 1 and 2: | Nurtured Newbies and Little Explorers – mixed class – ages 0-12 months 9.30am-10.30am | Followed by Music 4 Tots Level 3: | Music Makers ages 13 months to 3 years 10.30-11.30am | ​ | Classes led by qualified kindermusik facilitator.",,,,Music,,,,https://dublincitymum.ie/wp-content/uploads/2025/06/Screenshot-157.png
Music Cubs,https://dublincitymum.ie/listing/music-cubs/,https://www.happycubs.ie/music-cubs/,,"Parent & child music classes for babies, toddlers and big cubs aged between | 0 to 5 yrs. | Music Cubs classes are 30 minutes of fun, melody & play. Introduction to musical rhythms and beats & tempos. Teaching simple percussion to your bear cub. Enjoy live performances on a variety of instruments. A time to immerse yourselves in music, together. Little ones have a natural love of music. Grow that love in a gentle, fun way. | Four class styles | BABY CUBS: birth to 17 months | TODDLER CUBS: 1.5 years to 3.5 years | BIG CUBS: 3.5 years to 5 years | FAMILY CUBS: birth to 5 years",INDEPENDENT THEATRE WORKSHOP 8 TERMINUS MILLS CLONSKEAGH ROAD DUBLIN 6 D06 R289,,,Music,,,,https://dublincitymum.ie/wp-content/uploads/2025/08/Music-Cubs-698x600.png
Music Maestros,https://dublincitymum.ie/listing/music-maestros/,https://www.musicmaestros.ie,,"Music Maestros provides baby & toddler music classes in local communities across North Kildare and West Dublin from 0-4 years. | Classes are 45 minutes long and are designed for parents and/or caregivers to participate with their little ones during each class. | The kinds of activities you can expect to enjoy together at a Music Maestros class include: | Action Songs | Instrument Play | Sensory Play Through Song | Movement and Dance | Storytime with Music | Creating a nurturing environment for your little maestro to develop their skills through play, classes also provide a bonding experience for parents and/or caregivers. | Early music education helps children develop social, cognitive and communication skills. And most importantly, it’s so much fun! | So sign your little one up for music classes today!","Chapelizod, Dublin, Ireland",53.347899,-6.346305,Baby + Toddler Classes,,,,https://dublincitymum.ie/wp-content/uploads/2025/10/Music-Maestros-Logo-1.png
My Baby Beginnings,https://dublincitymum.ie/listing/my-baby-beginnings/,https://www.mybabybeginnings.ie/contact,,"My Baby Beginnings, | led by Niamh Cassidy, a Cuidiú Antenatal Ireland Antenatal Instructor & International Board Certified Lactation Consultant (IBCLC) and FEDANT-registered antenatal educator—offers calm, supportive, and evidence-based antenatal classes and lactation consultations designed to empower expectant parents at every stage of their journey. My Baby Beginnings provides breastfeeding support and guidance, ensuring you feel confident and empowered in your journey to motherhood. | Niamh’s approach focuses on informed decision-making and personalised care, helping parents-to-be feel confident, prepared, and supported as they approach labour, birth, and early parenthood. Classes cover everything from understanding the stages of labour and pain management to partner support, breastfeeding preparation, and newborn care. | With both in-person and online options available, parents can choose between private sessions or small group settings that encourage connection and conversation. The warm, relaxed atmosphere and expert guidance make My Baby Beginnings a trusted space to learn, ask questions, and gain the tools needed for a positive and informed birth experience.",Various Locations,,,Antenatal Classes,,,,https://dublincitymum.ie/wp-content/uploads/2025/08/wesley-tingey-beF1iDFiZkA-unsplash-800x600.jpg
My Bump My Birth My Baby,https://dublincitymum.ie/listing/my-bump-my-birth-my-baby/,https://www.mybumpmybirthmybaby.ie/,,"My Bump My Birth My Baby provide Pregnancy Relax Stretch Breathe classes, Antenatal classes, GentleBirth workshops, Doula services, Baby Massage classes and now also Birth Trauma Resolution Therapy – quick, effective treatment for those who have lasting emotional and psychological symptoms after a traumatic birth.",Various locations,,,Antenatal Classes,,,,https://dublincitymum.ie/wp-content/uploads/2025/08/hu-chen-tCbTGNwrFNM-unsplash-800x600.jpg
My Forever Tooth Fairy,https://dublincitymum.ie/listing/my-forever-tooth-fairy/,https://myforevertoothfairy.com/,,"Magical gifting made easy, My Forever Tooth Fairy sells whimsical keepsakes and services that bring a sprinkle of wonder to every child’s milestones and tooth-losing memories.","Faughart Lower, County Louth, A91 Y516, Ireland",54.049887,-6.395415,Gifts,,,,https://dublincitymum.ie/wp-content/uploads/2025/08/Screenshot-2025-08-27-at-15.11.13-800x600.png
My Mini Munch,https://dublincitymum.ie/listing/my-mini-munch/,https://myminimunch.com/,,"My Mini Munch | is an Irish gorgeous brand offering organic, personalised babywear that’s soft, sustainable and sweet. Each piece is embroidered to order, making it a beautiful keepsake or thoughtful gift for new parents. My Mini Munch proves that eco-conscious design and adorable detail can go hand in hand.",,,,kids Apparel,,,,https://dublincitymum.ie/wp-content/uploads/2025/11/Screenshot_1-11-2025_112017_myminimunch.com_.jpeg
My Pregnancy Journals,https://dublincitymum.ie/listing/my-pregnancy-journals/,https://mypregnancyjournals.com/,,"My Pregnancy Journals | offers a beautifully designed keepsake journal crafted for expectant parents, blending elegant aesthetics with mindful reflection. Designed with intention, this hardcover, spiral-bound journal includes weekly pages, photo spaces, milestone trackers, prompts for birth-stories, and more — all set in a modern, stylish format that’s as much a memory-book as it is a planning tool. | Whether you’re documenting your journey from the first trimester through birth, or gifting something deeply personal and timeless, this journal helps you capture and celebrate an extraordinary chapter with clarity, style and heart.",,,,Gifts,,,,https://dublincitymum.ie/wp-content/uploads/2025/10/Screenshot_31-10-2025_11013_mypregnancyjournals.com_-800x600.jpeg
MyWellbeing,https://dublincitymum.ie/listing/mywellbeing/,https://www.mywellbeing.ie/in-studio/,,"Prenatal + Mum + Baby Yoga | Founded in 2008 and located in the heart of Crumlin, MyWellbeing offers a welcoming space for parents seeking postnatal fitness classes. Their in-studio sessions include Mummy & Baby Yoga and Pilates, designed to help you rebuild strength, improve posture, and connect with others in a relaxed environment. | These classes are ideal for new mums looking to ease back into movement while bonding with their little ones. With a focus on gentle, restorative practices, MyWellbeing provides a supportive community for both you and your baby.","67 St. Agnes Park, Dublin D12 F9T0",,,Pre + Postnatal Exercise,,,,https://dublincitymum.ie/wp-content/uploads/2025/08/mywellb2.png
NPAS,https://dublincitymum.ie/listing/npas/,https://www.npas.ie/,+35318944660,"The National Performing Arts School is located in the Docklands and Sandymount, and is open to students aged from 2 to 22 years old. Drama/acting classes include dramatic play, story enactment, imagination journeys, improvisation, theatre games, music, and dance. “Let’s pretend” is the norm in creative drama class, not just a child’s game. Every two years a show is performed in the Olympia Theatre. | ​",Various Locations,,,Drama,,,,https://dublincitymum.ie/wp-content/uploads/2025/08/Screenshot-196-800x600.png
National Botanic Gardens Café,https://dublincitymum.ie/listing/national-botanic-gardens/,https://www.botanicgardens.ie/glasnevin/the-tearoom/,+35318040300,"National Botanic Gardens Café | (Glasnevin) | A midsized café with doors opening to garden delight. With a kids’ menu, high chairs, and natural inspiration from the gardens just outside, it’s a peaceful, mid-priced option that makes nature part of your meal. | Kids Menu: | Yes | High Chairs: | Yes | Baby Changing: | Yes | Why It’s Great: | Eat immersed in greenery—perfect for families who love nature with their morning coffee. | Nearby Family Activity: | Wander the | Botanic Gardens | afterward—play, explore, and let the blooms delight.","Glasnevin Hill, Glasnevin, Dublin 9, Ireland",53.374447,-6.268617,Eat,,,,https://dublincitymum.ie/wp-content/uploads/2025/05/Screenshot-94.png
National Gallery of Ireland,https://dublincitymum.ie/listing/national-gallery-of-ireland/,https://National%20Concert%20Hall,,"FREE ADMISSION | The National Gallery of Ireland, | right in the heart of Merrion Square, is a brilliant stop for families. Entry is free, and kids will love wandering through the bright galleries filled with colourful paintings and fascinating portraits. The gallery also runs creative workshops and family-friendly tours, making art feel accessible and fun for all ages. | The Early Years, Children and Families Programme | plays a major part in encouraging learning through art at the National Gallery of Ireland | . | This programme is for all the family, from babies and toddlers to younger teens and their parents/guardians. It embraces play, enquiry, problem solving, independent thinking and collaboration through multi-disciplinary sensory activities responding to the national collection. The programmes includes general activities onsite for everyone from seasoned museum visitors to tourist families on holidays. | The Gallery offers drop-in workshops, tours and activities, all with a family focus. The Atrium Creative Space is open everyday, and | free art packs | are available. There are also | scheduled workshops and events, | designed with age-appropriate learning in mind. The Gallery is currently developing an online strand for Early Years, Children and Families which aims to take learning through art out of the gallery and into the home. | After your visit, you can pop across to Merrion Square Park for a run-around – the perfect mix of culture and playtime. | ​",Merrion Square West Dublin 2,,,Baby + Toddler Classes,,,,https://dublincitymum.ie/wp-content/uploads/2025/08/National-gallery.jpg
National Leprechaun Museum,https://dublincitymum.ie/listing/national-leprechaun-museum/,https://www.leprechaunmuseum.ie,,"Step into a world where myths come alive, no magic wand required (though a twinkle in your eye helps)! | The National Leprechaun Museum | is Ireland’s first (and only!) immersive storytelling adventure dedicated to leprechauns and other enchanting creatures of our lore. As you wander through rooms that transform from cozy Irish dwellings to lush fairy hills and curious underground realms, each step is guided by a real-life storyteller, not dusty plaques. Expect optical-illusion tunnels, giant-scale furniture that flips your perspective (because feeling five inches tall is more fun than it sounds), and even a replica of the Giant’s Causeway to spark your imagination. | This isn’t child’s play, it’s a clever blend of whimsy and cultural pride, built for curious minds aged seven and up (and the young at heart). The guided tours, lasting roughly 45 minutes to an hour, invite you into legends passed down through centuries, from mischievous leprechauns to banshees and fairy folk.","2-3 Mary's Abbey, North City, Dublin, D07 X6R6, Ireland",53.347331,-6.268788,Indoor,,,,https://dublincitymum.ie/wp-content/uploads/2025/08/Screenshot-2025-09-03-at-16.58.24-800x600.png
National Museum of Ireland – Archaeology,https://dublincitymum.ie/listing/national-museum-of-ireland-archaeology/,https://www.museum.ie/en-IE/Museums/Archaeology,,"FREE ADMISSION | The | National Museum of Ireland – Archaeology | on Kildare Street is a treasure trove for families and completely free to visit. Inside, you’ll find jaw-dropping highlights like the famous bog bodies (a little eerie, but older kids find them fascinating), glittering Celtic gold artefacts, and the Viking Ireland exhibition filled with swords, ships, and everyday objects that bring history to life. Attend a | Family Workshop | for free! There are also family trails, downloadable activity sheets, and regular workshops designed to make exploring interactive and fun. | For younger children, the bright mosaics in the entrance hall and the dramatic displays provide plenty to point at and wonder over, while older kids and teens can dive deeper into the stories of Ireland’s past. It’s one of those rare museums that entertains, educates, and sparks curiosity across all ageS.","2 Kildare Street, Dublin 2, Ireland",53.341891,-6.254383,Indoor,,,,https://dublincitymum.ie/wp-content/uploads/2025/09/ireland-national-museum-archeology-dublin-800x600.jpg
National Performing Arts School,https://dublincitymum.ie/listing/national-performing-arts-school/,https://www.npas.ie/contact/,+35318944660,"The National Performing Arts School (NPAS) in Dublin has been teaching kids of all ages and abilities for over 30 years. They offer a wide range of performing arts classes, including Ballet, Musical Theatre, Drama, Contemporary Dance, Tap Dance, Hip-Hop, Jazz, Singing, and Screen Acting. Classes are designed to build confidence, creativity, and skills in a fun and supportive environment. | ​ | For younger children, the “Little Ones Song & Dance” class introduces music and movement from age 2, while the Dance Drama & Musical Theatre class for ages 4+ blends storytelling, singing, and dancing.","Docklands, Ringsend, Castleknock",,,Dance,,,,https://dublincitymum.ie/wp-content/uploads/2025/06/Screenshot-129-800x600.png
National Sports Campus,https://dublincitymum.ie/listing/national-sports-campus/,https://www.sportirelandcampus.ie/kids/kid-sport-academies/gymnastics-kids-academies?gclid=CjwKCAiAz-7UBRBAEiwAVrz-9VG5tBIju8sDXjTcAonsJ9FlAsbg6EleTfCZ6JhHDSKI8c-gg8EIzhoCbqwQAvD_BwE,+35316464300,The National Sports Capmus run a Pre-School Gymnastics Academy for 2-5 year olds aims to link the development of fundamental movements for child development and fundamental gymnastics. Kids will progress at their own rate and this programme will allow for individual differences in each participants rate of achievement. The Gymnastics Academy for 6+ focus on developing a wide range of gymnastic movements through structured class. The class will incorporate large periods of gymnast skill acquisition. This will occur on various pieces of apparatus. | Thy also run a Trampoline Academy for 6-12 year olds.,"Snugborough Road, Blanchardstown, Dublin 15",,,Gymnastics,,,,https://dublincitymum.ie/wp-content/uploads/2025/07/Screenshot-171.png
Nelly's,https://dublincitymum.ie/listing/nellys/,https://nellysdublin.com/,+35315984608,"Nelly’s | (Drumcondra) | Bright and airy, Nelly’s is a breakfast-and-lunch haven offering a warm welcome to families. Whether it’s fluffy pancakes or hearty brunch bowls, there’s a sense of calm and care, with plenty of space for buggies and easy access to a kids’ menu and high chairs. Mid-range pricing means it’s easy to linger without the splurge. | Kids Menu: | Yes | High Chairs: | Yes | Baby Changing: | Yes | Why It’s Great: | Relaxed vibe and great brunch fare—perfect for little ones’ slower mornings. | Nearby Family Activity: | Take a post-meal stroll through | Botanic Gardens | for easy, gorgeous outdoor exploration.","40 Drumcondra Road Lower, Drumcondra, Dublin, Ireland",53.363547,-6.258908,Eat,,,,https://dublincitymum.ie/wp-content/uploads/2025/05/Screenshot-93-533x600.png
Neon,https://dublincitymum.ie/listing/neon/,https://www.neon17.ie/,+35314052222,"Neon | (Camden Street) | This wallet-friendly, relaxed spot delivers vibrant Asian street food with zero fuss. Little ones will adore the self service free ice-cream cones, and there’s a kids’ menu, highchairs, and baby-changing facilities to keep everyone comfy and happy. Think bright Asian street food and fast service at a super affordable price. | Kids Menu: | Yes | High Chairs: | Yes | Baby Changing: | Yes | Why It’s Great: | Budget-friendly, fast, and fun—perfect for families on the go. | Nearby Family Activity: | Follow it up with a trip to | Iveagh Gardens | , a green hideaway for playground time.","17 Camden Street Lower, Saint Kevin's, Dublin, D02 TX94, Ireland",53.335385,-6.264911,Eat,,,,https://dublincitymum.ie/wp-content/uploads/2025/05/Screenshot-2025-08-20-at-16.44.42-800x600.png
Newbridge House & Farm,https://dublincitymum.ie/listing/newbridge-house-farm/,https://newbridgehouseandfarm.com/,,"Step back in time and discover the captivating | Newbridge House | , a magnificent Georgian mansion, in the heart of Donabate, County Dublin. | Talk a long leisurely walk in the beautiful parkland estate, discover the 250 years old Walled Garden OR head straight to the farm and meet some new friends! | Great for small ones with a passion for animals, the farm has loads to get to know, including pigs, goats, cows, and chicken. The farm invites guests to learn about heritage breeds, sustainable farming practices, and daily life on an Irish farm. You can feed the animals, explore the barns and enjoy through the paddocks The farm is a fun and educational escape that connects you with nature and Ireland’s agricultural roots. | And for parents looking for cooking inspiration, the | Courtyard Kitchen | hosts a series of brilliant cooking demos.","Newbridge Demesne, Co. Dublin, K36 VR90, Ireland",53.486393,-6.167979,Outdoor,,,,https://dublincitymum.ie/wp-content/uploads/2025/08/newbridge-800x488.png
Newbridge Silverware,https://dublincitymum.ie/listing/newbridge-silverware/,https://www.newbridgesilverware.com/,,"Newbridge Silverware is one of Ireland’s best-known lifestyle brands, blending classic craftsmanship with contemporary design. Once a small cutlery workshop in Co. Kildare, it’s now a nationwide favourite for elegant, affordable jewellery that combines Irish heritage with timeless style. Its signature silver shine and iconic visitor centre make it a household name across generations.",,,,Jewellery Designers,,,,https://dublincitymum.ie/wp-content/uploads/2025/10/Screenshot_26-10-2025_83119_www.instagram.com_.jpeg
Newpark Music,https://dublincitymum.ie/listing/newpark-music/,https://www.newparkmusic.ie/contact-1,+35312883740,"Newpark Music Centre’s mission is to provide quality music education for children and adults, to strive for excellence while focusing on enjoyment, to train both recreational and professional musicians and to foster a love of music in both.",,,,Music,,,,https://dublincitymum.ie/wp-content/uploads/2025/06/Screenshot-153.png
Newpark Music Centre,https://dublincitymum.ie/listing/newpark-music-centre/,https://www.newparkmusic.ie/music,,"Early Years Music | Early years music education is essential for a child’s development, fostering a lifelong love for music through singing, playing instruments, or listening. | A gentle introduction to music, percussion, storytelling and rhythm for children ages 3 months to 7 years accompanied by an adult. | Classes | – 45 minutes each for 30 weeks | – Grouped according to age. | Newpark Nippers | (3months-4yrs) | Gateway to Music | (4-6yrs) | Gateway to Instruments | (5-7Yrs). | ​","Newpark Music Centre, Newtownpark Avenue, Blackrock, Co. Dublin",,,Baby + Toddler Classes,,,,https://dublincitymum.ie/wp-content/uploads/2025/08/Newpark.jpg
Nicki Hoyne,https://dublincitymum.ie/listing/nicki-hoyne/,https://nickihoyne.com/,,"If your style leans toward pieces that feel joyful, bold, and intentionally made, | Nicki Hoyne | is a brand to fall for. Inspired by individuality, her collections of shoes and handbags burst with colour, character, and a spirit that says “this is me.” | Designed in Ireland and handcrafted in Spain, Nicki blends local heart with European craftsmanship, marrying playful design with a commitment to sustainability and slow fashion. | We adore Nicki Hoyne for proving that statement accessories can be ethical, vibrant, and built to last.",Online,,,Brands We Love,,,,https://dublincitymum.ie/wp-content/uploads/2025/10/Screenshot-2025-10-05-at-09.33.43-800x600.png
Nicola Webster,https://dublincitymum.ie/listing/nicola-webster/,https://www.nicolawebster.com/,+353878404528,"Capture your family’s essence with Nicola Webster’s heartfelt, beautifully relaxed photography. Known for her award-winning flair in weddings, portraits, and personal branding, Nicola brings a warm, authentic touch to every session—making even the camera-shy feel at home. Based in Raheny Shopping Centre, she offers timeless, natural images that will be treasured for years.","Raheny, Dublin",,,Photographers,,,,https://dublincitymum.ie/wp-content/uploads/2025/08/Screenshot-276.png
Noshington,https://dublincitymum.ie/listing/noshington/,https://noshington.ie/,,"Noshington (South Circular Road) | Nestled in the heart of Dublin 8, Noshington is a cozy café bursting with character and warmth. Expect freshly baked breads, inventive brunch options, and a charming rear garden that’s brilliant for pram-side chilling—yes, they’re totally buggy and dog-friendly! Mid-range pricing and a welcoming vibe make it a reliable go-to for families. | Kids Menu: | No but our kids love the pizza with chips, and the French toast! | High Chairs: | Yes. | Baby Changing: | Yes, | Why It’s Great: | Charming interiors with locally sourced treats, great dishes and a peaceful garden.","186 South Circular Road, Saint Catherine's, Dublin 8, Ireland",53.331507,-6.279808,Eat,,,,https://dublincitymum.ie/wp-content/uploads/2025/05/Screenshot-89.png
Nunaïa,https://dublincitymum.ie/listing/nunaia/,https://nunaia.com/,,"Nunaïa | is an award-winning Irish skincare brand founded by Nicola Connolly, rooted in her decade-long journey living with indigenous communities across Ecuador, Peru, and the Galápagos and Andes. Their philosophy merges ancestral plant wisdom with modern green beauty, producing certified organic, vegan, and cruelty-free superfood skincare rituals that care for soil, skin, and soul with every use. With a “Soil-to-Skin®” ethos, Nunaïa sources nutrient-rich, planet-healing botanicals like Sacha Inchi, Maracujá, Chia, and Avocado, crafted into products free from synthetics, parabens, or phenoxyethanol. Beyond high-performance formulas—such as their Radiance Serum, Cleansing Balm, and Earth Blossom Cream—the brand pioneers sustainable innovation, with initiatives like compostable packaging made from mycelium and a Community Fund supporting education for women in their ingredient-growing regions. | Nunaïa isn’t just skincare—it’s a mindful ritual designed to restore balance, wellbeing, and connection in a busy world.",Online,,,Skincare,,,,https://dublincitymum.ie/wp-content/uploads/2025/09/Screenshot-2025-09-13-at-14.16.22-800x600.png
Nyrah Beauty,https://dublincitymum.ie/listing/nyrah-beauty/,https://nyrahbeauty.com/,,"Nyrah Beauty | is an Irish skincare brand that champions plant-based, science-backed formulas—proudly created and made in Ireland to exacting standards. Founded by entrepreneur Lorraine Corcoran, the brand is especially tailored to support hormonal skin concerns such as rosacea, acne, sensitivity, and post-menopausal changes. They offer simplified AM & PM routines through their popular Trial Pack, designed for quick, visible results in under a week. Products are vegan, cruelty-free, gluten-free, made in small batches, and include star items like | Undress | Vitamin Cleanser, | Drench | Hyaluronic Serum, and | Glisten | Peptide Superfood Serum. Nyrah has earned its place as a trusted homegrown beauty brand.",Online,53.41291,-8.24389,Skincare,,,,https://dublincitymum.ie/wp-content/uploads/2025/09/Screenshot-2025-09-13-at-13.28.20-800x600.png
Old Street,https://dublincitymum.ie/listing/old-street/,https://oldstreet.ie/,+35318455614,"Old Street Restaurant | (Old Street, Malahide, Co. Dublin) | Housed in a pair of beautifully restored cottages in Malahide village, Old Street delivers modern Irish comfort food with contemporary flair. Thoughtful seasonal dishes—from in-house charcuterie to dry-aged beef—are served in cozy dining rooms and a charming courtyard. The taste is elevated, yet the atmosphere remains relaxed and welcoming for families. While there’s no formal kids’ menu, they do offer | half‑portion options | that suit younger diners, and the ambiance balances elegance with inclusivity. Expect a | mid-to-upper range | pricing level—worth it for the quality and experience. | Kids Menu: | Half‑portion options from the main menu. | High Chairs: | Yes. | Baby Changing: | Yes. | Why It’s Great: | A polished yet cosy experience where families are welcomed, scratch that itch for grown-up meals without giving up on toddler comfort! | Nearby Family Activity: | Visit nearby | Malahide Castle & Gardens. | Castle grounds offer roaming space, beautiful gardens, a generous playground, and woodland to spark little imaginations after a delicious meal.","Malahide, Co. Dublin, K36 A262, Ireland",53.451952,-6.154793,Eat,,https://oldstreet.ie/reservations/,,https://dublincitymum.ie/wp-content/uploads/2025/08/old-street-800x500.jpg
Olive's Room,https://dublincitymum.ie/listing/olives-room/,https://www.olivesroom.ie/,+35318057546,"Olive’s Room | (St Anne’s Park, Clontarf) | Nestled in the leafy edges of Dublin, Olive’s Room offers botanical charm with brunch classics and a welcoming nod to families—kids’ menu, high chairs, and lush surroundings included. Mid-range and restful. | Kids Menu: | Yes | High Chairs: | Yes | Baby Changing: | Not listed | Why It’s Great: | Elevated cafe fare, beautiful surroundings, and enough calm to make dining with kids feel like a mini-break. | Nearby Family Activity: | After brunch, tread through | St Anne’s Park | , where playgrounds and picnic spaces await.","St Anne's Park, The Red Stables, St Anne's Park, Clontarf East, Dublin, Ireland",53.369313,-6.175433,Eat,,,,https://dublincitymum.ie/wp-content/uploads/2025/05/Screenshot-77.png
Olympian Gymnastics Club,https://dublincitymum.ie/listing/olympian-gymnastics-club/,https://booking.olympiangymnastics.com/,,"Olympian Gymnastics is Ireland’s largest gymnastics provider, offering over 180 classes per week across eight venues. They focus on non-competitive, movement-based gymnastics that promotes social development and interaction for kids aged 18 months to 16 years. | With a welcoming environment and a wide range of classes, Olympian Gymnastics helps children build confidence, coordination, and fitness through fun and engaging activities.",Various Locations,,,Gymnastics,,,,https://dublincitymum.ie/wp-content/uploads/2025/07/Screenshot-175.png
Om Yoga,https://dublincitymum.ie/listing/om-yoga/,https://www.omyoga.ie/,,"Om Yoga, nestled in a tranquil garden studio on Blackhorse Avenue, offers Prenatal Yoga classes designed to support expectant mums throughout their pregnancy journey. These classes focus on gentle movement, breathwork, and relaxation techniques to enhance strength, stamina, and overall well-being. Suitable for all stages of pregnancy, the sessions aim to prepare both body and mind for childbirth. Classes are currently available by appointment, allowing for personalized attention in a serene and supportive environment. Whether you choose to attend in person or via Zoom, Om Yoga provides a nurturing space to connect with your body and your baby.","18 Springfield, Blackhorse Avenue, Dublin D07E1N0",,,Pre + Postnatal Exercise,,,,https://dublincitymum.ie/wp-content/uploads/2025/08/OM.png
Optimum Fitness,https://dublincitymum.ie/listing/optimum-fitness/,https://www.optimumfitness.ie/,+353877026013,"If you’re looking for a fitness community tailored for mums, | optiMum fitness | is a gem in South Dublin. Founded by Tracey—a mum of three—the studio offers a warm, supportive environment where women at all stages of motherhood can feel empowered. From | BumpFIT | (prenatal classes designed to help expectant mums stay strong and supported) to | StrollerFIT | , | where babies and toddlers can hang out in buggies while you get your workout in with music and gentle movement, there’s something for every stage. For those ready for a bit more intensity, | BodyFIT | brings high-energy cardio and strength sessions (ideal for those six months postpartum onward). With flexible class passes, options for online or in-person workouts, and a first class free for new clients, it’s fitness—and self-care—that works around your family life.",Blackrock & Online,,,Pre + Postnatal Exercise,,,,https://dublincitymum.ie/wp-content/uploads/2025/09/Screenshot-336-530x480.png
Own Your Future Fitness,https://dublincitymum.ie/listing/own-your-future-fitness/,https://movae.eu/,,"Own Your Future Fitness is an online movement sanctuary, led by Carla—whose own postnatal healing journey began with Pilates—this boutique studio serves up 5 fresh classes every week (live and on-demand). Whether it’s pulse-building strength, fluid mobility flows, joint-loving stability sessions, or a peaceful stretch-and-flow, each class is built for real life—complete with early-bird live sessions to keep the motivation flowing.",Dublin,,,Pre + Postnatal Exercise,,,,https://dublincitymum.ie/wp-content/uploads/2025/09/Screenshot-2025-09-10-at-12.27.47-800x600.png
Oxmantown Skincare,https://dublincitymum.ie/listing/oxmantown-skincare/,https://www.oxmantownskincare.ie/,,"Oxmantown Skincare | is a beautifully crafted, local Dublin brand, made with love. Based in Stoneybatter, every product is handmade in small batches using natural, organic and active botanical ingredients. | The range covers everything from deep-cleansing facial oils and hydrating serums to soothing body balms and bath salts that smell absolutely amazing. | It’s not just the products that impress, the ethos does too. Sustainability is at the heart of the brand with reusable and recyclable glass containers, ethically sourced ingredients and a handmade process that puts quality first. | Ethical, environmentally friendly and locally rooted, this is gorgeous skincare with heart, made right here in Dublin.","Arbour Hill, Stoneybatter, Dublin 7, Ireland",53.349579,-6.285915,Brands We Love; Skincare,,,,https://dublincitymum.ie/wp-content/uploads/2025/10/Screenshot_22-10-2025_144653_www.oxmantownskincare.ie_.jpeg
PJ‘s Playcentre,https://dublincitymum.ie/listing/pjs-playcentre/,https://pjsplaycentre.ie/,,"PJ’s is an All-Star accredited Party and Childcare centre in Balbriggan, North County Dublin. They offer many exceptional services such as  fun-filled parties, seasonal camps, ECCE, part-time, full-time childcare and Afterschool Club, and School Tours. | PJ‘s has a 3 tier play-frame structure, Go-Karts, Make A Bear, and Paint-a-Pot. Their aim is to give every child safe fun, laughter and social play, in any weather! Casual play, group bookings and party bookings are all available. | ​ | Parent & Toddler | They hold a parent and toddler group each Wednesday at 10.30 – 12.00pm.","Unit 4, Balbriggan Retail Park, Balbriggan, Co Dublin K32 P997",,,Soft Play,,,,https://dublincitymum.ie/wp-content/uploads/2025/08/PJ-800x600.jpg
Palmerston Park,https://dublincitymum.ie/listing/palmerston-park/,https://www.dublincity.ie/parks-and-nature/dublin-city-parks/visit-park/palmerston-park,,"Palmerston Park Playground in Rathmines is a charming, family-friendly spot that blends historical elegance with modern play facilities. Nestled within a 19th-century designed park, it offers a delightful mix of mature trees, floral displays, and a tranquil pond, creating a picturesque setting for families to enjoy. | The playground is thoughtfully designed to be wheelchair accessible, ensuring that all children can participate in the fun. Recent enhancements include the addition of a tearoom and public toilets, providing added convenience for visitors . | Whether you’re seeking a peaceful retreat or a place for your children to play, Palmerston Park Playground offers a welcoming environment for families to relax and connect with nature.","Palmerston Park, Rathmines, Dublin 6, D06 C425, Ireland",53.312717,-6.256662,Parks + Playgrounds,,,,https://dublincitymum.ie/wp-content/uploads/2025/08/palmerstown-park.jpg
Parentline,https://dublincitymum.ie/listing/parentline/,https://parentline.ie/,+35318733500,"Parentline is a national, confidential helpline offering support, information, and guidance to parents across Ireland. Whether you’re navigating the challenges of parenting young children, managing school-related issues, or seeking advice on adolescent concerns, Parentline is here to help. Their team of trained volunteers provides a listening ear and practical advice, ensuring that no parent feels alone. With services available Monday to Thursday from 10 a.m. to 9 p.m. and Fridays from 10 a.m. to 7 p.m.",Ireland,,,Wellbeing,,,,https://dublincitymum.ie/wp-content/uploads/2025/08/Screenshot-287.png
Park Academy,https://dublincitymum.ie/listing/park-academy/,https://www.parkchildcare.ie/,+3531800273243,"Creche & Montessori | 8 locations, choose | your local school here.",Various locations,,,Montessori Schools,,,,https://dublincitymum.ie/wp-content/uploads/2025/08/park_academy_childcare_logo.jpg
Park Life Café,https://dublincitymum.ie/listing/park-life-cafe/,https://www.instagram.com/parklifecafe/?hl=en,,"Park Life Café (Dublin) | A gorgeous community café with a relaxed, friendly vibe where everyone’s welcome, dogs included. They serve delicious brunch and lunch plates mades with local fresh ingredients, and there’s a really warm, neighbourhood feel to the place. Think great coffee, gorgeous wholesome food, and treats that hit the spot whether it’s after school, weekend brunch, or just a catch up with friends. Prices are moderate, making it a nice option for families wanting something tasty without fuss. | Kids Menu: | Yes. | High Chairs: | Yes. | Baby Changing: | Yes. | Why It’s Great: | Local ingredients, welcoming space, and a dog-friendly bonus — perfect for parents, pups, and little ones alike. | Nearby Family Activity: | Pair your visit with a walk in a | Eamonn Ceannt Park | so the kids (and dogs) can run off some energy — the café works nicely as a pit stop.","Saint James, Dublin, D12 RX06, Ireland",53.326621,-6.290695,Eat,,,,https://dublincitymum.ie/wp-content/uploads/2025/09/Screenshot-2025-09-22-at-09.43.15-800x600.png
Parks Tennis,https://dublincitymum.ie/listing/parks-tennis/,https://parkstennis.com/,,"Parks Tennis Ireland is a non-profit making company in operation for 40 years, run by 28 volunteers and supported by various organizations, such as the National Governing body, Tennis Ireland, Sport Ireland, and various Local Authorities. The aim is to provide tennis at a very low cost to children not exposed to the game from all social and ethnic backgrounds, during the long Summer holidays. The total audience is over 250,000 through the distribution of application forms with over 20,000 children taking part in the programme annually. | ​",Various Dublin,,,Tennis,,,,https://dublincitymum.ie/wp-content/uploads/2025/08/Screenshot-294.png
Party Animals,https://dublincitymum.ie/listing/party-animals/,https://www.partyanimals.ie/,,"Party Animals is renowned for transforming birthdays and special occasions into unforgettable experiences. Founded by Saoirse, a passionate entertainer and mother of two, Party Animals brings over 15 years of expertise to every event, ensuring a fun-filled and stress-free celebration for both children and parents. | Their diverse range of party packages caters to various interests and age groups, including clown, pirate, princess, arts and crafts, face painting, mini disco, pamper, and communion themes. Each package is tailored to the age group and preferences of the birthday child, with options for both small and larger parties. The team is known for their professionalism, reliability, and ability to connect with children, creating an atmosphere filled with laughter and joy. Party Animals ensures that every birthday party is a delightful and memorable occasion.","Dublin, Ireland",53.349801,-6.260296,Party Entertainers,,,,https://dublincitymum.ie/wp-content/uploads/2025/08/Screenshot-261.png
Party Kidz Productions,https://dublincitymum.ie/listing/party-kidz-productions/,https://partykidzproductions.ie/contact/,,"Party Kidz Productions offers awesome parties for primary school age children. They will come to your home or you can go to one of their venues in Malahide Castle and Dundrum Town Centre, and they are also available to book in local community centres too. Party Kidz Productions aim to put the fun back in the party planning process by putting the control in the hands of the person that matters most – your child! They understand that your little human’s birthday is the most important day in their whole year. They do their best to get to know them so that each party is tailor-made their just for them. | ​",,,,Party Venues,,,,https://dublincitymum.ie/wp-content/uploads/2025/05/party-kidz-productions.jpg
Party Palz,https://dublincitymum.ie/listing/party-palz/,https://www.partypalz.ie/,+353852517120,"Party Palz is a children’s entertainment company that offers a comprehensive range of services to make your child’s birthday party truly special. They provide everything from bouncy castle hire, fun food machines (like popcorn, candy floss, and slushie machines), and buffet-style catering, to face painting, balloon decorations, and personalized sweet bundles. | Their experienced team ensures a seamless and enjoyable experience, handling all aspects of the party so you can focus on celebrating. With a commitment to safety and quality, Party Palz is dedicated to delivering fun and memorable events for children across Dublin and surrounding areas | ​","Dublin, Ireland",53.349801,-6.260296,Party Entertainers,,,,https://dublincitymum.ie/wp-content/uploads/2025/08/Screenshot-260.png
Party Pros,https://dublincitymum.ie/listing/party-pros/,https://partypros.ie/,+35314370667,"Party Pros are a high-end event and party planning agency. | They believe that every | party | is unique, and your celebration should be too. They work closely with you to design an event that perfectly reflects your style & preferences. Whether you’re planning birthdays, elegant garden | parties, | themed celebrations, or special occasions, their expert team handles every detail – from creative décor and entertainment to catering and logistics. | Services include: | Birthday Parties: Celebrate your birthday in style with personalised party planning | Themed Parties: Transform your celebration with expertly planned themed parties | Garden Parties: Step into the beauty of nature and celebrate with an enchanting garden party. | Communions and Christenings: Thoughtfully planned gatherings for family and friends. | Baby Showers and Gender Reveal Parties: Create beautiful and joyful moments before the big arrival.","37 Farmhill Rd, Goatstown, Dublin, D14 E822",,,Party Entertainers,,,,https://dublincitymum.ie/wp-content/uploads/2025/08/partypros-800x600.png
PartyKidz,https://dublincitymum.ie/listing/partykidz/,https://partykidzproductions.ie/,+353876561144,"PartyKidz Productions is a premier children’s entertainment provider with over 20 years of experience, offering a wide range of engaging and interactive party packages across Dublin, Kildare, Wicklow, and Meath. Their offerings include Multi-Activity Parties, Arts & Crafts, Sports Parties, Makeover sessions, and Face Painting & Balloon Modelling, all designed to cater to various interests and age groups. | For those seeking a personalized experience, they also offer bespoke party planning services, allowing you to tailor activities to your child’s preferences. Each event is led by Garda-vetted and fully insured entertainers, ensuring a safe and enjoyable experience for all attendees. Whether it’s a birthday, communion, or family fun day, PartyKidz Productions guarantees a memorable celebration filled with laughter and joy",Dublin,,,Party Entertainers,,,,https://dublincitymum.ie/wp-content/uploads/2025/08/Screenshot-252.png
PartyWizz Photography,https://dublincitymum.ie/listing/partywizz-photography/,https://partywizz.com/Reta-photography-kids-parties,,"Photography & entertainers! | PartyWizz want to help people create fabulous parties and wonderful memories. With a kid’s party or family event, PartyWizz enables those organising to easily book photography, entertainment and other key elements with transparent pricing, online booking and secure payment. | Photographer and entertainers’ profiles can be reviewed and party accessories can be ordered in the same transaction.",Various locations,,,Photographers,,,,https://dublincitymum.ie/wp-content/uploads/2025/08/party-wizz.jpg
Patisserie Valerie,https://dublincitymum.ie/listing/patisserie-valerie/,https://patisserie-valerie.ie/,+35312339001,"With nearly a century of bakery heritage behind it, Patisserie Valerie combines timeless elegance with sumptuous, handmade treats—now available across Ireland. From beautifully crafted whole cakes and afternoon tea delights to pastries and wedding confections, their creations are rooted in quality and tradition. They offer nationwide delivery (with free delivery on orders over €75) and convenient click-and-collect from Dundrum Town Centre’s | Bakers + Baristas | , making them an ideal choice for special occasions or simply indulging in a tasteful everyday treat.","Dundrum, County Dublin, Ireland",53.288334,-6.243629,Cakes + Caterers,,,,https://dublincitymum.ie/wp-content/uploads/2025/08/Screenshot-265.png
Paul Byron Kids Shoes,https://dublincitymum.ie/listing/paul-byron-kids-shoes/,https://www.paulbyronshoes.com/c/kids/512,,"Paul Byron Shoes | is a trusted Irish retailer offering a fantastic range of children’s footwear for every age and stage, from first-steps and school essentials to runners and waterproofs. From those all-important first shoes to school classics, cosy boots, and fun weekend runners, their kids’ collection combines comfort, quality, and style. | Stocking well-known brands like Clarks, Geox, Skechers, and Crocs, Paul Byron Shoes makes it easy for parents to find durable, supportive shoes that little feet will actually love wearing. With stores across Ireland and a seamless online shop, it’s a reliable go-to for busy families who value choice, fit, and trusted brands, all under one Irish roof.",,,,Kids Shoes,,,,https://dublincitymum.ie/wp-content/uploads/2025/11/01_105-PRIMIGI_DAY02_STILL_CREATIVO-065-800x600.jpg
Pembroke,https://dublincitymum.ie/listing/pembroke/,https://pembrokewanderers.ie/junior-hockey/,+35316685217,"Pembroke Juniors provides a safe, respectful, and supportive environment for young players to develop both individual and team hockey skills. Welcoming boys and girls from Junior Infants to 4th Year (boys) and 6th Year (girls), the focus is on learning, fun, and personal growth through sport. | ​ | Coaches promote teamwork, sportsmanship, and respect, while offering high-quality, enjoyable training for all levels. | The regular season runs from September to April, with plenty of weekend hockey, and summer activities including youth tournaments and social mixed-gender games.","Pembroke Wanderers Hockey Club, Serpentine Ave., Dublin 4. D04 T329",,,Hockey,,,,https://dublincitymum.ie/wp-content/uploads/2025/08/Screenshot-237.png
Pembroke Montessori,https://dublincitymum.ie/listing/pembroke-montessori/,https://www.pembrokemontessori.ie/,+353896000021,Montessori School & Afterschool care | Full-time and part-time places | Afterschool care | Camps | Part of the ECCE & NCS Government Scheme,"52 Pembroke Road, Dublin, D04 H7Y5, Ireland",53.332721,-6.239879,Montessori Schools,,,,https://dublincitymum.ie/wp-content/uploads/2025/08/pembrook.png
People’s Park,https://dublincitymum.ie/listing/peoples-park/,https://www.dlrcoco.ie/parks-outdoors/parks/peoples-park,,"Dún Laoghaire’s brilliant People’s Park is a beautifully landscaped oasis of calm, just a short stroll from Dún Laoghaire harbour. ​The playground is compact and perfectly equipped with swings, slides, a wooden play tent and multi-play units for kids of all ages. | ​ | The | People’s Park Café | is perfect for coffees, and lunch. | Sunday Market | The two hectare park is open to visitors every day but particularly comes to life every weekend as market vendors bring their colourful collections of arts, crafts and local produce to the park. Markets take place between 11am and 4pm every Sunday and offer shoppers an array of international flavours and artifacts with goods from around the world on offer – and of course lots of delicious locally grown organic Irish produce for sale as well. | ​","The Peoples Park, Park Rd, Glasthule, Dublin, Ireland",53.289397,-6.128996,Parks + Playgrounds,,,,https://dublincitymum.ie/wp-content/uploads/2025/08/people-800x600.jpg
Perfect Day Cafe,https://dublincitymum.ie/listing/perfect-day-cafe/,https://perfectdaycafe.ie/,,"Perfect Day Cafe (Greendale Shopping Centre) | The McHugh family have been bringing good food and warm hospitality to the Dublin 5 area since 1962! Ideally located in the Greendale Shopping Centre, Perfect Day Cafe has become a focal point for local families to meet and relax. | It is bright, spacious and one of the best cafe in Dublin for breakfast, lunch and brunch, boasting world class flavors with contemporary and traditional breakfasts. All of the dishes are made from scratch to order. Plus for tired mums and dads, their barista coffee is both award-winning and locally roasted! | Kids Menu: | Yes, | catering for U12s | Highchairs: | Yes | Booking: | Not needed, walk-ins welcome | Baby changing facilities: | Yes | Why it’s great: | Great for taking a break from shopping, easy access for buggies and did we mention the award-winning coffee?","Greendale Shopping Centre, Greendale Road, Raheny – Foxfield, Dublin, Ireland",53.385225,-6.155594,Eat,,,,https://dublincitymum.ie/wp-content/uploads/2025/09/Coffee-800x600.jpg
Perpetua,https://dublincitymum.ie/listing/perpetua/,https://perpetua.ie/pregnancy-exercise-dublin,,"Perpetua offers a range of pregnancy exercise classes designed to support expectant mothers in maintaining their physical well-being during pregnancy. Their classes focus on gentle movements, strengthening exercises, and relaxation techniques to prepare the body for childbirth. The sessions are suitable for all fitness levels and are led by experienced instructors who provide personalized attention to ensure safety and comfort. | Whether you’re new to exercise or looking to continue your fitness journey during pregnancy, Perpetua provides a welcoming environment to help you stay active and healthy. | Windmill Lane | location | Lennox Street | location","CROSSFIT DUBLIN, 2 WINDMILL LANE,WINDMILL QUARTER,DUBLIN 2.D02 KX66",,,Pre + Postnatal Exercise,,,,https://dublincitymum.ie/wp-content/uploads/2025/08/perpt-800x600.png
Pestle & Mortar,https://dublincitymum.ie/listing/pestle-mortar/,https://pestleandmortar.com/,,"Pestle & Mortar | is an Irish skincare brand founded in 2014 by mum-of-five Sonia Deasy, who set out to create simple, effective routines that deliver real results without the fuss. Blending six generations of Indian natural healing wisdom with science-backed active ingredients, the brand champions a “less is more” approach — each product has a hero ingredient and zero unnecessary extras. Their award-winning range, from the cult Pure Hyaluronic Serum to the Superstar Retinoid Night Oil, is clean, vegan, cruelty-free, and free from parabens, sulfates, and synthetic fragrance. With sustainability at its core — recyclable packaging, eco-conscious production, and local manufacturing — Pestle & Mortar is a trusted choice for mums who want glowing, healthy skin with minimal effort and maximum impact.",Online,,,Skincare,,,,https://dublincitymum.ie/wp-content/uploads/2025/09/Screenshot-2025-09-13-at-13.53.39-800x600.png
Petit Volant,https://dublincitymum.ie/listing/petit-volant/,https://www.petitvolant.com,,"Bring your child to fly! The world renowned Petit Volant offers | aerial silks classes | that build strength, body confidence, and imagination. All that in a fun and safe environment, with experienced coaches, making sure your child has a great experience in the air. Perfect for curious kids and teens, these dynamic sessions bring creativity and movement to new heights! | Petit Volant | (Little Flyers) | has been running in Dublin for 10 years, under the expert eye of instructor and aerialist Mari Rampazzo. | Info & Booking Details.","66D Heather Road, Sandyford, D18 W407",,,Gymnastics,,,,https://dublincitymum.ie/wp-content/uploads/2025/08/PV-800x600.jpg
Phoenix Dreams,https://dublincitymum.ie/listing/phoenix-dreams-2/,https://www.phoenixdreams.ie/,+353876448060,"When bedtime turns into a battle zone, | Phoenix Dreams | by Colette McCann who is a Certified Child Sleep Consultant, Parent Coach, Child Behaviour Consultant, provides comforting light for tired families. She helps families tackle those all-too-common sleep struggles — raging from frequent night wakings, nap refusals, bedtime battles, early rising, or endless rocking to sleep, to feeding-to-sleep cycles or sleep regressions. Her gentle, award-winning approach isn’t about band-aid tricks; it’s about lasting solutions and restoring peace—for kids and parents. So if you’re dragging through sleepless nights or desperate for rest, Colette’s expertise might be just the reassuring guide your family needs.","Fitzwilliam Hall, Fitzwilliam Pl, Dublin 2, D02 T292",,,Sleep Consultants,,,,https://dublincitymum.ie/wp-content/uploads/2025/09/Screenshot-2025-09-13-at-12.15.21-800x600.png
Phoenix Park,https://dublincitymum.ie/listing/phoenix-park/,https://www.phoenixpark.ie/opening-hours/,,"Phoenix Park is the largest enclosed public park in any European capital city! The imaginatively themed playground, located west of the Victorian Walled Garden at the Phoenix Park Visitor Centre, is bright and fun with a great variety of play units, including provision for children with disabilities. The playground is suitable for children from 4 to 12 years old. | The fantastic | Phoenix Park café | is perfect for a bite after and if you want to make a day of it, head to the Zoo after.","4-14 Infirmary Rd, Saint James, Dublin 7, Ireland",53.351662,-6.297624,Parks + Playgrounds,,,,https://dublincitymum.ie/wp-content/uploads/2025/08/phoenix-800x600.png
Photogenic,https://dublincitymum.ie/listing/photogenic/,https://photogenic.ie/,+35312845544,"Capture your family’s essence with PHOTOGENIC’s expert portrait photography. From maternity to generational sessions, their Dalkey studio offers a relaxed environment to create timeless memories. With nearly three decades of experience, they provide personalized sessions and high-quality portraits that families cherish.","9 Railway Road, Dalkey, County Dublin A96 D298, Ireland",53.276088,-6.103335,Photographers,,,,https://dublincitymum.ie/wp-content/uploads/2025/08/Screenshot-279.png
Pi Pizza,https://dublincitymum.ie/listing/pi-pizza/,https://www.pipizzas.ie/,,"Pi Pizza | (George’s Street, Dublin 2) | A go-to for faithful pizza lovers, Pi delivers consistently tasty, wood-fired pies. There’s lip-smacking vanilla ice cream for kids and plenty of walk-in flexibility. | Kids Menu: | No, but dessert is a standout for little tummies. | High Chairs: | No. | Baby Changing: | No. | Why It’s Great: | Pizza that hits parental nostalgia and kid approval. | Nearby Family Activity: | Combine with a visit to | Dublin Castle | for a quick look at its historic architecture and beautiful State Apartments. Be sure to visit the Dubhlinn Garden, a lovely green space behind the castle where kids can run around, explore the hedged paths, and see the unique Celtic-inspired designs in the grass. Located on the grounds of Dublin Castle, the | Chester Beatty museum | is a hidden gem for families. The museum houses fascinating artifacts from across Asia, the Middle East, and Europe, with rare manuscripts, prints, and art. Kids will enjoy the museum’s colourful exhibits and interactive workshops, which often include crafts inspired by ancient cultures.","10, 73-83 South Great George's Street, Dublin 2, Ireland",53.343434,-6.264672,Eat,,,,https://dublincitymum.ie/wp-content/uploads/2025/05/Screenshot-61.png
Pickled Pom Pom,https://dublincitymum.ie/listing/pickled-pom-pom/,https://pickledpompom.com/,,"Pickled Pom Pom | is the delightful one-woman design studio led by Irish illustrator Laura Dempsey. The brand creates heart-warming cards, prints and decor—every piece lovingly designed, printed and packed in Ireland. Playful artistic flair to stationery that celebrates the big | and | small moments in life. The entire collection is made with a conscious spirit: printing and packaging is local, low-waste and eco-aware. | With a background in high-street children’s wear, Laura applies her playful artistic flair to stationery that celebrates the big | and | small moments in life. The entire collection is made with a conscious spirit: printing and packaging is local, low-waste and eco-aware. | From ‘just because’ cards (with a dash of Irish cheek) to wall-art made to frame, Pickled Pom Pom turns everyday sentiment into something special. So if you’re looking for stationery with heart, handmade character and a true Irish maker behind it—this is it.",,,,Gifts,,,,https://dublincitymum.ie/wp-content/uploads/2025/11/Screenshot_1-11-2025_154331_pickledpompom.com_-800x600.jpeg
Pink Ladies,https://dublincitymum.ie/listing/pink-ladies/,https://www.pinkladies.ie/,,"Pink Ladies | transforms birthday celebrations into glam-tastic events with their mobile “Glam Van” pamper parties. Tailored for children aged 6 and up, the party arrives at your location complete with a red-carpet entry, satin robes, nail-painting, hair art, face masks and gems, karaoke fun, and the perfect photo-moment. | Ideal for a fun, stress-free celebration that feels like a stylish salon-party + movie night combo, with all the equipment brought to you and cleared away afterwards.","Dublin, Ireland",53.349805,-6.26031,Party Entertainers,,,,https://dublincitymum.ie/wp-content/uploads/2025/10/Screenshot_19-10-2025_125824_www.pinkladies.ie_-417x600.jpeg
Platinum Pilates,https://dublincitymum.ie/listing/platinum-pilates/,https://www.platinumpilates.ie/pre-post-natal-pilates#,,"Platinum Pilates | offers a comprehensive range of Reformer Pilates classes designed to enhance core strength, flexibility, and overall body awareness. Their classes cater to various experience levels, ensuring that both beginners and seasoned practitioners can find a suitable session. For those new to Pilates or seeking a gentler pace, the Reformer Essentials class introduces foundational movements and proper technique. As participants progress, the Dynamic Reformer 1 and Dynamic Reformer 2 classes provide more challenging workouts that incorporate resistance and dynamic movements to target and tone muscles effectively. | For individuals seeking an advanced challenge, the Dynamic Reformer 3 class offers high-intensity sessions that push physical limits. Additionally, Platinum Pilates provides Tower Pilates classes, which integrate upper and lower body conditioning exercises using Reformer Towers, and Reformer Natal classes tailored for pre-natal and post-natal women, focusing on core stability and overall fitness. With a commitment to personalized instruction and a variety of class options, Platinum Pilates ensures that every participant can find a program that aligns with their fitness goals and experience level. | With course in Sandymount, Stillorgan, Clonskeagh, Glenageary and Hatch Street, find | your nearest class here.",Various Locations,,,Pre + Postnatal Exercise,,,,https://dublincitymum.ie/wp-content/uploads/2025/08/pilate-2.png
PlayAct Drama School,https://dublincitymum.ie/listing/playact-drama-school/,https://playact.classforkids.io/,+35352754057,"PlayAct Drama School | offers dynamic and creative drama workshops where kids and teens can build confidence, express themselves, and make new friends. Through acting, writing, and creating props, students develop social skills and learn to communicate in a fun and relaxed environment.​ | The workshops are designed to meet students where they are, focusing on their interests and strengths to help them grow and explore their creativity. It’s all about adventure, discovery, and learning through play!",Various Locations,,,Drama,,,,https://dublincitymum.ie/wp-content/uploads/2025/08/Screenshot-199-800x593.png
Poco Beauty,https://dublincitymum.ie/listing/poco-beauty/,https://www.pocobeauty.com/,,"Born in Ireland, perfected with science, | Poco Beauty | is all about making your beauty routine feel effortless (no fuss, all flourish). We design every product in-house and partner with world-class cosmetic chemists so that what lands on your skin is premium, effective, and made with intention. | Our philosophy? Less clutter, more confidence. That’s why we focus on multi-use formulas and simplified routines that save you time without skimping on results. We’re proud to keep fragrance-free, skin-kind ingredients at the heart of our range — because your skin deserves care, not compromise. | Sustainability is sewn into our skin (not just in our packaging). Refillable containers, reduced plastic use, and eco-friendly practices matter to us as much as they matter to you. Our mission? Help you glow, guilt-free.","88 Grafton Street, Dublin, D02 VF65, Ireland",53.343168,-6.25936,Skincare,,,,https://dublincitymum.ie/wp-content/uploads/2025/10/Screenshot-2025-10-05-at-08.56.09-800x600.png
Poppins Montessori,https://dublincitymum.ie/listing/poppins-montessori/,https://www.poppinsmontessori.com/,+353868181115,Montessori & Afterschool Club | ECCE Scheme available,2 Highfield Drive Rathfarnham D16 C924,,,Montessori Schools,,,,https://dublincitymum.ie/wp-content/uploads/2025/08/poppins-mont.jpg
Portmarnock Beach,https://dublincitymum.ie/listing/portmarnock-beach/,https://www.fingal.ie/directory/amenities/beaches/velvet-strand-portmarnock,,"Portmarnock Beach, or best known as The Velvet Strand due to the beautiful smooth sand, is a wide strand of sandy beach located in Portmarnock, north of Dublin city. | ​ | It’s very popular with windsurfers and kitesurfers, and equally loved by families for swimming. Portmarnock is littered with gastro pubs, cafes and restaurants.","Portmarnock, Co Dublin.",,,Beaches,,,,https://dublincitymum.ie/wp-content/uploads/2025/08/Portmarnock-800x600.jpg
Portrait Boss – Caroline Murray,https://dublincitymum.ie/listing/portrait-boss-caroline-murray/,https://www.portraitboss.com/,,"If your brand could speak through the most beautiful visuals, | Portrait Boss | would be its most eloquent voice. Founded by Caroline Murray, this studio combines the heart of a storyteller with the sharp eye of a strategist creating imagery that doesn’t just look beautiful, but feels real. | Specialising in brand photography, personal branding, and creative direction, Portrait Boss helps entrepreneurs, creatives, and small businesses show up with clarity, confidence, and wow factor. Caroline digs deep into your “why” so each photograph, each image, becomes a bridge between your vision and your audience. | We absolutely love Portrait Boss because it does more than take pretty pictures, it gives brands soul, authenticity, and a visual language that lets them stand out and be heard.",Online,,,Brands We Love; Photographers; Photographers,,,,https://dublincitymum.ie/wp-content/uploads/2025/10/Screenshot-2025-10-05-at-10.42.24-800x600.png
Positive Prospects,https://dublincitymum.ie/listing/positive-prospects/,https://positiveprospects.ie/about/,,"Positive Prospects | is a career coaching hub dedicated to helping people find confidence, clarity, and meaningful direction in their work lives. Whether you’re thinking of a big career change, trying to navigate challenges like setting boundaries, or simply wanting to shake off a rut, they offer supportive coaching and training that’s grounded in real-world practice. Led by Ciara Spillane, the service weaves emotional intelligence and practical tools into every session—so it’s not just about ticking boxes, but feeling happier and more empowered in the workplace. Perfect for busy parents and professionals looking for guidance with heart and strategy.",Online,,,Wellbeing,,,,https://dublincitymum.ie/wp-content/uploads/2025/09/Screenshot-2025-09-10-at-12.13.06-800x600.png
Premier Inn The Liberties,https://dublincitymum.ie/listing/premier-inn-the-liberties/,https://www.premierinn.com/gb/en/hotels/republic-of-ireland/dublin/dublin/dublin-city-centre-the-liberties.html?gclid=CjwKCAiAl4a6BhBqEiwAqvrqut8y3HRT2k41VZ3zTQlh_bdt32qsFI5AtrS8oIZyat4ZhN9yX06kcxoCTdYQAvD_BwE&cid=KNC_Brn_G_UK_IE_Eng_Brand-Destinations_Dublin_Null_Null&mckv=s_dc|pcrid|694520364932|kword|premier%20inn%20dublin|match|e|plid||pgrid|160192476397|ptaid|kwd-2281862823481|&s_kwcid=AL!9693!3!694520364932!e!!g!!premier%20inn%20dublin!21123925178!160192476397&ef_id=CjwKCAiAl4a6BhBqEiwAqvrqut8y3HRT2k41VZ3zTQlh_bdt32qsFI5AtrS8oIZyat4ZhN9yX06kcxoCTdYQAvD_BwE:G:s&gad_source=1&BRAND=PI,+35312635319,"Location: | Opposite the Teeling Whiskey Distillery, Dublin 8. Near Dublin Castle, Dublinia, and St. Patrick’s Cathedral. | Family Perks: | Budget-friendly family rooms, a central location with easy access to Dublin’s main attractions. Premier Inn is a practical choice for families who want a no-frills, comfortable place to stay near Dublin’s vibrant city center.","32 Newmarket, Dublin, D08 KF2V, Ireland",53.337894,-6.275692,Budget Family Friendly Hotels Dublin,,,,https://dublincitymum.ie/wp-content/uploads/2025/08/Screenshot-2025-08-11-at-08.19.46-800x600.png
Press Café,https://dublincitymum.ie/listing/press-cafe/,https://presscafe.ie/,,"Press Café | (National Print Museum, Haddington Road) | A hidden-brunch gem nestled within the National Print Museum. Familiar favourites like banana bread French toast and Belgian waffles delight, while the atmosphere remains cozy and welcoming, just right for families. | Kids Menu: | No but generous, comforting options are toddler-friendly. | High Chairs: | Yes. | Baby Changing: | No. | Why It’s Great: | A great hidden gem, you’ll leave full of cake and warmth. | Nearby Family Activity: | Explore the | National Print Museum | , | a fun, tactile journey through paper history that’s both educational and hands-on.","Dublin, D04 E0C9, Ireland",53.335166,-6.235391,Eat,,,,https://dublincitymum.ie/wp-content/uploads/2025/05/Screenshot-79.png
Prima Ballet,https://dublincitymum.ie/listing/prima-ballet/,https://www.ballet.ie/,+353872506031,"Located in various venues in South Dublin, Primaballet love ballet and teaching children is at the heart of everything they offer. They welcome new students to come and try a free trial class | throughout the year. All their ballet teachers are professionals who have trained and qualified through the Royal Academy of Dance, London.",,,,Dance,,,,https://dublincitymum.ie/wp-content/uploads/2025/06/Screenshot-138.png
Puddleducks Creche & Montessori,https://dublincitymum.ie/listing/puddleducks-creche-montessori/,http://www.puddleducks-creche.ie/,+35312948747,Creche & Montessori | 5 stages available | Chicks: 2 to 14 months | Waddlers: 12/14 months to 20/22 months | Little Ducks: 20/22 months till 2 yrs 6/10 months | Big Ducks: 2 years 6 months to 3 years 6/12 months | Montessori: 3 years 6 months plus,"Puddleduck’s Creche & Montessori, Springvale Hall, Ticknock Hill, Sandyford, Dublin 18",,,Montessori Schools,,,,https://dublincitymum.ie/wp-content/uploads/2025/08/puddleducks.jpg
Pure Health,https://dublincitymum.ie/listing/pure-health/,https://purehealth.ie/10-benefits-of-prenatal-yoga/,,"Pure Health, located in Ongar, Dublin 15, offers a serene and supportive environment for expectant mums seeking to maintain their well-being during pregnancy. Their Yoga and Pilates classes focus on gentle movements, breathing techniques, and core strengthening exercises to support physical and mental health. Classes are designed to accommodate all levels, ensuring a safe and comfortable experience. With flexible membership options, including unlimited classes and online access, Pure Health provides a convenient way for mums-to-be to stay active and connected. Whether you’re new to exercise or looking to continue your practice, their team is dedicated to helping you achieve your personal health goals.","Coolmine Park, Blanchardstown, County Dublin D15 WVE8, Ireland",53.382977,-6.389166,Pre + Postnatal Exercise,,,,https://dublincitymum.ie/wp-content/uploads/2025/08/pure-h.png
RHA – The Royal Hibernian Academy,https://dublincitymum.ie/listing/rha-the-royal-hibernian-academy/,https://rhagallery.ie/,,"FREE ADMISSION | The RHA Gallery | is the perfect spot to introduce children to the world of art without any of the “shhh, don’t touch” museum vibes! With bright, open spaces and ever-changing exhibitions, it’s an easy, buggy-friendly stop for a rainy afternoon or a weekend wander. Families love it because the atmosphere is relaxed and welcoming, kids can chat about what they see, explore at their own pace, and maybe even find a favourite piece to revisit on the next trip. | Because the exhibitions rotate regularly and while there’s no fixed regular family programme at the moment, their | What’s On | calendar is the best place to spot the next treat. It’s a calm, cost-free way to spark kids’ imaginations and give parents a moment to soak in a bit of culture. Bonus: the central location means you can easily pair your visit with a stop for coffee, cake, or a picnic in nearby St. Stephen’s Green. | ​","15 Ely Place, Dublin 2, Ireland",53.337389,-6.254223,Indoor,,,,https://dublincitymum.ie/wp-content/uploads/2025/08/41_RHAGalleryI-800x492.jpg
Radisson Blu Royal Hotel,https://dublincitymum.ie/listing/radisson-blu-royal-hotel/,https://www.radissonhotels.com/en-us/hotels/radisson-blu-dublin,+35318982900,"Location: | Golden Lane, Dublin 8 – Near Dublin Castle, the Chester Beatty Library, and a short walk to Temple Bar and St. Stephen’s Green. | Family Perks: | Family rooms, a children’s play area, and close proximity to family-friendly attractions. The hotel offers both convenience and comfort for families visiting Dublin’s top sights, and the peaceful surroundings make it a great retreat for those seeking a more relaxed stay.","Golden Lane, Dublin, D08 E1V3, Ireland",53.340593,-6.269225,Mid Range Family Hotels Dublin,,,,https://dublincitymum.ie/wp-content/uploads/2025/08/Screenshot-2025-08-11-at-07.57.07-800x600.png
Railway Union Hockey Club,https://dublincitymum.ie/listing/railway-union-hockey-club/,https://www.railwayunionhockey.ie/,,"Railway Union Hockey Club has a long-standing tradition of family and community values, earning its reputation as “the family club” in Irish hockey circles. | ​ | The junior section is open to boys aged 5+ and girls from 1st class (age 7+), offering a supportive and fun environment to learn and enjoy hockey. | ​ | With a strong focus on playing the game the right way, the club fosters respect, teamwork, and a lifelong love of the sport.","Park Ave, Sandymount, Dublin 4, D04 PF86",,,Hockey,,,,https://dublincitymum.ie/wp-content/uploads/2025/08/Screenshot-239.png
Rainforest Adventure Golf,https://dublincitymum.ie/listing/rainforest-adventure-golf/,https://www.rainforestadventuregolf.ie,,"Located in Dundrum Town Centre, Rainforest Adventure Golf has two indoor, fully air conditioned mini-golf courses, cafe and mini arcade suitable for all types of visitors. | While walk-ins are welcome, booking is essential for peak times. Once in, they’ll provide the clubs and balls and get playing on their Aztec and Mayan themed 18 hole courses. Each course takes 45 mins to play. The venue is suitable for all ages and skill levels and is fully wheelchair accessible. To keep score you’ll need to download their free app, available on iPhone and Android. | ​ | They run a parent and toddler group each morning (Mon-Fri) from 10-2pm where you can play with adult & a toddler plastic junior club.","Sandyford Rd, Dundrum, Dublin 16, Ireland",53.287231,-6.240084,Indoor,,,,https://dublincitymum.ie/wp-content/uploads/2025/08/rainforest-adventure-golf-dundrum.jpg
Rascals,https://dublincitymum.ie/listing/rascals/,https://rascalsbrewing.com/menu/,+35315382051,"Rascals | (Inchicore) | Bursting with colour, creativity, and good vibes, | Rascals is a neighbourhood restaurant | that really understands families. With a bright, playful interior and ever-smiling staff, it’s a place where great pizza with a gang is a weekend must visit. They offer a kids’ menu and high chairs, and their cheerful décor brings instant joy to even the grumpiest of little ones. Mid-range pricing keeps it easy on the wallet, and the mood. | Kids Menu: | Yes | High Chairs: | Yes | Baby Changing: | Yes. | Why It’s Great: | Colourful, relaxed, and genuinely family-friendly, a local weekend gem. | Nearby Family Activity: | Right behind Rascals, discover the | Gravity Climbing Centre | —an incredible, indoor bouldering playground ideal for children aged 7 and up and adventurous parents alike. Start with a family induction class, perfect for beginners, complete with shoe hire and entry included, and then explore the fun wall routes, training areas, and community buzz. It’s a brilliant way to help little climbers stretch, laugh, and burn off energy after a hearty café brunch.","Goldenbridge Industrial Estate, Tyrconnell Rd, Inchicore, Dublin 8, Ireland",53.335742,-6.321829,Eat,,https://rascalsbrewing.com/eat/,,https://dublincitymum.ie/wp-content/uploads/2025/05/Screenshot-88.png
Rathfarnham Castle,https://dublincitymum.ie/listing/rathfarnham-castle/,https://www.sdcc.ie/en/services/sport-and-recreation/parks/rathfarnham-castle-park.html,,"Highly recommend this playground, located south of the city, and is suitable for kids of all ages, especially the slightly older ones. It has an unrivalled range of play equipment with climbing frames, slides and walkways. | The grounds are fantastic and perfect for a walk or picnic in the summer months. There’s a | Brambles Cafe | in the castle, which is perfect for coffees and lunch.","Rathfarnham, Dublin, D14 K3T6, Ireland",53.298061,-6.283731,Parks + Playgrounds,,,,https://dublincitymum.ie/wp-content/uploads/2025/08/Rathfarnham-Castle-800x600.jpg
Rathgar Hockey Club,https://dublincitymum.ie/listing/rathgar-hockey-club/,https://www.rathgarhc.com/,,"Rathgar Hockey Club offers a fun and inclusive environment for girls from 1st class through secondary school and boys from U8s to U12s. With a focus on learning, teamwork, and enjoyment, the club welcomes both beginners and experienced players. | ​ | Training takes place at The High School, with sessions on: | Mondays (6:30–7:30pm): 6th Class & Minor Girls, U12 Boys | Fridays (6:30–7:30pm): Senior Infants to 5th Class Girls, U8 & U10 Boys | Sundays: Blitzes and matches","Danum, 6 Zion Rd, Rathgar, Dublin 6, D06 YR68, Ireland",,,Hockey,,,,https://dublincitymum.ie/wp-content/uploads/2025/08/Screenshot-240.png
Rathgar Montessori Kindergarten,https://dublincitymum.ie/listing/rathgar-montessori-kindergarten/,http://www.rathgarmontessori.ie/,+35314978107,Montessori School | Children from 2 years of age to school going age. | Participate in the ECCE and the NCS scheme.,"37 Kenilworth Square W, Rathgar, Dublin, D06 CF25",,,Montessori Schools,,,,https://dublincitymum.ie/wp-content/uploads/2025/08/Rathgar-800x600.jpg
Rathgar Tennis Club,https://dublincitymum.ie/listing/rathgar-tennis-club/,https://rathgartennis.ie/,+353872330749,"Rathgar Tennis Club offers a fun, safe, and supportive environment for children and teenagers of all ages and skill levels. Junior members can enjoy year-round coaching, make friends and stay active. | ​ | Led by coach Jamie Pilkington and a dedicated team, the Junior Programme follows the school calendar with three terms of group lessons each year. Using the ITF Tennis 10s approach, younger players benefit from short courts and low-bounce balls to help them learn effectively. | ​ | Lessons are tailored by age and ability, and older juniors can join one of three squad groups for additional coaching and up to eight hours of weekly training.","Rathgar Tennis Club, Herzog Park, Rathgar, Dublin 6, D06 YH48",,,Tennis,,,,https://dublincitymum.ie/wp-content/uploads/2025/08/Screenshot-296.png
Reggies,https://dublincitymum.ie/listing/reggies/,https://www.reggies.ie/,,"Reggies | (Rathmines) | The trendiest pizza place in town! Understated café charm with a welcoming vibe for families, with a kids’ menu, high chairs, and delicious pizzas, it’s mid-range and pleasantly relaxed, perfect for casual family lunch and dinner. And their mozzarella sticks are a total family favourite! | Kids Menu: | Yes | High Chairs: | Yes | Baby Changing: | Yes | Why It’s Great: | Local favourite with friendly faces and consistent comfort food for all ages. | Nearby Family Activity: | Swing by | Rathmines Library | , where reading nooks or occasional story events create quiet fun.","223 Rathmines Rd Lower, Rathmines, Dublin, Ireland",53.321928,-6.266071,Eat,,https://www.reggies.ie/reservations,,https://dublincitymum.ie/wp-content/uploads/2025/05/Screenshot-80.png
Reuzi,https://dublincitymum.ie/listing/reuzi-2/,https://reuzi.ie/,,"Reuzi | is Ireland’s leading sustainable living store, created to make eco-friendly choices simple and stylish. Female-founded and Dublin-based, Reuzi offers everything from reusable household essentials and toxin-free personal care to eco-friendly toys, gifts, and wellness products. Their curated selection champions Irish makers and planet-friendly brands, helping families reduce waste without compromise. | What sets Reuzi apart is their community spirit: they host workshops, talks, and corporate sustainability programmes, encouraging both adults and children to live more consciously. Whether you’re picking up a plastic-free lunchbox, switching to natural cleaning products, or looking for thoughtful gifts, Reuzi makes sustainable living both accessible and inspiring.","4 The Hedgerows, Brighton Rd, Foxrock, Dublin 18, Co. Dublin, Ireland",53.267117,-6.184933,Brands We Love; Gifts; Homeware,,,,https://dublincitymum.ie/wp-content/uploads/2025/09/Screenshot-2025-09-29-at-09.33.31-800x600.png
Richmond Barracks,https://dublincitymum.ie/listing/richmond-barracks/,https://www.richmondbarracks.ie/,,"FREE ADMISSION | Richmond Barracks | in Inchicore is not just a history museum—it’s like stepping into a bustling creative playground only with centuries of stories behind every corner. With a year-round Culture Connects programme, you’ll find loads of brilliant | Free Family Events | , from colourful craft fairs and Harvest celebrations to music-and-movement mornings and hands-on workshops where even grown-ups might get glittery. | Drop in for Family Drop-In Workshops (“Make and Create”), Chime in and Play music sessions, Sing for Fun sing-alongs, Dance Delights, sketching clubs, ukulele taster classes, and even Children’s History Workshops like Barracks Escape Rooms and timeline-making. Love being outdoors? There are | guided walking tours, | including adventures to nearby Goldenbridge Cemetery, plus seasonal events like the Harvest Fair—all perfect for curious minds and creative sparks. The best bit? Almost everything is free or donation-based, and the vibe is relaxed and inclusive.Whether you’re exploring the exhibitions, curling up with a good book in the library, or letting the kids run wild in workshops, Richmond Barracks makes indoor family time feel like a mini-festival.","St Michael's Estate, Inchicore, Dublin, Ireland",53.33858,-6.316384,Indoor,,,,https://dublincitymum.ie/wp-content/uploads/2025/09/Screenshot-2025-09-11-at-17.24.30-800x600.png
Rosemont After School,https://dublincitymum.ie/listing/rosemont-after-school/,https://rosemontafterschool.ie/,+35312078007,Afterschool care & Summer Camps | 1.30pm – 6.30pm Monday to Friday | Children from 5 years old – 12 years old (Junior infants to 6th Class) | Open for camps with early collection and late drop-off available to cater for busy working parents.,Enniskerry Road Sandyford Dublin D18 A8N2 Ireland,,,After-School Clubs,,,,https://dublincitymum.ie/wp-content/uploads/2025/08/Rosemont-800x600.jpg
Rotunda Hospital,https://dublincitymum.ie/listing/rotunda-hospital/,https://rotundaprivate.ie/classes/#parental,,"The Parental Education Classes at Rotunda Private offer a comprehensive and supportive preparation for expectant parents as they approach the birth of their baby. Delivered over five informative weeks, the course covers everything from maintaining physical and emotional well-being during pregnancy to understanding the stages of labour and birth, exploring pain relief options, and preparing for both breastfeeding and formula feeding. | Parents also gain practical skills in newborn care, safe sleep practices, postnatal recovery, and returning to everyday life with a new baby. Led by a team of expert midwives, physiotherapists, and healthcare professionals, the classes are held in a relaxed and welcoming environment, with Saturday sessions including lunch, free parking, and a guided tour of the Rotunda Hospital Labour Ward","Parnell Square E, Rotunda, Dublin 1, D01 P5W9",,,Antenatal Classes,,,,https://dublincitymum.ie/wp-content/uploads/2025/08/jamie-coupaud-sxtrNe9BwKA-unsplash-800x600.jpg
Rotunda Mental Health,https://dublincitymum.ie/listing/rotunda-mental-health/,https://rotunda.ie/mental-health/,+35318172541,"Rotunda Hospital – Specialist Perinatal Mental Health Support | At the celebrated Rotunda Hospital in Dublin, the Specialist Perinatal Mental Health Service offers expert care for women facing mental health challenges during pregnancy and up to one year after birth. Staffed by a dedicated team—including psychiatrists, clinical psychologists, midwives, social workers, and occupational therapists—this trauma-informed service provides a safe, sensitive space for women with serious or complex needs. While it operates strictly by referral (via GP, midwife, or other healthcare professionals) and appointments only, Rotunda also offers a range of practical support—like the “Me to Mum” antenatal and postnatal groups, birth reflection sessions for postpartum processing, breastfeeding workshops, and video-led wellbeing classes—to ensure parents feel informed, supported, and empowered throughout their early parenting journey","The Rotunda Hospital, Parnell Square, Dublin 1,",,,Wellbeing,,,,https://dublincitymum.ie/wp-content/uploads/2025/08/Screenshot-283.png
Royal Irish Academy of Music,https://dublincitymum.ie/listing/royal-irish-academy-of-music/,https://www.riam.ie/about/contact-us,+35316325300,"From a young child taking his first musical steps to the seasoned musician seeking expertise and guidance at the highest level, the RIAM’s multi-faceted courses have something to offer all aspiring musicians. The Academy provides a comprehensive musical education from pre-instrumental to postgraduate level and offers numerous courses for both part-time and full-time students.",,,,Music,,,,https://dublincitymum.ie/wp-content/uploads/2025/06/Screenshot-152.png
Ruth's Montessori,https://dublincitymum.ie/listing/ruths-montessori/,https://www.ourladysgrovemontessori.org/,+353868300210,"Montessori School | Children from 3 to 5 years old. | Classes run from | September 1st to June 30th | , Monday to Friday. 2 morning classes and 1 afternoon class. | Eligble children may avail of the free pre-school ECCE scheme.","187 Trimbleston, Dublin 14, D14 KR50",,,Montessori Schools,,,,https://dublincitymum.ie/wp-content/uploads/2025/08/ruths-800x482.png
Réaltóga Preschool and Afterschool,https://dublincitymum.ie/listing/realtoga-preschool-and-afterschool/,http://www.realtoga.ie/,,Preschool and Afterschool care | NCS scheme available,LEAHY'S TERRACE DUBLIN 4 D04 H295,,,After-School Clubs,,,,https://dublincitymum.ie/wp-content/uploads/2025/08/realtoga.png
SENSEable Kids Events,https://dublincitymum.ie/listing/senseable-kids-events/,https://www.senseablekidsevents.com/,,"SENSEable Kids Events is a Dublin-based company specializing in sensory-rich entertainment for children, offering a variety of engaging activities tailored to different age groups and event types. Their services cater to birthdays, weddings, christenings, communions, corporate gatherings, and customized events, ensuring that children have a memorable and enjoyable experience. | The company provides a range of packages, including options for both messy and mess-free sensory play, allowing parents to choose activities that best suit their preferences and the nature of the event. | Activities offered include slime making, playdough creations, face painting, glitter tattoos, process art, and sensory bins filled with materials like coloured rice, water beads, and cloud dough. For weddings, SENSEable Kids Events offers additional features such as a chill-out zone, a reading tent, and arts and craft sets for each child, ensuring that young guests are entertained and engaged throughout the event. With a focus on fun and educational play, SENSEable Kids Events aims to create a positive and enriching environment for children at every event.","Dublin, Ireland",53.349801,-6.260296,Party Entertainers,,,,https://dublincitymum.ie/wp-content/uploads/2025/08/Screenshot-256.png
SENSEable Tots,https://dublincitymum.ie/listing/senseable-tots/,https://www.senseabletots.ie/#home,,"SENSEable Tots are programmes of teacher-directed lessons which use sensory materials to help your children explore the use of their most important inborn instincts – the five senses of touch, smell, hearing, taste and seeing. These lessons will also encourage your children’s learning and development in accessible, fun ways – through songs, play, crafts and active games. The classes are approximately 40 minutes long each and are suitable for children between 6 months and 3 ½ years old. | ​ | Classes are held in locations in | Shankill | and | Greystones.",Various,,,Baby + Toddler Classes,,,,https://dublincitymum.ie/wp-content/uploads/2025/08/Senseable-800x526.png
Saba,https://dublincitymum.ie/listing/saba/,https://sabadublin.com/,,"Saba – South William Street | (7 South William Street, Dublin 2) | A vibrant fusion of Thai and Vietnamese flavours, Saba is a buzzing city-centre spot with great food and cocktails! | They offer a dedicated kids’ menu featuring favourites like Massaman curry, stir-fry noodles, crispy chicken, and sweet & sour chicken, all priced under €10. | The vibe is casual and inclusive, with quick seating and friendly service making it great for families on-the-go. It’s mid-range, offering generous flavour and value in every bowl. | Kids Menu: | Yes. | High Chairs: | Yes. | Baby Changing: | Yes, | Why It’s Great: | Dynamic, delicious, and accessible, ideal for families craving big flavours without hefty prices. | Family-Friendly Activity Nearby: | Extend the adventure with a visit to | Dublinia. | This interactive museum transports kids (and grown-ups) back to medieval and Viking Dublin with hands-on exhibits, costumed characters, and a climb up St. Michael’s Tower for sweeping city views—perfect little explorers’ fare!","no 7 South William Street, Dublin 2, Ireland",53.342327,-6.262441,Eat,,https://booking.resdiary.com/widget/Standard/Saba/4566,,https://dublincitymum.ie/wp-content/uploads/2025/08/Saba.png
Sandwich Platter / Party Platter,https://dublincitymum.ie/listing/sandwich-platter-party-platter/,https://sandwichplatter.ie/party-platters/,+353832005678,"Party Platters | are the perfect way to make the catering at your function hassle-free. After all, who doesn’t love a good old-fashioned party! | Catering for all styles of family celebrations Party Platter offer tasty, freshly made food delivered to your location, it could not be more simple. Menus include Vegan, Vegetarian and Gluten-Free options!",Various locations,,,Cakes + Caterers,,,,https://dublincitymum.ie/wp-content/uploads/2025/08/party-platter-800x600.png
Sandycove Beach,https://dublincitymum.ie/listing/sandycove-beach/,https://www.dlrcoco.ie/sandycove-beach,,"Sandycove Beach is a lovely small inlet with fine sand, made famous by the Martello Tower where the writer James Joyce once stayed for a week and now hosts a small Joycean museum, which is open in summer time. Sandycove beach is very popular with families, as the water to shallow enough to paddle and is perfect for picnics and bathing. But get there early to nab a good spot as it’s packed on a hot summers day. The beach also is home to the famous Forty Foot, where you’ll find brave swimmers having a dip all year round.","Sandycove Ave W, Sandycove, Dublin",,,Beaches,,,,https://dublincitymum.ie/wp-content/uploads/2025/08/Sandycove-800x600.jpg
Sandymount Art,https://dublincitymum.ie/listing/sandymount-art/,http://sandymountart.ie/?page_id=17,,Sandymount School of Art is unique in Dublin in the approach to creativity. Every child is expertly coached and tutored and produces unique work. Creativity is supported and encouraged | Sandymount School of Art’s approach will support the development of every child’s character and individuality.,"7 Londonbridge Road, Dublin 4, D04 N960",,,Art,,,,https://dublincitymum.ie/wp-content/uploads/2025/06/Screenshot-121.png
Sandymount Strand,https://dublincitymum.ie/listing/sandymount-strand/,https://www.dublincity.ie/parks-and-nature/dublin-city-parks/visit-park/sandymount-promenade,,"Stretching along the Strand Road, the Promenade is a popular walking place and with outstanding views over Sandymount Strand to Poolbeg, Irishtown Nature Park and Dun Laoghaire. | It’s perfect for a stroll when the tide is out, while collecting seashells with the little ones or picnics during the summer months. There are better beaches for swimming but it’s perfect for paddling.","Strand Road, Sandymount, Dublin 4.",,,Beaches,,,,https://dublincitymum.ie/wp-content/uploads/2025/08/Sandymount.png
"Sarah, Parent and Matrescence Coach & Educator",https://dublincitymum.ie/listing/sarah-parent-and-matrescence-coach-educator/,https://www.sarahparentcoach.com/,,"Sarah, Parent and Matrescence Coach brings over 15 years of teaching experience and a deeply compassionate understanding of modern motherhood to her work. She specialises in helping parents navigate the emotional shifts of matrescence—the profound transformation into motherhood—blending neuroscience, child development, and inner work to guide you toward calmer, more connected parenting (and less perfectionism). Whether you’re feeling overwhelmed, disconnected from yourself, or unsure about managing big emotions (both yours and your child’s), she offers a judgment-free space to rediscover your strength, clarity, and confidence—so you can parent with presence and purpose",Dublin,,,Wellbeing,,,,https://dublincitymum.ie/wp-content/uploads/2025/09/Screenshot-2025-09-10-at-12.38.19-800x600.png
Scrummy Mummy Cakes,https://dublincitymum.ie/listing/scrummy-mummy-cakes/,https://www.scrummymummy.ie/,+353876773466,"Treat every occasion like the celebration it deserves with Scrummy Mummy Cakes’ gorgeous, custom-made creations—from elegant wedding cakes to playful novelty designs. Based in Knocklyon, this boutique bakery brings imaginative flavour and joyful flair to the table, with all gluten-free options crafted safely and deliciously. Book by appointment and get ready to delight the crowd!","111 Glenvara Park, Knocklyon, Dublin 16, D16 DC03, Ireland",,,Cakes + Caterers,,,,https://dublincitymum.ie/wp-content/uploads/2025/08/Screenshot-267.png
Sculpted by Aimee,https://dublincitymum.ie/listing/sculpted-by-aimee/,https://www.sculptedbyaimee.com/,,"Sculpted by Aimee | is an award-winning Irish makeup and skincare brand founded in 2016 by makeup artist Aimee Connolly, on a mission to make your glow effortless with just a few beloved, multipurpose products. Built from real conversations with real people, the brand is all about quality, cruelty-free, and vegan-friendly formulas—each one tested and chosen for performance and kindness to skin. | With a focus on simple, effective routines (think the signature “five-minute face”), this culture-grown beauty label lets you feel confident and radiant, fast. Everything—tone, texture, formula—is designed so you can look and feel your best, without fuss or overwhelm.",Online,,,Skincare,,,,https://dublincitymum.ie/wp-content/uploads/2025/09/Screenshot-2025-09-13-at-14.18.04-800x600.png
Sean Moore Park Playground,https://dublincitymum.ie/listing/sean-moore-park-playground/,https://www.hawthornheights.co.uk/396/sean-moore-park/,,"Sean Moore Park Playground in Sandymount is a vibrant, sea-themed play area that offers a delightful outdoor experience for families. Designed with children of all ages in mind, the playground features a variety of equipment, including a lighthouse climbing frame, zip wire, monkey bars, trampoline, swings, musical toys, tunnels, and hills. | The park’s coastal location provides beautiful views near the beach, making it an ideal spot for picnics and outdoor activities. While the playground offers ample seating and open spaces, it’s advisable to visit on less windy days to fully enjoy the facilities. Please note that there are currently | no public toilet facilities on-site | , so plan accordingly. Overall, Sean Moore Park Playground is a fantastic destination for families seeking a fun and scenic outing.​ | ​","27 R802, Dublin, Ireland",53.341396,-6.22587,Parks + Playgrounds,,,,https://dublincitymum.ie/wp-content/uploads/2025/08/Sean-moore-800x600.png
Senco Sensory Solutions,https://dublincitymum.ie/listing/senco-sensory-solutions/,https://www.sencosensorysolutions.com/,,"Planning a birthday or special get-together for a child who thrives in a sensory-friendly environment? You’re in the right place. | Senco Sensory Solutions | brings the magic of inclusive fun — designed with comfort, excitement, and accessibility in mind. | Their team creates sensory-rich party experiences that help every child feel relaxed, engaged, and included. One of their standout offerings is | The Sensory Express | — a mobile sensory room that rolls right up to your event. It’s packed with bubble tubes, colour-changing ball pools, UV lighting, tactile flooring, and other calming features that transform your celebration into a sensory adventure. | Senco also designs themed soft-play and sensory zones tailored to your space and your guests’ needs. Whether you want a cozy chill-out corner for kids who prefer quieter play, or an interactive setup for those who love sensory exploration, they’ll make sure everyone can join in the fun. | Based in Dublin, Senco Sensory Solutions is a brilliant option for families looking to create an inclusive, joyful party where every child — regardless of sensory profile — can feel safe, supported, and celebrated.",,,,Party Entertainers,,,,https://dublincitymum.ie/wp-content/uploads/2025/10/Screenshot_21-10-2025_968_www.sencosensorysolutions.com_-800x600.jpeg
Seoidín,https://dublincitymum.ie/listing/seoidin/,https://seoidin.com/,,"Seoidín. | meaning “little jewel” in Irish, is more than a jewellery brand; it’s a celebration of Ireland’s beauty and craftsmanship. Founded by designer Maureen Harrison in Ennis, Co. Clare, Seoidín draws deep inspiration from the rich colours, textures and spirit of the Irish landscape. | Each piece is created with care, gold-filled or sterling silver, semi-precious stones and signature techniques like hammered or woven metal. The devotion to craftsmanship means the designs are contemporary yet rooted in tradition, built to last, and always proudly Irish. Seoidín remains connected to local community values while reaching a wider audience. For the little milestones and the big moments, Seoidín offers something meaningful, a tiny jewel that tells a big story.",,,,Jewellery Designers,,,,https://dublincitymum.ie/wp-content/uploads/2025/10/Screenshot_26-10-2025_9430_www.instagram.com_-580x600.jpeg
Sharp Kids,https://dublincitymum.ie/listing/sharp-kids/,http://www.sharpkids.ie/,,"Sharp Kids classes are a fun and lively introduction to music, in preparation for the learning of the piano and other musical instruments. Suitable for 3 to 6 year olds, this training will begin to develop beat, rhythm, pitch and aural awareness, laying good foundations for the future.",,,,Music,,,,https://dublincitymum.ie/wp-content/uploads/2025/06/Screenshot-146.png
Silly Billy Parties,https://dublincitymum.ie/listing/silly-billy-parties/,https://sillybillyparties.ie/,+3538512151,"Silly Billy Parties is renowned for delivering high-energy, interactive birthday parties that captivate children aged 1 to 14. Led by Ronan MacGabhann, a seasoned performer with over 20 years of experience, Silly Billy Parties offers a variety of themed shows, including Magic & Ventriloquism, Princess, Pirate Adventure, and Superhero parties. Each 1-hour show is packed with engaging activities such as puppet performances, bubble discos, magic tricks, and balloon modeling, ensuring that every child is entertained from start to finish. | The company is highly praised for its professionalism, punctuality, and ability to tailor each performance to the unique preferences of the birthday child. With a track record of glowing reviews and a commitment to making every celebration memorable, Silly Billy Parties is a trusted choice for parents seeking top-notch entertainment for their children’s special day.","Dublin, Ireland",53.349801,-6.260296,Party Entertainers,,,,https://dublincitymum.ie/wp-content/uploads/2025/08/Screenshot-263.png
Sinead Kelly Coaching,https://dublincitymum.ie/listing/sinead-kelly-coaching/,https://sineadkelly.ie/,,"Sinead Kelly is a Self-Health Coach with over 20 years’ experience in nursing, occupational health, and coaching. With a Higher Diploma in Coaching Psychology, breathwork training, and a passion for wellbeing, Sinead helps people move from overwhelm to balance with practical, down-to-earth strategies. Recognised as a Thought Leader in Corporate Wellbeing in 2024, she combines clinical expertise with real-life warmth—making her the perfect guide for parents trying to prioritise their own health while juggling busy family life.",Online,,,Wellbeing,,,,https://dublincitymum.ie/wp-content/uploads/2025/09/Screenshot-2025-09-10-at-12.17.22.png
Sinéad Feeney Photography,https://dublincitymum.ie/listing/sinead-feeney-photography/,https://www.sineadfeeneyphotography.com/,+353876745722,"Sinéad Feeney Photography brings beautifully natural, heartwarming family, baby, and newborn portraits right into your home across Dublin, Meath, and Wicklow. With a background in occupational therapy, Sinéad has a unique ability to connect with children of all temperaments, creating relaxed, authentic moments while guiding parents to look their best. Whether it’s curled-up newborns, playful toddlers, or multi-generational gatherings, she brings everything needed—including soft blankets and a beanbag—and stays until the perfect shot is captured. Her sessions, lasting between 50 minutes and 1.5 hours depending on the group, yield timeless, beautifully edited images delivered via a secure online gallery within about two weeks","Dublin, Ireland",53.349801,-6.260296,Photographers,,,,https://dublincitymum.ie/wp-content/uploads/2025/08/Screenshot-273-800x600.png
Skerries Sailing Club,https://dublincitymum.ie/listing/skerries-sailing-club/,https://skerriessailingclub.com/contact,+35310830685666,"Skerries Sailing Club (SSC) located off the coast of north County Dublin, offers a wide variety of classes. SSC Clubhouse Dinghy and keelboat racing for adults and juniors takes place up to three times weekly in season. SSC prides itself on its friendly atmosphere. Newcomers to sailing are warmly welcomed.","15 Harbour Road, Skerries, County Dublin K34 KX03, Ireland",53.583732,-6.104615,Watersports + Sailing,,,,https://dublincitymum.ie/wp-content/uploads/2025/06/Screenshot-163.png
Skingredients,https://dublincitymum.ie/listing/skingredients/,https://skingredients.com/,,"Skingredients | , the brainchild of award-winning dermal facialist and skin educator Jennifer Rock, brings together science-first, fuss-free skincare designed to truly deliver results. Born from her mission to make effective actives accessible, the range offers two capsule collections: the daily “Key Four” essentials—cleanser, serum, moisturiser, and SPF—and the “Match + Mix” supplements for specific skin concerns like oiliness or dullness. Everything is fragrance-free, vegan-friendly, and developed for all hoomans®, regardless of age or skin type. | Sustainability is a cornerstone: products come in recyclable, refillable packaging that cuts plastic use dramatically, and the brand’s eco-journey includes partnerships to remove plastic waste from oceans. Education, inclusivity, and planet-care are built into every tube.",Online,,,Skincare,,,,https://dublincitymum.ie/wp-content/uploads/2025/09/Screenshot-2025-09-13-at-13.40.14-800x600.png
Sleepease,https://dublincitymum.ie/listing/sleepease/,https://sleepease.ie/,,"Sleepease is the gentle sleep coach every Dublin family wishes they had on speed dial. Kayleigh brings over a decade of clinical experience supporting parents and little ones through sleep struggles with expert, evidence-based, child-centred strategies. Her approach goes beyond just tips—it’s about understanding your child’s development, your parenting style, and helping you become your own sleep expert with customised sleep plans and ongoing support. From newborns to school-age kids, she offers tailored packages, workshops, and talks to transform bedtime dread into peaceful nights. With Sleepease, bedtime becomes less of a battlefield and more of a cuddle-filled, restful ritual.",Dublin,,,Sleep Consultants,,,,https://dublincitymum.ie/wp-content/uploads/2025/09/Screenshot-309-793x480.png
Sleepy Stars,https://dublincitymum.ie/listing/sleepy-stars/,https://sleepystars.ie/,,"Kelly Geoghegan is one of Ireland’s most experienced paediatric sleep consultants, with over 25 years in childcare. She is a qualified Maternity Nurse, Emergency Medical Technician, First Aid Instructor, and holds diplomas in Child Psychology and Child Nutrition. Her approach is highly personalized and routine-based, providing tailored day and night schedules for 7–10 days. Services include Zoom or home consultations, follow-up support via text and calls, and optional in-home overnight assistance. Kelly also works internationally and has been featured in parenting podcasts and media as the “sleep trainer to the stars.”","Dublin, Ireland",53.349805,-6.26031,Sleep Consultants,,,,https://dublincitymum.ie/wp-content/uploads/2025/08/Screenshot-2025-08-26-at-16.55.18-632x600.png
Slugs & Snails,https://dublincitymum.ie/listing/slugs-snails/,https://slugsandsnails.ie/,,"Playful, organic, and award-winning, Slugs & Snails make gender-neutral basics that last through seasons. Their quirky, comfy designs break away from fast fashion with sustainable flair.","The Crescent, Termon, County Roscommon, Ireland",53.970732,-8.302152,kids Apparel,,,,https://dublincitymum.ie/wp-content/uploads/2025/08/Screenshot-2025-08-27-at-11.56.22-800x600.png
Smyths Toys,https://dublincitymum.ie/listing/smyths-toys/,https://www.smythstoys.com/ie/en-ie,,"Smyths Toys | is an Irish-owned, family-run business that’s grown from a single toy shop in County Mayo into one of the biggest toy retailers in Europe. With a huge selection of toys, games, nursery essentials, outdoor play gear, and gaming consoles, it’s the kind of place where kids light up instantly (and parents somehow leave with more than they planned… every time!). | What makes it great for families is the mix of choice and convenience: | multiple Dublin locations, | easy click-and-collect, and free delivery on orders over €25. Stores are spacious and fun to browse, making it as much an outing as a shopping trip. | Founded by the Smyth family, the company still operates with strong Irish roots and a focus on value, accessibility, and creating a genuinely enjoyable in-store experience. Their website also makes it super easy to check stock and find your nearest branch.",,,,Kids Store,,,,https://dublincitymum.ie/wp-content/uploads/2025/11/Screenshot_17-11-2025_115946_www.dublintown.ie_-800x600.jpeg
Soak Bath Salts,https://dublincitymum.ie/listing/soak-bath-salts/,https://www.soakbathsalts.com/,,"Soak Bath Salts | , founded by Kaz Kearney in 2021, is a boutique Irish wellness brand based along the Wild Atlantic Way in Sligo. Born from Kaz’s desire for a more natural approach to self-care—sparked by observing how restorative ocean time was for her young son—the brand crafts small-batch, vegan and coeliac-friendly sea and aromatherapy products using organic herbs from Kaz’s own garden. Each aromatic range (like | Bedtime Bliss | , | Joy Connects | , or | Breathe Deep | ) is thoughtfully created to support not just your skin, but your sleep, mood, energy, and overall wellbeing. | Made with full heart and a holistic mission, Soak donates €1 to a mental health charity (Liquid Therapy) with every bath soak sold and ensures that each product revitalises your body and enriches your mind.",Online,,,Skincare,,,,https://dublincitymum.ie/wp-content/uploads/2025/09/Screenshot-2025-09-13-at-14.07.36-800x600.png
Solas Coaching,https://dublincitymum.ie/listing/solas-coaching/,https://www.solascoaching.com/,,"Solas Coaching, founded by Orla Donoghue—a single parent herself—is dedicated to empowering single parents, co-parents, and solo parents to reclaim confidence, cultivate balance, and create a life they can truly be proud of. Offering tailored 1:1 coaching programmes online (and in London), Solas provides a safe, flexible, and empathetic space to overcome overwhelm, guilt, or isolation through personalised support and mindset shifts that lead to lasting positive change.",Dublin,,,Wellbeing,,,,https://dublincitymum.ie/wp-content/uploads/2025/09/Screenshot-2025-09-10-at-12.35.07-800x600.png
Sole,https://dublincitymum.ie/listing/sole/,https://www.sole.ie/,+35315442300,"SOLE Seafood & Grill | (18–19 South William Street, Dublin 2) | Craving something a little special? SOLE brings an elegant flair to family dining with its high-end yet relaxed seafood experience. Think sustainably sourced Irish shellfish, elegantly served dishes like the show-stopping Captain’s Seafood Tower or Dover Sole filleted tableside, deliciously memorable. While it’s more of an upscale restaurant with | no dedicated kids’ menu or highchairs | , many families find its polished vibe and attentive staff welcoming enough for older children. Prices lean toward the luxury end (especially for premium dishes), making it an occasional treat for families wanting the full seafront flavour without leaving the city. | Kids Menu: | Not available—best suited to diners with older children who enjoy shared plates. | High Chairs: | No. | Baby Changing: | No. | Why It’s Great: | Sumptuous seafood, superb provenance, and refined service, the kind of meal that feels both special and inclusive. | Nearby Family Activity: | Make it a full outing with a literary adventure at | MoLI (Museum of Literature Ireland) | . | This beautifully curated museum delights kids and grown-ups alike with interactive exhibitions, the cozy LitLab for creative play, and peaceful gardens to explore. A perfect pairing for families looking to blend food, culture, and a dose of Dublin charm.","19 South William Street, Dublin 2, D02 KV76, Ireland",53.342015,-6.262773,Eat,,https://www.opentable.com/booking/restref/availability?lang=en-IE&correlationId=3c022bfa-1579-4b85-9f51-20ad13ac0560&restRef=154884&referrerId=10792,,https://dublincitymum.ie/wp-content/uploads/2025/08/Screenshot-2025-08-31-at-17.00.22-800x600.png
Solid Start,https://dublincitymum.ie/listing/solid-start/,https://solidstart.ie/,,"Dietitian and mum Caroline O’Connor leads these easy-to-follow online weaning courses. It’s evidence-based, practical, and perfect for parents who want calm confidence, and maybe a slice of biscuit at snack time!","Cork, Ireland",51.898514,-8.475604,Weaning + Family Meals,,,,https://dublincitymum.ie/wp-content/uploads/2025/08/Screenshot-2025-08-26-at-17.34.30-800x600.png
Solvar,https://dublincitymum.ie/listing/solvar/,https://solvar.com/,,"Solvar creates stunning Celtic and Irish-inspired jewellery from its Dublin base, celebrating Irish culture through design. Each piece — from Claddagh rings to Celtic knots — tells a story of heritage, love, and strength. Their craftsmanship, passed down since 1941, makes Solvar one of Ireland’s most trusted names in Celtic design, marrying tradition with modern quality.",,,,Jewellery Designers,,,,https://dublincitymum.ie/wp-content/uploads/2025/10/Screenshot_26-10-2025_83255_www.instagram.com_-641x600.jpeg
Sonny Bear,https://dublincitymum.ie/listing/sonny-bear/,https://www.sonnybear.ie/,,"Sustainably stylish, effortlessly timeless, Sonny Bear offers premium kids’ clothing and accessories that are built to be passed down for generations. Quality you can feel good about.","Dublin, Ireland",53.349805,-6.26031,kids Apparel,,,,https://dublincitymum.ie/wp-content/uploads/2025/08/Screenshot-2025-08-27-at-13.51.48-800x600.png
Splashtastic,https://dublincitymum.ie/listing/splashtastic/,https://splashtastic.ie/contact-us,,"Splashtastic Swim School offers high-quality children’s swimming lessons in North Dublin, catering to kids aged 3.5 and up. | Operating exclusively on Saturdays at St. Michael’s House Leisure Centre in Belcamp, the school provides a structured, fun, and supportive environment for swimmers of all levels. | Classes range from beginner levels like Star Fish, focusing on water confidence and basic skills, to advanced levels such as Orca, where children refine all four competitive strokes and build stamina. | For children requiring additional support, Dolphin classes offer small group sessions with a 4:1 student-to-teacher ratio, accompanied by a parent or guardian. | Splashtastic also provides one-to-one lessons tailored for children with special needs. | With experienced instructors and a commitment to safety and enjoyment, Splashtastic is a trusted choice for families in areas including Portmarnock, Swords, Malahide, and Donaghmede. | Due to high demand, classes often fill quickly, but a waitlist is available for interested families","St. Michael's House, Belcamp Lane, Priorswood, Dublin",,,Swimming,,,,https://dublincitymum.ie/wp-content/uploads/2025/06/Screenshot-116.png
Sports Campus Ireland,https://dublincitymum.ie/listing/sports-campus-ireland/,https://www.sportirelandcampus.ie/kids,+35316464300,"Sport Ireland Campus offers a wide range of sports programs for kids of all ages and abilities. Their weekly academy classes include Swimming, Gymnastics, Athletics, Diving, MultiSport, and Badminton, providing year-round opportunities to get active and build skills. | ​ | During school holidays, they also run seasonal Kids’ Camps in partnership with Team Ireland and Allianz, giving kids a chance to stay active, make friends, and have fun.","Sport Ireland Campus, National Indoor Arena Offices, Snugborough Road, Blanchardstown, Dublin 15",,,Sport,,,,https://dublincitymum.ie/wp-content/uploads/2025/08/Screenshot-205.png
Spraoi,https://dublincitymum.ie/listing/spraoi/,https://www.spraoifunworld.com/,,"Open 7 days a week, Spraoi was created for groups of children, from toddlers up to pre-teens and boasts Ireland’s largest indoor climbing frame. Using specialised, custom-made | playzones | , | SPRAOI | offers a maze of activities to keep children amused and physically active by crawling, climbing and exploring for over an hour at a time. | ​ | Parents/minders can relax in comfort in the Spraoi Cafe with a perfect view of everything that’s going. | ​ | Parent & Toddler Mornings | Spraoi also run a | parent and toddler group | every Monday and Friday from 10.00am – 1.00pm. The cost is €6 per child with a free tea or coffee – | parents go free! | ​","Unit 3, Aldi Centre, Long Mile Road, Dublin 12",,,Soft Play,,,,https://dublincitymum.ie/wp-content/uploads/2025/08/Spraoi-800x524.jpg
Spraoi Funworld,https://dublincitymum.ie/listing/spraoi-funworld/,https://www.spraoifunworld.com/booking/,,"Spraoi Funworld | is an indoor play centre in Dublin that’s perfect for children and pre-teens to celebrate their birthday in style. Their party packages include 75 minutes of playtime followed by 45 minutes in one of their themed party rooms, with food included — think sausages, chicken nuggets, chips, juice, and ice cream — and a minimum of 12 children per party. | For larger groups or a more exclusive experience, they also offer private hire options (minimum 20 children) during the evenings. | It’s a lively, colourful space designed for maximum fun and minimum stress — ideal for busy parents who want an easy, all-in-one birthday celebration.","Long Mile Rd, Walkinstown, Dublin 12, Ireland",53.323835,-6.336603,Party Venues,,,,https://dublincitymum.ie/wp-content/uploads/2025/10/princess3-e1666182077381.jpeg
Sprinkles,https://dublincitymum.ie/listing/sprinkles/,https://www.bakingparties.ie/,,"Sprinkles Baking Parties offers a delightful and stress-free birthday experience for children aged 7 and up, blending culinary creativity with hands-on fun. Founded by Natalie, an experienced baker and Irish dancing teacher, and her husband Brendan, a children’s entertainer and magician, the company brings the party to your home or chosen venue. Their two engaging packages—Silver and Gold—cater to different age groups and preferences. The Silver Party focuses on sweet treats, while the Gold Party adds a savoury pizza-making session, complete with personalised party boxes and a special surprise for the organiser. | Each party includes all necessary ingredients, utensils, aprons, and even clean-up, ensuring a hassle-free experience for parents. Additionally, guests receive Bakers Certificates and access to online baking tutorials, extending the fun beyond the event. Whether you’re hosting in Dublin, Meath, Kildare, or Wicklow, Sprinkles Baking Parties promises a memorable and delicious celebration","Dublin, Ireland",53.349801,-6.260296,Party Entertainers,,,,https://dublincitymum.ie/wp-content/uploads/2025/08/Screenshot-255.png
St Stephen’s Green,https://dublincitymum.ie/listing/st-stephens-green/,https://www.ststephensgreenpark.ie/,,"St Stephen’s Green Park is a historical park and garden, located right in the centre of Dublin. The playground features separate areas for smaller and older children. The swings, slides, and roundabout are very popular with younger visitors. The grass area outside the playground is great for picnics during the summer and kids can feed the ducks in the ponds all year round. | St Stephen’s Green Park is open all year round. | Monday to Saturday – 07:30 | Sunday and Bank Holidays – 09:30 | Christmas Day – 09:30 to 12:30","St Stephen's Green, Dublin, Ireland",53.33683,-6.259539,Parks + Playgrounds,,,,https://dublincitymum.ie/wp-content/uploads/2025/08/stephens.jpg
St. Anne's Park,https://dublincitymum.ie/listing/st-annes-park/,https://www.dublincity.ie/parks-and-nature/dublin-city-parks/visit-park/st-annes-park,,"Located on the North of the city close to Clontarf, | the amazing St. Anne’s Park is another of Dublin City Mum’s favourites. The playground is aimed at the slightly younger kids, but there a massive Viking ship, | wooden figures with a train etc suitable for all kids to play around in. The grounds are huge and there’s a picnic area perfectly located near the playground. The Park also boasts 35 playing pitches, 18 hard-surfaced tennis courts and a golf course all open for use by the public. There is also a very impressive walled garden which is great for a potter in the warmer weather. | The Farmers Market, located adjacent to the Red Stables, is on each Saturday from 9.00 – 5.00. You can choose from hot and cold foods from around the world or pick up some arts and crafts gifts from a variety of vendors. | Olives Room | at The Red Stables is the gorgeous café in St Anne’s Park. Local whole foods, freshly baked treats and a tasty lunch menu are available. Highchairs are available. | During the summer months, they usually have an ice cream cart outside the cafe, perfect for the little ones on a hot day…or any day!","The Red Stables, St Anne's Park, Clontarf East, Dublin, Ireland",53.369313,-6.175433,Parks + Playgrounds,,,,https://dublincitymum.ie/wp-content/uploads/2025/08/st-ann-rose-800x600.png
St. Patrick’s Cathedral,https://dublincitymum.ie/listing/st-patricks-cathedral/,https://www.stpatrickscathedral.ie/,,"St. Patrick’s Cathedral | is a captivating family destination, blending over 800 years of history with interactive fun for curious minds. Start at the Welcome Desk, where younger children are given a free activity booklet complete with colouring, games, and quizzes, while older kids can dive into the Discovery Space—an engaging area featuring touch screens, cathedral models to build, brass rubbings, and audio recordings to bring history to life.Guided and self-guided tours let families explore the soaring Gothic architecture, stunning stained-glass windows, and ancient tombs at their own pace. | Pricing is family-friendly too: admission for children aged 6–12 is €5.50, infants under 5 go free, and a family ticket (2 adults + up to 3 children) is €31.","St Patrick's Close, Dublin 8, Ireland",53.339203,-6.271448,Indoor,,,,https://dublincitymum.ie/wp-content/uploads/2025/09/Patricks-C-800x600.png
Standún,https://dublincitymum.ie/listing/standun/,https://standun.com/en-ie,,"Standún | has been a cornerstone of Irish design and retail since 1946 — a family-run store located in Spiddal, Co. Galway, that brings together Irish knitwear, homeware, fashion and gifts under one roof. | From timeless Aran sweaters and woollen blankets to chic home accessories and curated jewellery pieces, Standún blends heritage craftsmanship with contemporary style. Whether you’re shopping for a cosy knit to last a lifetime or a distinctive Irish-designed gift, this is one stop that offers genuine quality and Irish design flair.",,,,Gifts,,,,https://dublincitymum.ie/wp-content/uploads/2025/10/Screenshot_31-10-2025_112632_standun.com_-602x600.jpeg
Stella Theatre,https://dublincitymum.ie/listing/stella-theatre/,https://www.stellacinemas.ie/,,"The Stella Cinema | isn’t just a glamorous spot for date nights—it’s also surprisingly family-friendly, making it a great pick for parents and kids alike. From the moment you step into the plush, retro interiors, you’ll find thoughtful touches that make a trip to the movies easier and more enjoyable for families. Whether you’re juggling toddlers, tweens, or teens, Stella has options that keep everyone entertained without losing the sense of luxury that makes it special. | Their | “ | Family Flix” | screenings run every Saturday morning and during school holidays, showing a mix of kids’ favourites and classic family films—perfect for a relaxed weekend treat. | For new parents, the | “ | Baby on Board” | sessions are a lifesaver, with dimmed lights, softer sound, and even a complimentary coffee and pastry to make your morning outing that little bit sweeter. Add in child-friendly ticket pricing and clear supervision policies, and you’ve got a cinema experience that’s as easygoing as it is memorable.","207/209 Rathmines Rd Lower, Rathmines, Dublin 6, D06 W403, Ireland",53.322374,-6.265901,Indoor,,,,https://dublincitymum.ie/wp-content/uploads/2025/08/Screenshot-2025-08-11-155032-631x600.png
Stepping Stones,https://dublincitymum.ie/listing/stepping-stones/,https://www.steppingstonescreche.com/,+35314105903,Creche & Montessori | ECCE Rooms: Children can avail of this facility from | 2 years | of age to | 5 years and 6 month | s.,30 Belfry CrescentCitywest Dublin 24,,,Crèches,,,,https://dublincitymum.ie/wp-content/uploads/2025/08/Stepping-Stone.jpg
Stratford Lawn,https://dublincitymum.ie/listing/stratford-lawn/,http://stratfordtennis.ie/,,"Stratford LTC offers year-round junior coaching on four floodlit all-weather courts, with access to four grass courts during summer. Coaching is available for children aged 5 and up, with lessons grouped by age and skill level. | ​ | Classes follow the school year in 6-week blocks, focusing on technique, drills, and gameplay. Each 60-minute session uses the ITF Tennis 10s system, with red, orange, and green balls to support skill development. | ​ | Summer camps replace weekly lessons during school holidays. All coaches are experienced, Garda vetted, and trained in child safeguarding.","Stratford Lawn Tennis Club, Grosvenor Square, Rathmines, Dublin 6",,,Tennis,,,,https://dublincitymum.ie/wp-content/uploads/2025/08/Screenshot-302-800x600.png
Strength Within,https://dublincitymum.ie/listing/strength-within/,https://strengthwithin.ie/,,"At | Strength Within | , founder Claire Flannery helps you uncover the resilience you never knew was there. Based in Dublin, this coaching and consultancy hub specialises in guiding individuals and teams through life’s big shifts, helping you not just to survive change—but to thrive through it. | Whether you’re navigating parenthood, a career pivot, or simply wanting to reconnect with your true self, Claire works with compassion, insight, and pragmatism. Expect one-to-one coaching, transformational workshops, and tools rooted in psychology and real life. | We love Strength Within because it’s a sanctuary in motion—where change is honoured, strength is discovered, and you emerge with more clarity, confidence, and calm than you ever expected.","112-114 St Stephen's Green, D02TD28, Dublin, D02 YP23",,,Wellbeing,,,,https://dublincitymum.ie/wp-content/uploads/2025/08/Antenatal-2.jpg
Sundrive Nursery & Montessori,https://dublincitymum.ie/listing/sundrive-nursery-montessori/,https://www.facebook.com/p/Sundrive-Nursery-and-Montessori-100057260066096/,+35314924774,Crèche & Montessori,"24B Sundrive Rd, Kimmage, Dublin 12, D12 N8H2",,,Crèches,,,,https://dublincitymum.ie/wp-content/uploads/2025/08/Sundrive.jpg
Sure Sitter,https://dublincitymum.ie/listing/sure-sitter/,https://suresitter.com/,,"Searching for trusted childcare in Ireland? | SureSitter | is a lifesaver. This parent-friendly platform connects families with local nannies, babysitters, childminders, and au pairs. | Created by parents who know how stressful finding care can be, SureSitter brings the personal touch of word-of-mouth but with the ease of online searching and matching. Post your job, browse thoughtful profiles, interview, and pick the best fit for your little one—it’s that simple.","Dogpatch Labs, The Chq Building, Custom House Quay, North Dock, Dublin 1",,,Childminders,,,,https://dublincitymum.ie/wp-content/uploads/2025/08/Sure-Sitter-800x600.jpg
Surfdock,https://dublincitymum.ie/listing/surfdock/,https://www.surfdock.com/pages/contact-us,+35316683945,"Based at Grand Canal Dock, Surfdock offer a unique combination of activities including | paddleboarding, kayaking and windsurfing for beginners. They offer intermediate paddleboarding classes and trips in and around Dublin as well as intermediate windsurfing in the Malahide Estuary. | ​ | Their group sessions are popular for kids birthday parties from April to October. They also run a summer camp for 8 to 16 year olds, with an opportunity to try everything from kayaking, sailing, windsurfing, wakeboarding, paddleboarding and ringo rides. | ​ | In addition, they run SUP Yoga classes​ with Ireland’s only qualified SUP Yoga instructor Alexa von Zett of Dublin SUP Yoga Fitness and Urban Yoga Dublin.",,,,Watersports + Sailing,,,,https://dublincitymum.ie/wp-content/uploads/2025/06/Screenshot-158.png
Swan Leisure,https://dublincitymum.ie/listing/swan-leisure/,https://www.swanleisure.ie/contact-us,+35314967214,"Swan Leisure in Rathmines offers high-quality children’s swimming lessons in a welcoming, family-friendly environment. With a strong focus on water safety, skill development, and fun, their structured programme supports swimmers of all levels—from beginners to more advanced. Led by experienced instructors, Swan Leisure’s lessons take place in a modern, well-maintained pool with a warm and supportive atmosphere that encourages confidence and progression. Conveniently located and loved by local families, it’s an ideal spot for children to learn essential swimming skills while enjoying every splash along the way.","Rathmines Square, Lower Rathmines Road, Rathmines, Dublin 6",,,Swimming,,,,https://dublincitymum.ie/wp-content/uploads/2025/06/Screenshot-108.png
Sweet Cicely Catering,https://dublincitymum.ie/listing/sweet-cicely/,https://sweetcicely.ie/menu/kids-finger-food,+35312573770,"Sweet Cicely is a Catering Company based in Greenogue Business Park, Co Dublin. From Birthday Parties to Communions and Family Celebrations all catered for in the comfort of your own home. Check out their | kids menu here!","Rathcoole Park, Rathcoole, County Dublin D24 EA32, Ireland",53.278304,-6.466256,Cakes + Caterers,,,,https://dublincitymum.ie/wp-content/uploads/2025/08/Sweet-C.png
Sweet Pea Kids,https://dublincitymum.ie/listing/sweet-pea-kids/,https://sweetpeakids.ie/,,"Sweet Pea Kids | is a stylish Irish boutique offering a curated selection of clothing, gifts and accessories for babies and young children. With a focus on quality, comfort and timeless style, Sweet Pea Kids is where you’ll find those special little pieces — soft knits, classic dresses and everyday essentials that look as good as they feel.",,,,kids Apparel,,,,https://dublincitymum.ie/wp-content/uploads/2025/11/Screenshot_1-11-2025_111528_sweetpeakids.ie_.jpeg
Sweety Cakes,https://dublincitymum.ie/listing/sweety-cakes/,https://sweetycakes.ie/,+353857700716,"Let Simona turn your celebration into something truly memorable with her handcrafted, made-to-order cakes—each one uniquely tailored using fresh Irish ingredients and creative flair. With a background as a pastry chef and glowing word-of-mouth, Sweety Cakes delivers show-stopping flavours and designs. Based in Aiken’s Village, this Dublin 18 gem produces everything from wedding centrepieces to birthday masterpieces—with a two-week lead time to ensure perfection.","Sandyford, Dublin 18",,,Cakes + Caterers,,,,https://dublincitymum.ie/wp-content/uploads/2025/08/Screenshot-266-481x600.png
Swim Camp,https://dublincitymum.ie/listing/swim-camp/,https://www.swimcamp.ie/why-swim-camp,,"SwimCamp at Castle Park School in Dalkey offers fun and engaging swimming lessons for kids of all abilities. With professional instructors and a welcoming, stress-free environment, your child will build confidence, stamina, and technique while having a blast. Parents love the patient approach that makes swimming enjoyable, even for kids who’ve struggled with lessons before.","Coliemore House, 1 Coliemore Rd, Dalkey Commons, Dalkey, Co. Dublin, A96 A8D5",,,Swimming,,,,https://dublincitymum.ie/wp-content/uploads/2025/06/Screenshot-119.png
Swim Stars,https://dublincitymum.ie/listing/swim-stars/,https://www.swimstars.ie/contact-us.html,+353868567603,"Swim Stars offers fun, confidence-building swimming lessons for children of all ages and abilities across multiple Dublin locations. Their structured programmes are led by experienced, fully qualified instructors who create a warm and supportive environment where children feel safe and encouraged. From first splashes to advanced strokes, Swim Stars focuses on developing strong swimming skills through positive reinforcement and small class sizes. Whether your little one is a beginner or ready to improve their technique, Swim Stars makes learning to swim an enjoyable and rewarding experience.","Mespil Swimming pool, Sussex Road, Dublin 4",,,Swimming,,,,https://dublincitymum.ie/wp-content/uploads/2025/06/Screenshot-107.png
Só Bow,https://dublincitymum.ie/listing/so-bow/,https://sobow.ie/,,"Só Bow | is where understated luxury meets modern Irish design. Founded by Dublin designer | Sonia Bowes | , this beautiful brand celebrates timeless craftsmanship through a collection of handcrafted hair bows that balance classic femininity with contemporary style. | Each bow is thoughtfully made in Ireland using the finest materials — think plush velvets, lustrous satins and soft linens — all chosen for their quality, texture and lasting beauty. The result? Elegant accessories that feel both refined and effortless, designed to elevate every look from weekday minimalism to special-occasion polish. | With a palette inspired by nature and a dedication to slow, considered design, Só Bow captures the essence of modern Irish luxury: simple, graceful and beautifully made.",,,,Gifts,,,,https://dublincitymum.ie/wp-content/uploads/2025/10/Screenshot_31-10-2025_104548_www.instagram.com_-582x600.jpeg
Tales for Tadpoles,https://dublincitymum.ie/listing/tales-for-tadpoles/,https://talesfortadpoles.ie/,,"A poetic and playful world of beautiful books, Tales for Tadpoles serves up beautifully illustrated stories and creations made for imaginative little minds.","3 Albert Walk, Bray, Co. Wicklow, A98 TC03, Ireland",53.203821,-6.101139,Books,,,,https://dublincitymum.ie/wp-content/uploads/2025/08/Screenshot-2025-08-27-at-18.21.14-800x600.png
Tang,https://dublincitymum.ie/listing/tang/,https://www.tang.ie/cafes,,"Tang (Dawson Street, Abbey Street & Cumberland Place) | Bright, buzzing, and full of flavour, Tang serves up healthy, Middle Eastern-inspired dishes in a casual setting that works well for families on the go. Think flatbreads, vibrant salads, and hearty soups, with plenty of veggie and vegan options. Relaxed enough for a quick bite with little ones, yet stylish enough to feel like a treat. | Kids Menu: | No (but lots of flexible, sharable dishes) | High Chairs: | Limited – varies by location | Baby Changing: | No | Why It’s Great: | Wholesome, colourful food that’s fresh, fast, and easy to adapt for kids—plus a friendly, informal vibe. | Nearby Family Activity: | After brunch at Dawson Street, stroll over to | Merrion Square Park | for a run around the playground and a peek at the Oscar Wilde statue, or pop into the free | National Gallery of Ireland | just across the road.","23C Dawson St, Dublin 2, Ireland",53.339721,-6.258522,Eat,,https://www.tang.ie/book-dinner-1,,https://dublincitymum.ie/wp-content/uploads/2025/09/Screenshot-2025-09-12-at-15.47.25-800x600.png
Tempo Music School,https://dublincitymum.ie/listing/tempo-music-school/,https://tempomusicschool.ie/baby-beats-music-classes/,,"Te | mpo Music School offers music appreciation classes for children and parents together in our Baby Beats and Mini Beats classes. ‘Baby Beats’ is a fun and interactive music class for | young children between 9 months and 3 years of age | . Our super friendly facilitator will awaken the musicality in children using song and percussion. In the ‘Mini Beats’ class, | kids from 4 to 6 years old | experience a wide range of instruments, songs and compositions in a comfortable class setting while having plenty of fun in doing so. | Benefits to the children include exercising their sensory motor ability, developing coordination, rhythm, listening and speaking, while promoting the interaction between the children and and also between the child and their parent. Music appreciation classes also prepare children for an instrument class in the future as kids will be introduced to strings, percussion and wind instruments. | ​ | Class Structure: | Welcome Song | : A delightful way to start the session and help your child feel comfortable. | Nursery Rhymes | : Sing along to classics that engage your baby’s listening and language skills. | Sound Exploration | : Introduce your child to new sounds with percussion instruments. | Action Songs | : Enjoy dynamic and interactive movements with music. | Goodbye Song | : End the class on a positive note with a fun and soothing farewell.","Arts and Business Campus, 40 Lower Drumcondra Road, Dublin 9",,,Baby + Toddler Classes,,,,https://dublincitymum.ie/wp-content/uploads/2025/08/Tempo-800x600.png
Tennis4Kids,https://dublincitymum.ie/listing/tennis4kids/,https://www.tennis4kids.ie/,+35318326616,"Tennis4Kids is a specially designed programme for children aged 5 to 12, helping kids of all abilities enjoy and learn tennis in a fun, supportive environment. Using smaller courts, softer balls, and junior-sized rackets, children can develop skills at their own pace while building confidence and coordination. | ​ | The friendly coaching team gets to know each player, encouraging progress and a love for the game – perfect for beginners and experienced young players alike","The Rectory, 15 Seafield Rd W, Clontarf, Dublin 3, D03 NX77",,,Tennis,,,,https://dublincitymum.ie/wp-content/uploads/2025/08/Screenshot-295.png
That’s So Lovely,https://dublincitymum.ie/listing/thats-so-lovely/,https://thatssolovely.com/,,"That’s So Lovely | is a celebration of handcrafted charm and considered Irish design. Founded and made in Ireland, this boutique brand specialises in beautifully made hair accessories — from soft headbands to elegant bow clips — each one created with care, quality and a keen eye for detail. | Every piece is handmade to order, using carefully chosen fabrics that balance comfort with style. The result is a collection that feels timeless yet contemporary — perfect for adding a delicate, design-led touch to any look. | With its thoughtful craftsmanship and gentle aesthetic, That’s So Lovely embodies exactly what its name promises: simple, beautiful, and so very lovely.",,,,kids Apparel,,,,https://dublincitymum.ie/wp-content/uploads/2025/10/Screenshot_31-10-2025_10483_thatssolovely.com_.jpeg
The Academy of Code,https://dublincitymum.ie/listing/the-academy-of-code/,https://www.theacademyofcode.com/,,"The Academy of Code offers coding courses for kids and teenagers aged 8-18 years in venues throughout Dublin. They | de-mystify programming and technology. Courses help students see programmes, websites, apps and all sorts of gadgets and devices not as magical black boxes, but as relatable pieces of technology.","7 Larkfield Close, Dublin 18",,,Technical,,,,https://dublincitymum.ie/wp-content/uploads/2025/07/Screenshot-185.png
The Anglers Rest,https://dublincitymum.ie/listing/the-anglers-rest/,https://theanglersrest.ie/,,"The Anglers Rest | (Strawberry Beds) | Riverside charm and hearty pub fare make this a great family Sunday lunch spot. Cozy interiors, peaceful views, and simple dishes that satisfy—nothing fancy but everything you need for an easy afternoon out. | Kids Menu: | Yes. | High Chairs: | Yes. | Baby Changing: | Yes. | Why It’s Great: | A warm, welcoming pub with space to breathe and riverside views to soothe the mood. | Nearby Family Activity: | Take a gentle stroll along the | River Liffey towpath | —ducks, stones to toss, and calm paths for prams.","Knockmaroon Hill, Castleknock, Dublin, Ireland",53.355966,-6.354289,Eat,,,,https://dublincitymum.ie/wp-content/uploads/2025/08/anglers-800x600.jpg
The Animal Roadshow,https://dublincitymum.ie/listing/the-animal-roadshow/,https://theanimalroadshow.com/#,,"The Animal Roadshow | is here to deliver the safari-style thrills right to your event-venue door. Whether you’re throwing a birthday bash, family get-together or special inclusive gathering, they’ll bring along a fantastic mix of reptiles, birds, mammals and creepy-crawlies — all handled safely and with a huge dose of fun. | Based in Munster, they’re Ireland’s licensed mobile zoo and party-magic makers — with over 25 years of animal experience and more than 15 years delighting children and grown-ups alike. Expect hands-on encounters, gentle guidance (some SNA and early-childcare trained staff on board), and a vibe that’s perfect for all ages and abilities. | So if you want more than just cake and balloons — if you’re after roars, feathers, quivers of delight (and maybe a cheeky snake flick) — The Animal Roadshow has your party guest list covered.",,,,Party Entertainers,,,,https://dublincitymum.ie/wp-content/uploads/2025/10/Screenshot_21-10-2025_9419_theanimalroadshow.com_.jpeg
The Ark,https://dublincitymum.ie/listing/the-ark/,https://ark.ie,,"The Ark | is Dublin’s dedicated cultural hub for children. Designed especially for kids aged 2 to 12, it’s a creative wonderland where families can explore everything from theatre and music to dance, visual arts, and workshops. The space is warm and welcoming, with child-friendly facilities and a programme that changes regularly, so there’s always something new to discover, whether you’re a first-time visitor or a loyal regular. | The Ark’s calendar | is brimming with family-focused events: weekend performances, hands-on creative workshops during school holidays, and seasonal specials that make each visit memorable. They also host inclusive events like relaxed performances and sensory-friendly workshops, ensuring every child feels at home. Whether it’s painting, performing, or simply soaking up the atmosphere, The Ark is a place where imaginations run wild and family days out feel truly special.","11A Eustace Street, Temple Bar, Dublin 2, D02 A590, Ireland",53.345016,-6.265039,Indoor,,,,https://dublincitymum.ie/wp-content/uploads/2025/08/Screenshot-2025-09-03-at-17.07.23-800x600.png
The Art Nest,https://dublincitymum.ie/listing/the-art-nest/,https://www.miriamdowling.com/contact/,+353857136356,"The Art Nest offers creative and relaxed art classes for children of all ages. Guided by Miriam, an experienced and passionate art teacher, kids can explore different painting styles and techniques in a welcoming environment. It’s a space designed to inspire imagination and help young artists build their skills.","Woodpark, The Rise, Whitehall Dublin 9",,,Art,,,,https://dublincitymum.ie/wp-content/uploads/2025/06/Screenshot-125.png
The Baby Sleep Coach,https://dublincitymum.ie/listing/the-baby-sleep-coach/,https://www.thebabysleepcoach.ie/,,"Vicky Haugh is a paediatric sleep consultant who has worked with over 1,500 families in Ireland and internationally. She offers gentle, practical, and family-focused solutions, designing personalised sleep plans that respect parenting styles while aiming for long-term sustainable routines. Vicky’s empathetic approach avoids “one-size-fits-all” strategies and instead empowers parents with the confidence to manage sleep challenges.","Dublin, Ireland",53.349805,-6.26031,Sleep Consultants,,,,https://dublincitymum.ie/wp-content/uploads/2025/08/Screenshot-2025-08-26-at-16.56.44-728x600.png
The Boathouse Restaurant – Farmleigh,https://dublincitymum.ie/listing/the-boathouse-restaurant-farmleigh/,https://farmleigh.ie/the-boathouse-restaurant/,+35318155900,"The Boathouse Restaurant – Farmleigh | (Phoenix Park) | An elegant waterside café, perfect for family meals in a leafy setting. With a kids’ menu, high chairs, and castle-adjacent charm, this mid-range hidden gem feels like a mini escape right inside the city. | Kids Menu: | Yes | High Chairs: | Yes | Baby Changing: | Yes | Why It’s Great: | Scenic, spacious, and serene—ideal for parents looking to lounge, with kids in tow. | Nearby Family Activity: | Follow up with a | cycle or stroll in Phoenix Park | , or pop into the | Farmleigh playground | for park play magic","Farmleigh, White's Road, Castleknock, Dublin 15, Dublin, Ireland",53.366354,-6.359016,Eat,,,,https://dublincitymum.ie/wp-content/uploads/2025/05/Screenshot-95.png
The Cassidy,https://dublincitymum.ie/listing/the-cassidy/,https://thecassidyacademy.ie/contact/,+353867311414,"Private instrumental lessons are provided in Piano, Violin, Cello, Guitar, Singing, Flute, Clarinet, Recorder and Drums, by hugely qualified and experienced teachers.",,,,Music,,,,https://dublincitymum.ie/wp-content/uploads/2025/06/Screenshot-142-800x600.png
The Chocolate Warehouse,https://dublincitymum.ie/listing/the-chocolate-warehouse/,https://www.chocolatewarehouse.ie/index.php/,,"The Chocolate Warehouse | is a real chocolate wonderland and was set up with one key objective: to give kids (and adults with a sweet tooth!) a wonderful chocolate experience.  This is a unique venue where families can discover the history and joy of chocolate with hands on  experience. The subject of chocolate covers topics from science to history, geography as well as stimulating the senses (especially the taste buds). | As well as seasonal events throughout the year with Santa and Easter Bunny Visits, there are 2hour workshops, school tours and you can book your birthday party here too! The Chocolate Warehouse want to bring the understanding of chocolate to young minds while they make something special to take away with them. | ​","Mulcahy Keane Industrial Estate, Greenhills, Dublin, D12 N273, Ireland",53.314364,-6.33173,Indoor,,,,https://dublincitymum.ie/wp-content/uploads/2025/08/choc-ware.jpg
The Citizens Information – Breastfeeding,https://dublincitymum.ie/listing/citizens-information/,https://www.citizensinformation.ie/en/birth-family-relationships/after-your-baby-is-born/breastfeeding/,,"The Citizens Information service is a clear and trusted source of guidance on breastfeeding, offering both practical support and information on your rights as a parent. It explains entitlements such as the right for working parents to take up to one hour of paid breastfeeding time each day, as well as the supports available through the public health nurse, who visits all new parents in the early weeks to provide advice and reassurance on breastfeeding and infant care. Citizens Information also outlines the maternity and infant care services accessible to families nationwide, helping you feel informed and supported as you navigate the early stages of feeding and parenthood.",Online,,,Breastfeeding,,,,https://dublincitymum.ie/wp-content/uploads/2025/08/marcel-fagin-OUYg0Q3ec-Y-unsplash-800x600.jpg
The Collective Dublin,https://dublincitymum.ie/listing/the-collective-dublin/,https://thecollectivedublin.ie/,,"The Collective | is a treasure trove of Irish design, bringing together independent designers, artists, and makers under one beautifully curated roof, each piece telling its own story of creativity and craft. While best known for contemporary Irish jewellery, The Collective also features a growing range of homeware, art prints, ceramics, and lifestyle pieces that blend function with artistry. From locally made ceramics to hand-poured candles and textile art, every item reflects the thoughtfulness and talent behind Ireland’s thriving design scene.",,,,Brands We Love; Gifts; Jewellery Designers,,,,https://dublincitymum.ie/wp-content/uploads/2025/10/Screenshot_26-10-2025_10140_www.instagram.com_-587x600.jpeg
The Commons Café at MoLI,https://dublincitymum.ie/listing/the-commons-cafe/,https://moli.ie/the-commons-cafe,,"The Commons Café (MoLI) | (Museum of Literature Ireland) | An absolute hidden gem in the heart of the city, The Commons Café serves breakfast, toasties, soups, and cakes, and boasts a super Kids’ Menu, making this café a hot-ticket for creative families and those who want to relax in the beautiful terrace with incredible plants hidden behind the Iveagh Gardens, while pretending they’re in the South of France! | Kids Menu: | Yes. | High Chairs: | Yes. | Baby Changing: | Yes. | Why It’s Great: | Beautiful, playful, and downright inspiring for little readers and creative thinkers. | Nearby Family Activity: | Of course, explore the incredible | MoLI – Museum of Literature Ireland | , | where storytelling becomes hands-on, imaginative fun. Wonder into the beautiful Iveagh Gardens afterwards for a runaround and breath of fresh air. There’s a secret entrance to the gardens from MoLI!","86 St Stephen's Green, Saint Kevin's, Dublin 2, Ireland",53.336788,-6.260234,Eat,,,,https://dublincitymum.ie/wp-content/uploads/2025/09/Screenshot-2025-09-01-at-11.47.48-800x600.png
The Cool Food School,https://dublincitymum.ie/listing/the-cool-food-school/,https://www.thecoolfoodschool.ie/,,"Not exclusively weaning, but fabulous at weaving healthy-eating values and weaning advice into the mix. At The Cool Food School, they have a passion for healthy eating and love sharing it with kids through fun, interactive online and in person workshops. The | “How to Wean My Baby” | blog is a superb resource, linking to trusted sources like the HSE, WHO, Bord Bia, and Solid Start.","Dublin, Ireland",53.349805,-6.26031,Weaning + Family Meals,,,,https://dublincitymum.ie/wp-content/uploads/2025/08/Screenshot-2025-08-26-at-17.40.58-636x600.png
The Divine Foodie,https://dublincitymum.ie/listing/the-divine-foodie/,https://thedivinefoodie.com/products/kiddie-party-platter,,"Wow your guest with the Divine party platter. It’s sooo cute, sweet and savoury items such as cookies, Nutella sandwiches, mallows, sweeties, cupcakes, mini rice Krispy chocolate squares, Macarons, and soooo much more. This is a centre piece that will keep everyone happy. We can alter the ratio of sweet to savoury to suit, or add additional kiddie friendly Sammies | Must be ordered | the week before your event. This can be customised to your party’s colour schemes. | Delivery to Dublin & Wicklow | Collection available from Kilcoole","Penny lane, Kilcoole, Co. Wicklow, A63 K029",,,Cakes + Caterers,,,,https://dublincitymum.ie/wp-content/uploads/2025/08/Divine-485x600.png
The Dream Team,https://dublincitymum.ie/listing/the-dream-team/,https://www.thedreamteam.ie/,,"Founded by Gentle Sleep Coaches Laura and Orla, The Dream Team offers sleep training services from newborn through toddlerhood. Trained under Kim West, “The Sleep Lady,” their approach is structured yet compassionate, empowering parents with practical tools while avoiding overly rigid or distressing methods. Their packages include newborn foundations, toddler troubleshooting, and full support consultations.","Dublin, Ireland",53.349805,-6.26031,Sleep Consultants,,,,https://dublincitymum.ie/wp-content/uploads/2025/08/Screenshot-2025-08-26-at-17.08.35-800x600.png
The Elbow Room,https://dublincitymum.ie/listing/the-elbow-room/,https://www.thediversemindsacademy.com/,+353833497487,"The Elbow Room offers creative yoga | classes designed to stimulate children’s imagination, maintain their natural flexibility and teach them to breathe correctly. Children’s Yoga classes combine exciting adventures with songs, stories and relaxation techniques.","32 North Brunswick Street, Stoneybatter, Dublin 7",,,Yoga,,,,https://dublincitymum.ie/wp-content/uploads/2025/07/Screenshot-181-800x596.png
The Fitzwilliam Hotel,https://dublincitymum.ie/listing/the-fitzwilliam-hotel/,https://www.fitzwilliamhoteldublin.com/,+35314787000,"Location: | St. Stephen’s Green, Dublin 2 – Overlooking St. Stephen’s Green and a short walk from the Little Museum of Dublin. | Family Perks: | Spacious family suites, kid-friendly menus, babysitting services, and a relaxed luxury feel. Perfect for families wanting to be close to Grafton Street, the park, and cultural sites.","127/128 St. Stephen's Green, Dublin, D02 HE18, Ireland",53.339401,-6.261424,High End Family Friendly Hotels Dublin,,,,https://dublincitymum.ie/wp-content/uploads/2025/08/Screenshot-2025-08-11-at-07.19.56-800x600.png
The Fumbally,https://dublincitymum.ie/listing/the-fumbally/,https://thefumbally.ie/cafe/,+35315298732,"The Fumbally | (Fumbally Lane) | Quirky, relaxed, and dare-we-say | cool | —the Fumbally is a bruncher’s dream, with rustic interiors and incredibly delicious food this is one of our family favourites. One high chair is available so prob more suites to babies in buggies or slightly older kids, and the vibe is neighbourhood chic. Mid-range for incredible quality and scene. | Kids Menu: | No but their Arancini balls and Fumbally eggs are a family favourite. | High Chairs: | Yes – one! | Baby Changing: | Yes | Why It’s Great: | A neighbourhood gem that feels both inspired and effortless for family outings. | Nearby Family Activity: | Just around the corner from | Christ Church Cathedral | —great for a quick history stop or sensory play in the crypt.","Fumbally Lane, Dublin 8",,,Eat,,,,https://dublincitymum.ie/wp-content/uploads/2025/05/Screenshot-2025-08-31-at-11.33.34-800x600.png
The GAA Museum,https://dublincitymum.ie/listing/the-gaa-museum/,https://crokepark.ie/tours,,"The GAA Museum | at Croke Park offers an exciting indoor experience that’s perfect for families, combining sport, history, and hands-on fun. Kids can take part in Cú Chulainn’s Quest, a new interactive trail that guides young visitors through the museum with engaging challenges and discoveries rooted in Irish mythology and Gaelic games. Children can test their hurling and football skills in the interactive games zone, while younger ones will love the colourful play area filled with toys and sensory-friendly features. With fascinating exhibits, a Hall of Fame, and family-friendly dining at the Blackthorn Café, it’s a great all-weather destination for a day out. | The GAA (Gaelic Athletic Association) is Ireland’s largest sporting organisation. It represents our unique national games of hurling and Gaelic football and is celebrated as one of the world’s greatest amateur sporting associations. | More than just a stadium, Croke Park is the home of Gaelic Games offering 3 different experiences | – Immerse yourself in Irish culture with a visit to the | GAA Museum | – The Croke Park | Stadium Tour | – Learn about Dublin from 17 storeys high on the | Kellogg’s Skyline Tour | Both tours include access to the GAA Museum and interactive games zone. | Booking in advance is advisable. | Please note visitors must be 12 years of age or older to take a Kellogg’s Skyline tour.","Drumcondra, Dublin, D03 P6K7, Ireland",53.361244,-6.252433,Indoor,,,,https://dublincitymum.ie/wp-content/uploads/2025/08/GAA_Museum-14-800x600.jpg
The Gers,https://dublincitymum.ie/listing/the-gers/,https://www.geraldinesgaa.ie/,,"Geraldines P. Moran GAA Club, known as The Gers, is a well-established GAA club based in Cornelscourt-Foxrock, Dublin. With a strong focus on community, teamwork, and fun, the club provides a safe and inclusive environment for children of all ages to develop their skills in Gaelic football and hurling. | With 29 thriving teams, The Gers is always open to new members, whether your child is a complete beginner or an experienced player. The club is dedicated to fostering a love for Gaelic games while helping young players build confidence, friendships, and a strong team spirit.","Bray Rd, Cornelscourt, Dublin",,,GAA,,,,https://dublincitymum.ie/wp-content/uploads/2025/08/Screenshot-233.png
The Gibson Hotel,https://dublincitymum.ie/listing/the-gibson-hotel/,https://www.thegibsonhotel.ie/,+35316815000,"Location: | Point Village, Dublin 1 – Next to the 3Arena and close to the Docklands and the Luas tram line for easy access to Dublin’s central attractions, and EPIC nearby. | ​ | Family Perks: | Family rooms, a relaxed and spacious atmosphere, and a kid-friendly restaurant. The hotel is a short tram ride from Dublin’s city center, making it easy to explore popular attractions like Dublin Castle, Christ Church Cathedral, and Phoenix Park. The hotel also offers views of Dublin Port and is close to the vibrant Grand Canal Dock area.","North Wall Avenue, Dublin, D01, Ireland",53.348372,-6.229826,Mid Range Family Hotels Dublin,,,,https://dublincitymum.ie/wp-content/uploads/2025/08/Screenshot-2025-08-11-at-07.48.04-800x600.png
The Grafton Hotel,https://dublincitymum.ie/listing/the-grafton-hotel/,https://www.thegrafton.ie/,+35312552700,"Location: | Steps from Grafton Street and St. Stephen’s Green | Family Perks: | This stylish hotel combines contemporary design with family-friendly amenities. It’s within walking distance of top attractions like the Little Museum of Dublin and the National Museum of Ireland. Spacious family rooms, a warm ambiance, and proximity to kid-friendly restaurants make it a great pick for families looking for | a central location.","31/32 Stephen Street Lower, Dublin, D02 WV05, Ireland",53.341121,-6.264074,Mid Range Family Hotels Dublin,,,,https://dublincitymum.ie/wp-content/uploads/2025/08/Screenshot-2025-08-10-at-16.22.37-800x600.png
The Happy Pear – Greystones,https://dublincitymum.ie/listing/the-happy-pear-greystones/,https://thehappypear.ie/our-cafe-and-shop/,,"The Happy Pear – Church Road, Greystones | (Greystones, Co. Wicklow) | This sun-kissed plant-based café and shop started as a simple greengrocer but has blossomed into a beloved destination for wholesome, vibrant vegetarian (and vegan-friendly) dining. The menu changes daily—think hearty salads, nourishing mains, and clever sweet treats—all served in a warm, community-filled space. With high chairs available and welcoming staff, it’s a mid-range gem that treats your family to delicious eats and honest hospitality. | Kids Menu: | Not formal—yet the menu and welcoming space make it kid-friendly and fun to explore. | High Chairs: | Yes | Baby Changing: | Yes | Why It’s Great: | Stunning vegetarian fare, brilliant local produce, and an infectious feel-good atmosphere founded on sustainability and community. | Family Activity Nearby: | Pair your visit with a walk along the | Greystones Cliff Walk | , a gentle seaside trail offering breathtaking views of the coastline. A perfect way to stretch little legs and breathe in fresh sea air right after a cosy, nutritious meal.","Church Rd, Rathdown Lower, Greystones, Co. Wicklow, Ireland",53.146728,-6.067099,Eat,,,,https://dublincitymum.ie/wp-content/uploads/2025/08/Screenshot-2025-08-31-at-11.13.14-754x600.png
The Home Reset,https://dublincitymum.ie/listing/the-home-reset/,https://www.thehomereset.ie/,,"Finding your home in a perpetual state of “stuff explosion” and feeling like you’re running in circles trying to keep up? | The Home Reset | , led by CPD-certified organiser Hazel Burton, specialises in transforming chaotic family spaces into calm, functional zones. Based in Dublin, Hazel works with you to declutter, reorganise, and design systems that match your household’s rhythms—from playrooms to pantries—making mornings smoother and stress levels lower. Whether it’s setting up an easy-access homework station or creating a more manageable wardrobe routine, The Home Reset helps parents reclaim time, order, and sanity in the places that matter most.",Dublin,,,Wellbeing,,,,https://dublincitymum.ie/wp-content/uploads/2025/09/Screenshot-334-530x480.png
The Hugh Lane,https://dublincitymum.ie/listing/the-hugh-lane/,https://hughlane.ie/,,"FREE ADMISSION | The Hugh Lane Gallery | invites families into a welcoming space that’s as inspiring as it is engaging. Home to a stellar collection ranging from Impressionist masterpieces to the unique Francis Bacon Studio, the gallery’s Explore & Learn programme transforms art into an interactive family adventure. Whether you’re wandering its bright halls or taking part in hands-on workshops, the atmosphere is relaxed—and always creative. | From drop-in family workshops like | Brigit’s Basket Crafts | , where families can weave cheerful baskets to celebrate St Brigid’s Day, to ‘Make Your Own Floral Crown’, a spring‑themed art session using folding and cutting techniques—there’s always something seasonal and fun for all ages. The gallery also hosts inclusive multi-week creative programmes such as | Make and Be, | a free, zine‑making series tailored for families with an African background, running over six Friday afternoons in the gallery’s Education Space. And for those summer outings that crave fresh air and artistic flair, the annual Art & The Outdoors festival spills onto Parnell Square with live music, printmaking, storytelling, face‑painting, sensory spaces, and so much more—all free and for all ages. | For new parents seeking a gentle introduction to art with baby in tow, the | Parent and Baby Tour | is perfect. Held on the last Thursday of every month at 11 am this guided highlights tour, focusing on works from both the permanent collection.","Parnell Square North, Rotunda, Dublin 1, D01 T3V8, Ireland",53.354212,-6.263977,Indoor,,,,https://dublincitymum.ie/wp-content/uploads/2025/08/Screenshot-2025-09-03-at-17.15.02-800x600.png
The Irish National Sailing & Powerboat School,https://dublincitymum.ie/listing/the-irish-national-sailing-powerboat-school/,https://courses.inss.ie/contact-us/,+35312844195,"Based in Dun Laoghaire Harbour, The Irish National Sailing & Powerboat School has been teaching people on sailing courses and powerboating courses since 1978. They provide all essential gear, boats and buoyancy aids. Their highly experienced instructors are fully insured and have an excellent safety record.",,,,Watersports + Sailing,,,,https://dublincitymum.ie/wp-content/uploads/2025/06/Screenshot-160.png
The Irish National War Memorial Gardens,https://dublincitymum.ie/listing/the-irish-national-war-memorial-gardens/,https://heritageireland.ie/places-to-visit/irish-national-war-memorial-gardens/,,"FREE ADMISSION | The Irish National War Memorial Gardens | in Islandbridge offer a tranquil outdoor experience for families seeking a blend of nature, history, and reflection. Designed by renowned architect Sir Edwin Lutyens, the gardens feature sunken rose gardens, herbaceous borders, and extensive tree planting, creating a serene atmosphere ideal for leisurely walks and family picnics. | Children can explore the spacious lawns, observe the diverse plant life, and enjoy the open spaces. The gardens are dedicated to the memory of 49,400 Irish soldiers who died in World War I, with their names recorded in the beautifully illustrated Harry Clarke manuscripts housed in the granite bookrooms. | While the gardens are primarily a place of remembrance, they also provide an opportunity for families to engage in discussions about history and heritage in a peaceful setting. Admission is free, and the gardens are open year-round, with guided tours available on Wednesdays from April to October.","Island Bridge, Saint James, Dublin, Ireland",53.34754,-6.3083,Outdoor,,,,https://dublincitymum.ie/wp-content/uploads/2025/08/War-Memorial.jpg
The Jeanie Johnston,https://dublincitymum.ie/listing/the-jeanie-johnston/,https://jeaniejohnston.ie/,,"Kids go Free throughout September | , terms and conditions apply. | Come on a journey and follow in the footsteps of those who fled the famine! | The Jeanie Johnston | tells the story of the thousands of Irish people who fled the Famine and embarked on a voyage in the hope of a new life in North America. Step on board and you will be transported back in time to join them on their journey across the sea. | ​ | Find out how they paid for their tickets for the Jeanie Johnston. Hear the true stories of people who travelled on the ship, including many children travelling alone. See what they looked like and how they dressed with realistic life-sized wax figures. Imagine what the journey was like. Find out about the harsh conditions on board. Learn what happened when they reached their destination. Explore a Tall Ship and marvel at the craftsmanship involved in building it and the skill it took to sail it.","Custom House Quay, North Wall, Dublin, D01 T9C2, Ireland",53.348188,-6.250638,Outdoor,,,,https://dublincitymum.ie/wp-content/uploads/2025/08/jeanie-johnston-tall-ship.jpg
The Linen Shirt Company,https://dublincitymum.ie/listing/the-linen-shirt-company/,https://thelinenshirtcompany.com/,,"If you believe in pieces that tell a story through every stitch, | The Linen Shirt Company | is pure poetry. Their garments are dreamt up in Ireland and crafted with heart, cut from 100% Irish-woven linen and sewn to order in small batches locally. | From airy shirts and flowing blouses to sophisticated separates and home linen pieces, each item exudes subtle luxury and effortless ease. Their signature palette, moss greens, lapis blues, neutrals with a pop, glides naturally from day to evening. | We adore The Linen Shirt Company because it marries sustainability with soul: sourcing fabric in Ireland, honouring heritage craftsmanship, and making garments built to last. In a world of fast fashion, their slow-fashion ethos feels like a breath of fresh linen air.",Online,,,Brands We Love,,,,https://dublincitymum.ie/wp-content/uploads/2025/10/Screenshot-2025-10-05-at-09.23.01-800x600.png
The Little Museum of Dublin,https://dublincitymum.ie/listing/the-little-museum-of-dublin/,https://www.littlemuseum.ie/,,"The Little Museum of Dublin | , recently described as “Dublin’s best museum experience” by The Irish Times, tells the amazing story of the Irish capital and is a hidden gem. There are worksheets available for kids of all ages to help get more out of the visit and tour guides in the museum at all times who can give your family some special attention. | There are some great interactive artefacts in the museum for kids to explore. The more they get involved, the more they learn. Check out their amazing free educational programme – I Love Dublin Classes which offers free civics classes to Irish schools. | ​","15 St Stephen's Green, Saint Kevin's, Dublin 2, Ireland",53.336993,-6.26049,Indoor,,,,https://dublincitymum.ie/wp-content/uploads/2025/08/visit-the-little-museum-of-dublin-tour-1-800x600.png
The Little One,https://dublincitymum.ie/listing/the-little-one-2/,https://thelittleone.ie/,,"The Little One | is a beautifully curated Irish brand offering baby and children’s clothing, blankets, bibs and accessories designed with understated style and practicality in mind. Soft cottons, classic patterns and gentle colours make each piece feel special, yet easy to wear every day. From newborn essentials to sweet gifts, The Little One captures the beauty of simple, well-made Irish design for little people.",,,,kids Apparel,,,,https://dublincitymum.ie/wp-content/uploads/2025/11/Screenshot_1-11-2025_11454_thelittleone.ie_.jpeg
The Little One,https://dublincitymum.ie/listing/the-little-one/,https://thelittleone.ie/,,"Meet | The Little One | — a charming Irish baby & kids boutique bringing softness, sweetness, and stylish essentials to your little one’s world. Based right here in Ireland, they curate a dreamy range of baby clothing, blankets, muslins, bibs, car seat covers, PJs, and more — all chosen with love and quality in mind. | From newborn essentials to playful toddler outfits, The Little One offers pieces that are both delightful and practical — perfect for parents who want beautiful, functional items without fuss. Plus, with free shipping on orders over €100, you can stock up and stay cozy without worrying about delivery fees. | If you’re looking to spoil your baby (or find a thoughtful gift), The Little One is where style meets heart.","Whitestown, Dublin, D24 K59A, Ireland",53.282427,-6.382923,Kids Store,,,,https://dublincitymum.ie/wp-content/uploads/2025/10/Screenshot_15-10-2025_11255_thelittleone.ie_-425x600.jpeg
The Lullaby Lady,https://dublincitymum.ie/listing/the-lullaby-lady/,https://www.thelullabylady.ie/,,"Niamh O’Reilly is a certified child sleep consultant with over 15 years of experience in early childhood care and education. She works with families of babies and toddlers to create personalised, gentle sleep plans that avoid harsh methods. Niamh delivers her support remotely, making her accessible to families across Ireland and abroad, and is highly regarded for her nurturing, practical approach.","Dublin, Ireland",53.349805,-6.26031,Sleep Consultants,,,,https://dublincitymum.ie/wp-content/uploads/2025/08/Screenshot-2025-08-26-at-17.00.21-800x600.png
The Merrion Hotel,https://dublincitymum.ie/listing/the-merrion-hotel-2/,https://www.merrionhotel.com/,+35316030600,"Location: | Merrion Street Upper, Dublin 2 – Near Merrion Square, the National Gallery, and Trinity College. | Family Perks: | Five-star amenities, family suites, children’s bathrobes, and special welcome treats. The Merrion offers an upscale, family-friendly experience close to major museums and parks.","D02, Dublin, Ireland",53.344177,-6.264451,High End Family Friendly Hotels Dublin,,,,https://dublincitymum.ie/wp-content/uploads/2025/08/Screenshot-2025-08-11-at-07.16.50-800x600.png
The Mespil Hotel,https://dublincitymum.ie/listing/the-mespil-hotel/,https://www.mespilhotel.com/,,Location: | Along the Grand Canal in Dublin 4 | Family Perks: | This award-winning hotel is perfect for families who want a quieter stay while still being close to the city. The Mespil offers family rooms and babysitting services on request. It’s just a short walk to kid-friendly attractions like Merrion Square Park and the playground at St. Stephen’s Green. The on-site Lock Four Restaurant has plenty of options to satisfy picky eaters.,"50-60 Mespil Road, Dublin, D04 E7N2, Ireland",53.333385,-6.24638,Mid Range Family Hotels Dublin,,,,https://dublincitymum.ie/wp-content/uploads/2025/08/Screenshot-2025-08-11-at-07.36.29-800x600.png
The Mont Hotel,https://dublincitymum.ie/listing/the-mont-hotel/,https://www.themonthotel.ie/,,"Location: | Near Merrion Square and Trinity College | Family Perks: | The Mont Hotel’s modern, quirky vibe appeals to families who want something different. Family rooms are spacious, and the location makes it easy to explore Dublin’s cultural attractions, including the Natural History Museum and EPIC The Irish Emigration Museum. The hotel also offers a relaxed restaurant with kid-friendly menu options.","1-4 Merrion Street Lower, Dublin, D02 H525, Ireland",53.341396,-6.251003,Mid Range Family Hotels Dublin,,,,https://dublincitymum.ie/wp-content/uploads/2025/08/Screenshot-2025-08-11-at-07.32.51-800x600.png
The Motherhood Programme,https://dublincitymum.ie/listing/the-motherhood-programme/,https://www.themotherhoodprogramme.ie/,+353116123,"Developed by RCSI in partnership with perinatal mental health experts, The Motherhood Programme is a free, research-based wellbeing resource for pregnancy and early parenthood. Through easy-to-use tools, podcasts, and practical guides, it supports mums with everything from sleep and stress to relationships, positivity, and finding community. Designed to nurture both emotional and mental health, it’s a valuable companion for mothers navigating the transition from bump to baby.",Various Locations,,,Wellbeing,,,,https://dublincitymum.ie/wp-content/uploads/2025/08/Screenshot-285-580x600.png
The Mothering Psychologist,https://dublincitymum.ie/listing/the-mothering-psychologist/,https://www.themotheringpsychologist.com/,+353874017513,"Dr. Emma Bagnall combines child psychology, maternal wellbeing support, and sleep consultancy—offering holistic care for both parent and child",Online,,,Baby + Toddler Classes,,,,https://dublincitymum.ie/wp-content/uploads/2025/09/Screenshot-330-557x600.png
The National Aquatic Centre,https://dublincitymum.ie/listing/the-national-aquatic-centre/,https://www.sportirelandcampus.ie/contact-0,+35316464300,"The National Aquatic Centre offers swimming lessons for kids of all ages, from babies to beginners. Little ones can start in Pre-School Levels 1 & 2 (0-36 months) or move up to Pre-School Level 3 (3-5 years). For older kids with no swimming experience, Junior 1 classes are available from age 4 and up. Children aged 5 and over can also book a quick assessment to find the right class for their ability. | Classes run continuously, so you can join anytime and book in blocks of 10 for €100.","National Aquatic Centre, Snugborough Road, Blanchardstown, Dublin 15",,,Swimming,,,,https://dublincitymum.ie/wp-content/uploads/2025/06/Screenshot-109.png
The National Botanic Gardens,https://dublincitymum.ie/listing/the-national-botanic-gardens/,https://www.botanicgardens.ie/glasnevin/,,"FREE ADMISSION | The National Botanic Gardens | in Glasnevin offer a delightful outdoor experience for families, combining natural beauty with engaging educational opportunities. With over 15,000 plant species from around the world, the gardens provide a picturesque setting for leisurely walks and exploration. | Children can enjoy the Erasmus Children’s Garden, where they can participate in drop-in activities such as sowing seeds, creating eco-art, and playing nature games—no booking required . Additionally, the Family Beds area showcases the evolution of flowering plants, offering an interactive learning experience for young minds . | Check out their | calendar | for all upcoming events. | The beautifully restored glasshouses, including the Great Palm House, provide shelter and further opportunities for discovery. With free admission and a variety of family-friendly activities, the National Botanic Gardens are a perfect destination for a day of outdoor fun and learning.​ | The | Guided Tours | must be booked in advance and come with a small fee.","Glasnevin, Dublin, D09 VY63, Ireland",53.371707,-6.269932,Outdoor,,,,https://dublincitymum.ie/wp-content/uploads/2025/08/Botantic-800x600.jpg
The National Concert Hall,https://dublincitymum.ie/listing/the-national-concert-hall/,https://www.nch.ie/nch-discover/young-people-families/,,"The National Concert Hall | invites families to experience the magic of live music in a kid-friendly setting where artistry meets imagination. As the home of Ireland’s National Symphony Orchestra, the NCH brings children’s stories to life through a series of | Family Events | , including live-orchestra screenings of beloved classics like | Stick Man | , | The Snail and the Whale | , and | Revolting Rhymes, c | omplete with musical narration and gentle thrills that captivate both little ones and grown-ups. And for a timeless classic with a twist, | Peter and the Wolf | comes alive with shadow puppetry and orchestral flair, while the | Symphony Shorts | series offers relaxed, | ASD-friendly performances | featuring Beethoven and Berlioz in a welcoming, inclusive environment. | But the fun doesn’t stop there, | NCH Discover | continues the enchantment with seasonal highlights and cinematic gems performed live.","Earlsfort Terrace, Saint Kevin's, Dublin, D02 E024, Ireland",53.334534,-6.25823,Indoor,,,,https://dublincitymum.ie/wp-content/uploads/2025/08/national-concert-hall-800x500.jpg
The National Gallery,https://dublincitymum.ie/listing/the-national-gallery-2/,https://www.nationalgallery.ie,,"FREE ADMISSION | The National Gallery of Ireland | is a cultural gem that strikes the perfect balance between calm and creativity. With free admission and a welcoming, buggy-friendly space, it’s easy to wander through the galleries at your own pace. Borrow a free | Family Pack | from the information desk, complete with drawing tools and activity sheets, or drop by the | Atrium Creative Space | where kids can get hands-on with art activities. There are also themed family tours and a delightful kids’ audio guide that turns exploring the gallery into an art-inspired adventure. | The Early Years, Children and Families Programme | plays a major part in encouraging learning through art at the National Gallery of Ireland | . | This programme is for all the family, from babies and toddlers to younger teens and their parents/guardians. It embraces play, enquiry, problem solving, independent thinking and collaboration through multi-disciplinary sensory activities responding to the national collection. The programmes includes general activities onsite for everyone from seasoned museum visitors to tourist families on holidays. | The Gallery offers drop-in workshops, tours and activities, all with a family focus. The Atrium Creative Space is open everyday, and | free art packs | are available. There are also | scheduled workshops and events, | designed with age-appropriate learning in mind. The Gallery is currently developing an online strand for Early Years, Children and Families which aims to take learning through art out of the gallery and into the home. | Once you’ve had your fill of masterpieces, take a short stroll to | Merrion Square Park | , | home to one of Dublin’s best playgrounds, swings, slides, and a perfect picnic spot included. On sunny weekends, you might even catch the open-air art market or a food stall or two, making it the perfect way to round out a fun, culture-packed day. | ​","Merrion Square West, Dublin, D02 AX92, Ireland",53.34087,-6.251021,Indoor,,,,https://dublincitymum.ie/wp-content/uploads/2025/08/Nat-Gallery.jpg
The National Gallery Café,https://dublincitymum.ie/listing/the-national-gallery/,https://www.nationalgallery.ie/visit-us/eating-and-drinking,+35316615133,"Surrounded by art and inspiration, this café delivers on creativity and calm. With a kids’ menu, high chairs, and a gorgeous kids section in the gallery shop, it’s a gentle, mid-range haven for families looking for culture and coffee. | Kids Menu: | Yes | High Chairs: | Yes | Baby Changing: | Yes | Why It’s Great: | A quiet, artistic refuge where children can eat, play, and explore. | Nearby Family Activity: | Stick around for gallery family art tours or get artistic in the kids Creative Corner, | The National Gallery of Ireland | is a wonderful introduction to art for little ones.","Merrion Square West, Dublin 2, D02 K303, Ireland",53.34087,-6.251021,Eat,,,,https://dublincitymum.ie/wp-content/uploads/2025/05/Screenshot-2025-08-13-at-16.48.40.png
The National Library,https://dublincitymum.ie/listing/the-national-library/,https://www.nli.ie/,,"FREE ADMISSION | The National Library | offers an exciting programme of exhibitions, events and learning opportunities for people of all ages and interests. They host children’s storytelling, creative workshops, and much more. At various times throughout the year, they run family and children’s workshops. Storytelling events are a regular feature in their programme where you can snuggle down on bean bags and read a story together, and follow on with a drawing session where kids can draw their own interpretation of the story. They regularly | welcome children’s authors to the library for readings and book signings. | The National Library | provide access to the collections free of charge.","Dublin, D02 KW52, Ireland",53.34194,-6.254435,Indoor,,,,https://dublincitymum.ie/wp-content/uploads/2025/08/nli-screen-res-5-800x500.jpg
The National Maternity Hospital,https://dublincitymum.ie/listing/the-national-maternity-hospital/,https://www.nmh.ie/,+35316373100,"The National Maternity Hospital offers a Specialist Perinatal Mental Health Service to support women experiencing moderate to severe mental health challenges during pregnancy and up to six months postpartum. This multidisciplinary team includes perinatal psychiatrists, psychologists, mental health nurses, and social workers, providing comprehensive care to women with conditions such as bipolar disorder, schizophrenia, psychosis, major depression, anxiety disorders, and eating disorders. The service focuses on collaborative care, working closely with women, their families, and other healthcare professionals to ensure the best outcomes. They offer expert guidance on psychiatric medication use during pregnancy and breastfeeding, as well as support for the mother-baby relationship. Please note that this service does not provide general counselling or emergency/crisis care.","Holles Street, Dublin, D02 FX74, Ireland",53.34077,-6.245743,Wellbeing,,,,https://dublincitymum.ie/wp-content/uploads/2025/08/Screenshot-290.png
The National Maternity Hospital (NMH),https://dublincitymum.ie/listing/the-national-maternity-hospital-nmh/,https://www.nmh.ie/,,"The National Maternity Hospital (NMH) offers a wide range of antenatal education classes to support expectant parents through every stage of pregnancy, labour, and early parenting. Led by experienced midwives and healthcare professionals, the classes are available both online and in person at their dedicated education space on Mount Street, Dublin 2. Topics include wellbeing in pregnancy, preparation for labour and childbirth, interventions such as caesarean sections, practical newborn care, and breastfeeding. | Specialised sessions are available for first-time parents, younger parents, those expecting again, and women with a high BMI. The hospital also offers partner-focused classes and postnatal support for feeding at home. These sessions provide a relaxed, informative environment where parents can ask questions, gain confidence, and connect with others on the same journey. To book, parents can contact the NMH by email or phone, and early registration is advised due to high demand.","Holles St, Dublin, D02 YH21",,,Antenatal Classes,,,,https://dublincitymum.ie/wp-content/uploads/2025/08/christian-bowen-I0ItPtIsVEE-unsplash-800x600.jpg
The National Print Museum,https://dublincitymum.ie/listing/the-national-print-museum/,https://www.nationalprintmuseum.ie/,,"FREE ADMISSION | The National Print Museum | run family guided tours and hosts an Education Area which runs a number of free activities for children including, storytelling for children aged 3 – 7 years. All activities are free, self-guided and encourage family learning and interaction. Activities include arts and crafts (ink stamping, light box picture tracing, stencilling, easy origami, drawing & colouring), alphabet games for the tiny tots, activity sheets and reading | from their wonderful Junior Library. | There is a host of interactive activities on offer such as Family Friendly Tours, Creative Corners, Demonstration Days and Print Lab Workshops. | Family tours and events | run daily during school holidays and over the summer break. Perfect for all ages, this family friendly edition of the classic guided tour is an interactive experience where you can discover the rich history of print while having fun together. You’ll compose your name in type, print a personalised poster to take home, and even make your very own printer’s hat! | ​ | The Press Cafe | is perfect for lunch or treats after exploring the museum.","Dublin, D04 E0C9, Ireland",53.335166,-6.235391,Indoor,,,,https://dublincitymum.ie/wp-content/uploads/2025/08/Screenshot-2025-08-11-150941-799x600.png
The National Yacht Club,https://dublincitymum.ie/listing/the-national-yacht-club/,https://nyc.ie/about-us/,+35312805725,"Based in Dun Laoghaire, the National Yacht club offers sailing classes to kids as young as 6. There are also many other non sailing activities taking place within the Club. Each year the NYC run two week sailing courses throughout the summer. These are open to children of members between the ages of 8 to 18 years old. The Club offers all ISA qualifications from Start Sailing to Pre Instructor level.",,,,Watersports + Sailing,,,,https://dublincitymum.ie/wp-content/uploads/2025/06/Screenshot-162.png
The Natural History Museum,https://dublincitymum.ie/listing/the-natural-history-museum/,https://www.museum.ie/en-ie/home,,"FREE ADMISSION – NEW LOCATION at | the National Museum in Collins Barracks. | Better known as | “The Dead Zoo” | , the Museum’s 10,000 exhibits on Merrion Sq. provide a glimpse of the natural world that continues to delight children of all ages. In September 2024 the museum closed its doors to facilitate a grand scale refurbishment which will take a number of years. The museum housed the Dead Zoo – which consists of thousands of irreplaceable specimens, from elephants to insects. | These specimens have now been moved to the | National Museum in Collins Barracks. | They will remain there until the reopening of their refurbished home. | ​ | A new | ‘Dead Zoo Lab’ | has been opened to fill the gap left by the temporary closure. | This exciting exhibition will offer a rotation over time, with around 1.300 objects on display. This will include the dodo skeleton and hundreds of examples of animal species from around the world, such as Spoticus the Giraffe, the infamous eel choking on a frog, and Giant Irish Deer,","Collins Barracks, Benburb Street, Stoneybatter, Dublin, D07 XKV4, Ireland",53.348792,-6.287554,Indoor,,,,https://dublincitymum.ie/wp-content/uploads/2025/08/dead-zoo-800x600.jpg
The Nest Creche and Montessori Schools,https://dublincitymum.ie/listing/the-nest-creche-and-montessori-schools/,https://nestcare.ie/,+353867766608,"Creche & Montessori | 4 locations: Kinsealy, Ardee Street, Santry and Charlestown. Choose | your local school here",Various locations,,,Crèches,,,,https://dublincitymum.ie/wp-content/uploads/2025/08/The-nest.png
The New School,https://dublincitymum.ie/listing/the-new-school/,https://www.newschool.ie/contact-us/,+353868695415,"The New School is a comprehensive music centre, combining expert tuition in the broadest range of instruments and subjects, with innovative approaches to music education. In addition, our external activities include: | An Outreach Programme, providing workshops and longer-term courses for young people and those with special needs. | A Music at Work Programme, providing convenient and affordable music courses in Dublin-area workplaces. | The Waltons World Masters Series, which has brought to Ireland some of the world’s most extraordinary musicians and performing groups. | The Waltons Music for Schools Competition, a national competition and celebration of music in Irish schools.",,,,Music,,,,https://dublincitymum.ie/wp-content/uploads/2025/06/Screenshot-151.png
The Paddocks Riding Centre,https://dublincitymum.ie/listing/the-paddocks-riding-centre/,https://www.paddocks.ie/horse_riding_lessons_and_pony_camp,+353872237981,"The Paddocks Riding Centre, located high in the Dublin Mountains, is a family run horse riding centre with stables and facilities to house a large number of horses. Get out of the city and enjoy some riding lessons, or a one/two hour trek through the Dublin mountains enjoying the amazing views and beautiful scenery. They also host birthday parties.","Woodside Road, Sandyford, Co. Dublin",,,Horse Riding,,,,https://dublincitymum.ie/wp-content/uploads/2025/07/Screenshot-164-417x600.png
The Phoenix Park Visitor Centre,https://dublincitymum.ie/listing/the-phoenix-park-visitor-centre/,https://www.phoenixpark.ie/home/phoenix-park-visitor-centre-1/,,"FREE ADMISSION | Step into a little slice of Dublin’s grandest green space at | Phoenix Park Visitor Centre, | nestled beside the delightfully rediscovered | Ashtown Castle | , | a medieval tower emerging from behind Georgian walls. It’s a treasure trove where history unfolds from 3500 B.C. to now, in exhibits that wink at young imaginations (and go easy on grown‑up attention spans). | There is the gorgeous | Phoenix Park Cafe | which serves fantastic food and is one of my family favourites in Dublin. Across the court yard and you can visit the Victorian walled kitchen gardens, and best of all is a brilliant kiddies playground, located beside the visitor center.","Phoenix Park Playground, Saint James, Dublin, Ireland",53.35117,-6.297828,Outdoor,,,,https://dublincitymum.ie/wp-content/uploads/2025/08/Phoenix-Park-Visitor-800x600.jpg
The Physio Girl,https://dublincitymum.ie/listing/the-physio-girl/,https://thephysiogirl.ie/,+353863576823,"Eimear Lynch offers specialized physiotherapy services focused on women’s health, including postnatal recovery and rehabilitation. If you’re navigating motherhood—from pregnancy aches to postnatal recovery— | The Physio Girl | , run by physiotherapist Eimear, offers a compassionate and empowering space to heal. She provides Women’s Health Physio, including Mummy MOTs (postnatal body checks) and musculoskeletal support, alongside Mum & Baby Pilates classes that really get how it is to juggle bubs and self-care. Classes are relaxed, include gentle Pilates, light cardio, strength work, and finish with some much-needed relaxation time—with room for feeding, soothing, or cuddles. It’s all about helping women feel physically stronger, emotionally supported, and ready to take on the beautiful chaos of motherhood.",Clare & Limerick,,,Pre + Postnatal Exercise,,,,https://dublincitymum.ie/wp-content/uploads/2025/09/Screenshot-2025-09-13-at-12.23.49-800x600.png
The Rink,https://dublincitymum.ie/listing/the-rink/,https://www.therink.ie/,,"The Rink | in Dublin is a fantastic spot for a birthday party bursting with energy and fun. Ideal for children aged 6 and up, their parties feature either 90 minutes (mid-week) or 120 minutes (weekend) of roller-skating excitement, with food, drinks, cake, and all the gear included. | Each party package includes roller-skate hire and wrist guards, a reserved party booth, cake presentation on the stage, a large slice of pizza or hot dog for each guest, and a drink or slushie. It’s a lively, music-filled celebration where kids can glide, spin, and laugh their way around the 4,500-square-foot roller-disco floor. | With friendly staff on hand to help beginners and keep things running smoothly, | The Rink | makes for a fun, energetic, and unforgettable birthday experience — the kind that gets everyone moving (and smiling!).","Finches Business Park Road, Walkinstown, Dublin, Ireland",53.324501,-6.339707,Party Venues,,,,https://dublincitymum.ie/wp-content/uploads/2025/10/Screenshot_19-10-2025_101054_www.therink.ie_-689x600.jpeg
The Ruby Faye Candle Co.,https://dublincitymum.ie/listing/the-ruby-faye-candle-co/,https://www.etsy.com/shop/therubyfayecandleco/?etsrc=sdt,,"The Ruby Faye Candle Co. | hand-pours elegant, Irish-made soy-wax candles and wax melts that merge craftsmanship with chic simplicity. Based in Ireland, each piece goes beyond fragrance — it’s about texture, style and ambience. Think matte black jars, wooden wicks, rich scent combinations like cranberry & orange or thyme, olive & bergamot, and a focus on quality from the first light to the last. | Etsy | Designed for those who appreciate subtle luxury in their home, The Ruby Faye brand brings warmth, design-sensitive scenting and timeless style together — the perfect finishing touch for a beautifully curated living space.",,,,Gifts,,,,https://dublincitymum.ie/wp-content/uploads/2025/10/il_1588xN.6904277187_jenz-800x600.jpg
The Sandymount Hotel,https://dublincitymum.ie/listing/the-sandymount-hotel/,https://www.sandymounthotel.ie/,+35316142000,"Location: | Beside Aviva Stadium, near Dublin Bay | Family Perks: | The Sandymount Hotel is a family favourite, offering connecting rooms and an enclosed garden where kids can play. It’s a short walk to Sandymount Beach and a quick DART ride to the city centre. Families will appreciate the tranquil surroundings, proximity to outdoor activities, and the welcoming staff.","Herbert Road, Dublin, D04 H3N3, Ireland",53.33393,-6.224685,Mid Range Family Hotels Dublin,,,,https://dublincitymum.ie/wp-content/uploads/2025/08/Screenshot-2025-08-11-at-07.40.39-800x600.png
The School of Music,https://dublincitymum.ie/listing/the-school-of-music/,https://churchtownschoolofmusic.ie/contact,,"Churchtown School of Music has a wide range of classes, suitable for all ages and levels, from beginner to advanced and everything in between! Located in Dundrum, CSM offers to all who attend, regardless of artistic and intellectual ability, the opportunity to pursue their own personal development.",,,,Music,,,,https://dublincitymum.ie/wp-content/uploads/2025/06/Screenshot-147.png
The Shelbourne Hotel,https://dublincitymum.ie/listing/the-shelbourne-hotel-2/,https://theshelbourne.com/,+35316634500,"Location: | St. Stephen’s Green, Dublin 2 – Overlooking the iconic St. Stephen’s Green Park, it’s steps from Grafton Street and Dublin’s National Museums. | Family Perks: | The Shelbourne is perfect for families, offering family suites, connecting rooms, and dedicated kids’ amenities such as children’s robes and slippers. The hotel’s central location offers easy access to parks, museums, and attractions like Dublin Castle and the Little Museum of Dublin. The luxurious environment makes it a special choice for families seeking comfort and elegance.","27 St. Stephen's Green, Dublin, D02 K224, Ireland",53.33905,-6.256068,High End Family Friendly Hotels Dublin,,,,https://dublincitymum.ie/wp-content/uploads/2025/08/Screenshot-2025-08-10-at-12.40.27-800x424.png
The Sing Factory,https://dublincitymum.ie/listing/the-sing-factory/,https://singfactory.ie/party-hire/,+35316520884,"Looking to throw a birthday party that’s as unforgettable as a chart-topping hit? Sing Factory, located at 32 Merrion Street Upper, Dublin 2, offers a unique recording studio experience where kids can step into the spotlight and record their favourite songs. Under the guidance of professional sound engineers, children can sing solo or in groups, with the option to watch from a control room or via a big screen. | Each guest receives a VIP party bag filled with treats, and after the session, you’ll receive a polished mp3 recording and optional video to cherish the memories. For those seeking an even more personalized touch, Sing Factory also offers a mobile recording studio, bringing the pop star experience directly to your doorstep.","32 Merrion Street Upper, Dublin 2, Ireland",53.339384,-6.252032,Party Venues,,,,https://dublincitymum.ie/wp-content/uploads/2025/08/Screenshot-210.png
The Ski Club of Ireland,https://dublincitymum.ie/listing/the-ski-club-of-ireland/,https://www.skiclub.ie/skiing/our-classes/parties,+35312955658,"The Ski Club of Ireland in Kilternan offers a thrilling and unique birthday party experience for children and teenagers. Guests can enjoy skiing or tubing on the country’s only artificial slopes, with activities tailored to all skill levels. After the excitement on the slopes, the celebration continues in a private après-ski lodge, where families can bring their own snacks, birthday cake, and drinks to enjoy together. | With group rates available and parties held during the ski season from mid-September to the end of March, it’s a fantastic way to celebrate a special day. For more information and to discuss different options, you can contact the Ski Club of Ireland directly","Killegar, County Wicklow, Ireland",53.211058,-6.192153,Party Venues,,,,https://dublincitymum.ie/wp-content/uploads/2025/08/Screenshot-218.png
The Sleep Consultant,https://dublincitymum.ie/listing/the-sleep-consultant/,https://www.thesleepconsultant.ie/,,"Ursula Quinn is a qualified nurse and certified child sleep consultant. She has supported over 1,500 families, both in Ireland and internationally. Ursula provides gentle, evidence-based solutions that are empathetic and family-centred, helping parents establish healthy routines without pressure. Her approach emphasises collaboration, flexibility, and responsiveness to each child’s unique temperament.","Dublin, Ireland",53.349805,-6.26031,Sleep Consultants,,,,https://dublincitymum.ie/wp-content/uploads/2025/08/Screenshot-2025-08-26-at-17.15.04-800x600.png
The Sweater Shop,https://dublincitymum.ie/listing/the-sweater-shop/,https://www.sweatershop.com/,,"The Sweater Shop | is a true Dublin original, celebrating Irish craftsmanship and timeless style. Family-run and proudly local, the brand has become a go-to for authentic Aran sweaters, soft merino wool knits, and luxurious cashmere blends — all designed to bring warmth and tradition into everyday family life. | Their range covers the whole crew! From chunky cable-knit cardigans for kids to elegant Aran jumpers for adults making it easy to keep everyone cosy and coordinated. Each piece carries that unmistakable touch of Irish heritage while being practical enough for the school run, a blustery walk on Dollymount, or a relaxed Sunday at home. | What makes The Sweater Shop so special is its commitment to quality and community. Every garment celebrates the enduring artistry of Irish knitting, combining comfort, durability, and timeless design. It’s local craftsmanship at its finest, a brand that feels just as good to support as it does to wear.",,,,kids Apparel,,,,https://dublincitymum.ie/wp-content/uploads/2025/11/Screenshot_2-11-2025_84046_www.sweatershop.com_-459x600.jpeg
The Townhouse Café,https://dublincitymum.ie/listing/the-townhouse-cafe/,https://www.powerscourtcentre.ie/eat/pygmalion-cafe/,+35316794144,"The Townhouse Café | (Powerscourt Townhouse Centre) | There’s always a great buzz at The Townhouse Safe in the gorgeous Powerscourt Townhouse — a super family-friendly spot right in the heart of the city. They offer a great kids’ menu that includes soup, sandwiches, pancakes, and juice. | Kids Menu: | Yes. | High Chairs: | Yes. | Baby Changing: | Yes – take the lift to the top floor toilets. | Why It’s Great: | When parents want good food and space for buggies in the middle of it all. | Nearby Family Activity: | Combine this with a visit to Trinity College for a quick walk through its beautiful grounds. The highlight here is the | Book of Kells exhibit, | a vividly illustrated medieval manuscript that tells Ireland’s ancient story. Older kids will enjoy the history, while younger ones will be fascinated by the Long Room Library’s towering bookshelves. Make sure to | book tickets in advance! | Even if you don’t visit the Book of Kells, a walk through Trinity is worth the trip alone!","59 S William St, Dublin 2, Ireland",53.342442,-6.26213,Eat,,,,https://dublincitymum.ie/wp-content/uploads/2025/05/Screenshot-2025-08-13-at-16.51.32-800x600.png
"The Vanilla Pod, Carrickmines",https://dublincitymum.ie/listing/the-vanilla-pod-carrickmines/,https://www.thevanillapodeatery.ie/,+35312945111,"Breakfast, lunch and brunch specialists! Located in the bustling shopping district, The Park Carrickmines, The Vanilla Pod is perfect for busy parents looking to take a break from shopping while treating themselves to great food for all the family, good coffee and maybe something sweet. The staff are polite and more than accommodating when it comes to young families. It does get busy, so thankfully takeaway lunches are available. | Closes at 4.30 daily. | Kids Menu: | Yes | Highchairs: | Yes | Baby Changing facilities: | Yes | Booking: | By phone only | 01 294 5111 | Why it’s great: | loads of parking, wheelchair and buggy friendly, and the cake selection is just amazing.","The Iveagh Mall, The Park Carrickmines, Dublin 18",,,Eat,,,,https://dublincitymum.ie/wp-content/uploads/2025/09/VP-800x600.png
The Westbury Hotel,https://dublincitymum.ie/listing/the-westbury-hotel-2/,https://www.doylecollection.com/hotels/the-westbury-hotel,+35316463300,"Location: | Grafton Street, Dublin 2 – Steps from Grafton Street shopping, St. Stephen’s Green, and close to Dublin Castle. | ​ | Family Perks: | Luxury suites, interconnecting rooms, children’s menus, and babysitting services. The central location makes it easy to explore attractions on foot, with shopping and dining options nearby.","Balfe Street, Dublin, D02 AP63, Ireland",53.340998,-6.261584,High End Family Friendly Hotels Dublin,,,,https://dublincitymum.ie/wp-content/uploads/2025/08/Screenshot-2025-08-10-at-12.34.56-550x600.png
The Woollen Mills,https://dublincitymum.ie/listing/the-woollen-mills/,https://www.thewoollenmills.com/,+35318280835,"The Woollen Mills | (Lower Ormond Quay) | A joyous, historic space with stylish flair and hearty food. Families love this spot for its generous portions (including a dedicated kids’ menu), high chairs, and urban charm. Mid-range pricing and a buzzy city vibe make it a favourite. | Kids Menu: | Yes | High Chairs: | Yes | Baby Changing: | Yes | Why It’s Great: | Historic charm and bustling energy deliver a big-city dining treat—even for tiny diners. | Nearby Family Activity: | Explore Irish history at the amazing | Collins Barracks | with | free admission | , which has a collection of exhibits showcasing everything from military history to decorative arts. The museum offers a variety of hands-on displays that make history fun and accessible for kids. They also run tons of brilliant family events throughout the year, check out their upcoming events to see | what’s on.","42 Ormond Quay Lower, Liffey Street Lower, North City, Dublin 1, Ireland",53.346665,-6.263487,Eat,,https://www.thewoollenmills.com/,,https://dublincitymum.ie/wp-content/uploads/2025/05/wollen-mills-800x600.jpg
The World of Illusion,https://dublincitymum.ie/listing/the-world-of-illusion/,https://worldofillusion.ie/,,"The World of Illusion | in Temple Bar is a captivating indoor adventure that brings science, art, and fun together for families. Spread across three floors, it features over 70 interactive exhibits designed to challenge your senses and spark curiosity. Highlights include the gravity-defying room, infinity mirrors, and the dizzying vortex tunnel. | Children and adults alike can engage with hands-on installations, creating unforgettable photo opportunities. Whether you’re floating in mid-air, walking through walls of light, or transforming reflections in real time, every corner offers a new surprise. Perfect for rainy days or a family outing, it’s a place where imagination takes center stage","Temple Bar, Dublin, D02 T0X4, Ireland",53.344433,-6.262454,Indoor,,,,https://dublincitymum.ie/wp-content/uploads/2025/08/world-of-ill-800x600.jpg
The Yoga Lounge,https://dublincitymum.ie/listing/the-yoga-lounge/,https://www.theyogalounge.ie/,,"Established in 2013 by Suzanne Quinn, The Yoga Lounge, nestled in Raheny Village, offers a serene space for expectant mums to nurture their bodies and minds. Their Pregnancy Yoga classes, led by experienced instructors, are designed to support you through each stage of pregnancy. These classes focus on gentle movements, breathing techniques, and relaxation to help alleviate common pregnancy discomforts and prepare for childbirth. The studio’s tranquil environment, complete with infrared radiant heating, ensures a comfortable and safe setting for your practice. Whether you’re new to yoga or an experienced practitioner, these classes are tailored to meet the needs of all participants.","Lower Ground Level, Flynn + Associates Building, Raheny Village, North Dublin",,,Pre + Postnatal Exercise,,,,https://dublincitymum.ie/wp-content/uploads/2025/08/yoga-lounge.png
The elbowroom,https://dublincitymum.ie/listing/the-elbowroom/,https://www.the-elbowroom.com/pregnancy/,,"The Elbowroom in Stoneybatter offers a nurturing environment for expectant mums with their Pregnancy Yoga and Pregnancy Pilates classes. These classes focus on breathing techniques, relaxation, and posture work to prepare the body and mind for childbirth. Topics covered include pelvic floor exercises, birth preparation, and natural remedies during pregnancy. | Classes are suitable from the second trimester onwards and are held on Sunday mornings and Monday evenings. Each class is designed to empower women and promote a positive birthing experience.","Manor Picture House 60/61 Manor Street Stoneybatter, Dublin, D07 CY53, Ireland",,,Pre + Postnatal Exercise,,,,https://dublincitymum.ie/wp-content/uploads/2025/08/elbow-2-800x600.jpg
Three Rock Rovers,https://dublincitymum.ie/listing/three-rock-rovers/,https://threerockrovershc.com/,+353876575297,"Three Rock Rovers (TRRHC) runs one of Ireland’s most active youth hockey programmes, with over 350 boys and girls aged 5 to 16 training every weekend from August to March. With more than 16 hours of hockey each weekend, the club offers expert coaching in a fun, welcoming, and inclusive environment. | ​ | The youth section includes dedicated goalkeeping sessions with high-quality coaching and equipment. | ​ | With top-class facilities at Grange Road and a long-standing hockey tradition, Three Rock Rovers is a great place for young players to learn, grow, and enjoy the sport.","Grange Road, Rathfarnham, Dublin 16, D16 PT82",,,Hockey,,,,https://dublincitymum.ie/wp-content/uploads/2025/08/Screenshot-241-800x600.png
Tirabasso Catering,https://dublincitymum.ie/listing/tirabasso-catering/,https://tirabasso.ie/,+353833684070,"Adriano Tirabasso wants to feed you from his exceptional menu. He offers, high-end finger food with vegan and halal options too.",Various locations,,,Cakes + Caterers,,,,https://dublincitymum.ie/wp-content/uploads/2025/08/tirabaso-800x600.png
Toddler Sense,https://dublincitymum.ie/listing/toddler-sense/,https://www.toddlersense.ie/index,,"Toddler Sense is a world of sensory stimulation, play, fun adventures and learning for your toddler. Toddler sense is the follow on programme from the award winning Baby Sensory. Classes range from 13 months to 4.5 years. Come and help Jennifer and Todd on their mission to learn all about Planet Earth through Adventure Play, Songs, Music, Puppet Shows, Light Shows, Bubble Shows and much more! This is a magical journey of imagination and learning about the world around us. Each week is a different theme, from Space to Under the Sea, to an Ugly Bug Ball and a trek in the Jungle, so there is plenty to see and do! Toddler Sense explores it all! | ​ | All activities in the class are designed to work on a range of skills and developmental milestones. Hand eye coordination, gross motor, fine motor, visual stimulation, emotional regulation, exploring the world around us, social and emotional development to name a few! | With 3 locations in North County Dublin, find | your nearest class here.",Various locations,,,Baby + Toddler Classes,,,,https://dublincitymum.ie/wp-content/uploads/2025/08/toddler-2.png
Tony Kealys,https://dublincitymum.ie/listing/tony-kealys/,https://tonykealys.com/,,"Tony Kealys | has been Ireland’s go-to baby & nursery specialist for over 50 years, offering everything from prams, car seats, nursery furniture and feeding gear to all the essentials and accessories families really need. With safety at the heart of what they do, you’ll find expert advice in-store, flexible payment plans, free delivery over €50, and an enormous selection of trusted brands.",Various locations,,,Nursey Interiors + Baby Essentials,,,,https://dublincitymum.ie/wp-content/uploads/2025/08/tony.jpg
Trinity College & The Book of Kells,https://dublincitymum.ie/listing/trinity-college-the-book-of-kells/,https://www.visittrinity.ie/book-of-kells-experience/,,"A visit to | Trinity College | is one of Dublin’s most famous experiences, especially to see the world-famous Book of Kells and the breathtaking Long Room library. | The | Book of Kells Experience | is a brilliant way to blend history, storytelling, and visual art into one unforgettable outing. This self-guided tour (with a free audio guide in multiple languages) takes you through two buildings: the atmospheric Old Library—home to the iconic Long Room and the “Gaia” installation—and the dynamic Red Pavilion, where immersive digital exhibitions like Book of Kells 360 and The Long Room Reimagined bring medieval craftsmanship to life. The intricately illustrated manuscript is over 1,000 years old and while it might appeal more to older children, the sheer wow-factor of the Long Room — with its towering wooden shelves and Harry Potter vibes — will captivate almost everyone. Families can also enjoy a wander around the cobblestoned campus, soaking up the buzz of student life in the middle of the city.","College Green, Temple Bar, Dublin 2, Ireland",53.344407,-6.261094,Indoor,,,,https://dublincitymum.ie/wp-content/uploads/2025/09/Screenshot-2025-09-12-at-13.21.27-800x600.png
Trinity Sport,https://dublincitymum.ie/listing/trinity-sport/,https://www.tcd.ie/sport/contact/,+35318961812,"Trinity Sport offers engaging and supportive swimming lessons for toddlers in the heart of Dublin City. Held at the state-of-the-art Trinity College Sports Centre, these lessons are designed to help young children build confidence, coordination, and water safety skills in a fun, friendly environment. With experienced instructors and small class sizes, each session focuses on gentle progression through play-based activities, making it the perfect introduction to swimming. Whether your child is just starting out or ready to take their next splash, Trinity Sport provides a safe and welcoming space for toddlers to grow and thrive in the water.","Sports Centre, Trinity College, Dublin 2",,,Swimming,,,,https://dublincitymum.ie/wp-content/uploads/2025/06/Screenshot-106.png
Trinity Sports,https://dublincitymum.ie/listing/trinity-sports/,https://www.tcd.ie/sport/contact/,,"Looking for a birthday bash that’s packed with energy and excitement? Trinity College Dublin’s Sports Centre offers a variety of action-packed party packages designed to keep kids aged 4 and up moving, laughing, and making memories. Choose from multi-sport sessions featuring dodgeball, basketball, and soccer; test their climbing skills on the state-of-the-art wall; or let them bounce to their heart’s content with trampolining sessions. | Each party includes a dedicated host, qualified instructors, all necessary equipment, and a party room for cake and presents. With three time slots available on weekends and a flexible approach to catering, Trinity Sport makes it easy to throw a birthday party that’s as fun as it is fuss-free.","Trinity College Dublin, Dublin, Ireland",53.343552,-6.25595,Party Venues,,,,https://dublincitymum.ie/wp-content/uploads/2025/05/trinity-sports.jpg
Trojan Gymnastic Academy,https://dublincitymum.ie/listing/tumble-tots/,https://trojanacademy.ie/tumble-tots-gymnastics-classes/,,"At Trojan Gymnastics Academy offer 3 fun opportunities to play and learn. | Bambinos Play Session – | Closed July & August . | Reopening | Tuesday 9th September 2025 | The Bambinos program is a great way to let loose, have fun, and connect with your child. Bambinos Play Session is an open play session in which your little one can roam freely, explore the gym by running, climbing, jumping, balancing and more, and socialise with other children. In these sessions, | children must be supervised at all times by a parent | as an instructor will not be present. | Tiny Tumblers gymnastics classes | Tiny Tumblers gymnastics classes for | two-year-olds | . Lasting 30 minutes and suitable for both boys and girls. These sessions help develop your child’s resilience and self-confidence and their experienced staff bring a friendly, fun and caring element. The structured lessons allow your child to make use of preschool gymnastics equipment, teaching aids, and a range of miniature obstacle courses, which is perfect if they have a lot of energy to burn off! | Tumble Tots gymnastics classes | These are ideal for | children between the ages of 2 1/2 to 4 and a half. | With small group size class lasting 45 minutes, these classes are suitable for little girls and little boys. | Tumble Tots classes help develop your child’s balance and strength, and they increase flexibility and improve coordination, which are key skills for supporting your child’s growth. | The obstacle courses, gymnastic rolls and balancing work will teach your child how to work independently as well as in a group. This is a great way to reduce separation anxiety and to encourage your child’s emotional development.","Unit 2, Ballyogan Business Park,Ballyogan Road, Dublin 18, D18NC83",,,Baby + Toddler Classes,,,,https://dublincitymum.ie/wp-content/uploads/2025/08/trojan-800x600.png
Trojan Gymnastics Club,https://dublincitymum.ie/listing/trojan-gymnastics-club/,https://trojangymnasticclub.com/,,"Trojan Gymnastics Club offers fun, skill-building classes for kids aged 3 to 12, focusing on strength, coordination, and flexibility. Classes are grouped by age, from Tumble Tots (3 years) to Twisters (8/9-12 years), with progression to advanced levels as skills develop. | Kids will learn fundamental moves like handstands, cartwheels, vault jumps, and beam balance, progressing to more advanced techniques like aerials and handsprings. | They also offer Parent & Toddler sessions and Teen Gymnastics classes.","Unit 7/8 Holly Ave, Stillorgan Industrial Estate, Dublin A94 W283",,,Gymnastics,,,,https://dublincitymum.ie/wp-content/uploads/2025/07/Screenshot-174-800x600.png
Tusla,https://dublincitymum.ie/listing/tusla/,https://www.tusla.ie/health-wellbeing-and-eap/breastfeeding-information-point/,,"Tusla’s Breastfeeding Information Point is a brilliant go-to resource for parents at any stage of their breastfeeding journey. The site offers trusted, evidence-based information on everything from getting started with breastfeeding to managing common challenges. You’ll also find links to local and national support services, tips on feeding in public, returning to work, and guidance for partners and families. It’s a really helpful hub for practical advice and emotional support – all in one easy-to-navigate place.","Heuston South Quarter, St John's Rd W, 2-5, Kilmainham, Dublin",,,Breastfeeding,,,,https://dublincitymum.ie/wp-content/uploads/2025/08/ksenia-makagonova-PZS7vjFMdM-unsplash-800x600.jpg
UCD Cinema,https://dublincitymum.ie/listing/ucd-cinema/,https://www.ucdcinema.ie/events/,+35317163810,"Looking for a birthday celebration that’s cinematic in every sense? UCD Cinema offers a private, big-screen experience where kids can enjoy their favourite films in a state-of-the-art 86-seat auditorium. Choose from streaming services like Netflix, Disney+, or Amazon Prime in stunning 4K, or bring your own DVD or Blu-Ray. After the movie, a dedicated party area is available for food and cake, making it a seamless and memorable event. With flexible movie options, friendly staff, and a comfortable setting, UCD Cinema provides a unique venue for an unforgettable birthday party.","University College Dublin, Stillorgan Road, Belfield, Dublin 4, Ireland",53.302978,-6.216965,Party Venues,,,,https://dublincitymum.ie/wp-content/uploads/2025/08/Screenshot-211-800x600.png
UCD Creche,https://dublincitymum.ie/listing/ucd-creche/,https://www.ucd.ie/creche/,+35312695143,Creche & Montessori | Oakmount Creche | is situated near the Clonskeagh entrance of the UCD campus. | From 4 months to 8 years old.,"University College Dublin, Stillorgan Rd, Belfield, Dublin 4",,,Crèches,,,,https://dublincitymum.ie/wp-content/uploads/2025/08/Ucd-cr-800x600.jpg
Viking Splash Tours,https://dublincitymum.ie/listing/viking-splash-tours/,https://vikingsplashdublin.ie/,,"Hop aboard | the Viking Splash Tour | for a sightseeing adventure like no other – part city tour, part splashy thrill ride! Families will love climbing into a WW2 amphibious DUKW to roar through Dublin’s streets, spotting famous landmarks like Trinity College, Christchurch Cathedral and St. Patrick’s Cathedral, all while being entertained by lively guides full of fun facts and silly stories. The best bit? A dramatic splash into the Grand Canal Basin, proving your Viking crew can conquer both land | and | water. It’s a quirky, laughter-filled way to see the city. | For kids aged 2+ | and they’re very strict about the age policy.","2 St Stephen's Green, Dublin 2, Ireland",53.340051,-6.260494,Outdoor,,,,https://dublincitymum.ie/wp-content/uploads/2025/08/Viking-S-800x600.jpeg
VivaBody Health Studio,https://dublincitymum.ie/listing/vivabody-health-studio/,https://vivabody.ie/about-us/,+353851359630,"VivaBody Health Studio in Dublin offers specialized perinatal mental health support for parents navigating the challenges of pregnancy, childbirth, and early parenthood. Their services include postpartum mental health care, parenting guidance, and bonding support, all tailored to individual needs. With a team of experienced professionals, VivaBody provides a compassionate and holistic approach to perinatal mental health, ensuring that parents receive the care and support they deserve during this transformative period.","30 Fitzwilliam Street Upper, Dublin, D02 X205, Ireland",53.335906,-6.249663,Wellbeing,,,,https://dublincitymum.ie/wp-content/uploads/2025/08/Screenshot-286.png
Voya,https://dublincitymum.ie/listing/voya/,https://www.voya.ie/,,"Born in Strandhill, Co. Sligo, | Voya | is Ireland’s certified-organic seaweed skincare pioneer, inspired by their family’s traditional seaweed baths in Strandhill and driven to bring the restorative magic of the Atlantic into homes worldwide. As the | world’s first certified organic seaweed-based skincare brand | , VOYA blends Ireland’s wild, hand-harvested seaweed (carefully harvested to protect the reefs) with scientific rigour, offering a luxurious yet conscientious beauty experience. Their products—from the iconic | Lazy Days | detoxifying seaweed bath to targeted facial and body formulas—harness the antioxidant, collagen-boosting, and skin-barrier–enhancing power of seaweeds like Fucus Serratus, Laminaria Digitata, and Sea Spaghetti. With certifications like COSMOS ensuring authenticity, plus recyclable, biodegradable, and recycled packaging, VOYA stands at the intersection of spa-level indulgence and eco-awakened beauty for mums who want clean, effective skincare inspired by heritage and powered by nature.",Online,,,Skincare,,,,https://dublincitymum.ie/wp-content/uploads/2025/09/Screenshot-2025-09-13-at-13.50.43-800x600.png
WTA Dance Studio,https://dublincitymum.ie/listing/wta-dance-studio/,https://wtadancestudios.com/get-in-touch/,+353879731425,"WTA offer classes in Lyrical, Contemporary, Irish Dance, Acro/Gymnastics, Ballet, Vocal Training, Stage School ~ Musical Theatre, Drama, Dance for kids and they also provide an all boys class. It’s their goal to encourage and motivate pupils into being the best dancers they can possibly be.",,,,Dance,,,,https://dublincitymum.ie/wp-content/uploads/2025/06/Screenshot-139-800x463.png
Water Babies,https://dublincitymum.ie/listing/water-babies/,https://www.waterbabies.ie/about-us/contact-us?_gl=1*j751jd*_up*MQ..*_ga*OTkxODE1MTA5LjE3NDg4NzIzMTE.*_ga_K3S38JCCJL*czE3NDg4NzIzMTEkbzEkZzEkdDE3NDg4NzIzMTYkajU1JGwwJGgw,,"Water Babies Ireland offers Ireland’s leading baby and toddler swimming classes, designed to nurture water confidence, safety, and joy from the earliest age. With specially trained instructors and warm, child-friendly pools across Dublin and beyond, Water Babies helps little ones from newborns to preschoolers develop essential life skills while bonding closely with their parents. The gentle, structured lessons are filled with fun, singing, and sensory experiences, making every session a special adventure. Whether you’re looking to start your baby’s swimming journey or continue building their confidence in the water, Water Babies provides a supportive and magical environment for your family.",Multiple Locations,,,Swimming,,,,https://dublincitymum.ie/wp-content/uploads/2025/06/Screenshot-105.png
We Are Goose,https://dublincitymum.ie/listing/we-are-goose/,https://wearegoose.ie/,,"We Are Goose | is an Irish children’s brand specialising in stylish, high-quality outerwear, boots and apparel for babies, toddlers and young children. With its thoughtful materials and clever designs, every piece is made to handle Ireland’s unpredictable weather while looking effortlessly cool. Think waterproofs, wellies and raincoats that are practical, durable and full of personality — made for puddle-jumpers and outdoor adventurers alike.",,,,kids Apparel,,,,https://dublincitymum.ie/wp-content/uploads/2025/11/Screenshot_1-11-2025_1196_wearegoose.ie_-800x600.jpeg
We Are Marlowe,https://dublincitymum.ie/listing/we-are-marlowe-2/,https://www.wearemarlowe.com/,,"We Are Marlowe | is one of our favourite neighbourhood coffee shops in Dublin 8. It’s the kind of place where you pop in for a coffee, end up having great chats with the friendliest staff, tuck into the most delicious treats, and inevitably leave with a bag full of gorgeous handmade gifts and goodies! | Alongside coffee, the best cheese toasties, salads and cakes, you’ll find shelves brimming with Irish-made books, food, and gifts, making it the perfect place to pick up something thoughtful (for a loved one, or yourself!). Think beautifully curated hampers, niche books, original merch & apparel, all wrapped up in a warm and super stylish vibe. Best of all, dogs are just as welcome as humans, so the whole family can enjoy it! And on Fridays they keep the doors open late for wine, cheese, and whatever’s left over in the fridge. A gem of a place that we love.","9 Sandford Gardens, The Tenters, Dublin, D08 V2C8, Ireland",53.334318,-6.281172,Eat,,,,https://dublincitymum.ie/wp-content/uploads/2025/09/Screenshot-2025-09-22-at-09.05.33-800x600.png
We Are Marlowe,https://dublincitymum.ie/listing/we-are-marlowe/,https://www.wearemarlowe.com/,,"We Are Marlowe | is one of our favourite neighbourhood coffee / gift / wine / everything shop in Dublin 8! It’s the kind of place where you come for a flat white, stay for great chats and the most delicious treats, and inevitably leave with a bag full of gorgeous handmade gifts and goodies. | Alongside coffee, the most delicious toasties, salads and cakes, you’ll find shelves brimming with Irish-made books, food, and gifts, making it the perfect place to pick up something thoughtful (for a loved one, or yourself!). Think beautifully curated hampers, niche books, original merch & apparel, all wrapped up in a warm and super stylish vibe. Best of all, dogs are just as welcome as humans, so the whole family can enjoy it! And on Fridays they keep the doors open late for wine, cheese, and whatever’s left over in the fridge. A gem of a place that we love.","9 Sandford Gardens, The Tenters, Dublin, D08 V2C8, Ireland",53.334318,-6.281172,Brands We Love; Gifts,,,,https://dublincitymum.ie/wp-content/uploads/2025/09/Screenshot-2025-09-21-at-11.30.46-800x600.png
Weaning.ie,https://dublincitymum.ie/listing/weaning-ie/,https://www.weaning.ie/,,"Guidance you can trust, all delivered by INDI- and CORU-registered paediatric dieticians. Features masterclasses, webinars, and one-to-one consultations that are as evidence-based as they are parent-friendly.","Dublin, Ireland",53.349805,-6.26031,Weaning + Family Meals,,,,https://dublincitymum.ie/wp-content/uploads/2025/08/Screenshot-2025-08-26-at-17.32.33-700x600.png
West Wood Club: Parties at Fitzone!,https://dublincitymum.ie/listing/westwood-parties-at-fitzone/,https://westwood.ie/kids/childrens-birthday-parties,,"Fitzone at West Wood Club aim to make kids’ birthdays bigger, better, and easier. From thrilling adventure zones to go-kart racing and dance parties, the team create fun-filled birthday party events. | Caters for children aged 4–12 | Full supervision by professional party hosts | Hot food, goody bags, and party games included | Free parking | at all Fitzone Dublin locations | Open 7 days a week, even bank holidays! | Choose Your Party | Adventure Zone Party – 4 years to 12 years | GoKart Party – 6 years to 12 years | Play and Dance Party – 5 years to 12 years | Adventure Zone & Climbing Wall Party – 5 years to 12 years | VIP Ultimate Party: Use of the play zone, go-kart track, and disco room – 6 years to 12 years | 3 locations: Leopardstown, Clontarf, Westmanstown – book your | local venue here.","Clontarf Road, Dublin, Ireland",53.360273,-6.20309,Party Venues,,,,https://dublincitymum.ie/wp-content/uploads/2025/08/Westwood-party-800x583.png
Westwood Club,https://dublincitymum.ie/listing/westwood-club/,https://westwood.ie/contact,,"West Wood Club offers expert-led children’s swimming lessons across three premier Dublin locations: Clontarf Road, Leopardstown, and Westmanstown. | With over 25 years of experience, their structured programme caters to all ages and abilities, guiding children through nine progressive levels—from first splashes to mastering strokes like butterfly and breaststroke | . | Classes are divided by ability rather than age, ensuring each child receives personalized instruction in small groups led by qualified and experienced teachers. | Free assessments help place your child at the right level, and all lessons adhere to Swim Ireland guidelines | . | With a focus on fun and safety, West Wood Club provides a supportive environment where children can build confidence and enjoy their swimming journey.",Multiple Locations,,,Swimming,,,,https://dublincitymum.ie/wp-content/uploads/2025/06/Screenshot-111.png
Westwood Kids Zone,https://dublincitymum.ie/listing/westwood-kids-zone/,https://westwood.ie/kids,,"West Wood Club offers a variety of fitness and activity programs for kids of all ages. From swimming lessons to sports camps and childcare, the club provides a range of options to keep children active and engaged. | ​ | Programs include FitZone for Kids, part-time and full-time childcare through the Early Education Centres, and seasonal sport camps during Easter, summer, and mid-term breaks. They also host birthday parties and offer junior memberships with discounts for children of current members","Clontarf Road Dublin 3, Leopardstown Dublin 18, and Westmanstown Dublin 15.",,,Exercise,,,,https://dublincitymum.ie/wp-content/uploads/2025/08/Screenshot-219-800x357.png
Wilde & Green,https://dublincitymum.ie/listing/wilde-green/,http://wildeandgreen.com/,+35312683333,"Wilde & Green | (Milltown) | Fresh, modern café with beautifully balanced fare and a calming atmosphere. Kids are warmly welcomed with high chairs, and the menu feels thoughtful and quietly elevated. Mid-range and mellow. | Kids Menu: | Yes | High Chairs: | Yes | Baby Changing: | Yes | Why It’s Great: | Calm interiors, great salads and brunch, ideal for one-on-one quality time with a tot. | Nearby Family Activity: | Make it a morning or afternoon out and walk to | Palmerstown Playground | , | where the playground and walking loops are ideal for family me-time.","Milltown Road, Rathmines, Dublin 6, Ireland",53.312507,-6.247572,Eat,,,,https://dublincitymum.ie/wp-content/uploads/2025/05/Screenshot-83.png
Wonderfully Weathery Books,https://dublincitymum.ie/listing/wonderfully-weathery-books/,https://wonderfullyweatherybooks.com/collections/all,,"Wonderfully Weathery Books | whisks young readers into the colourful, curious world of “Weatherville” — where clouds drift, snowflakes dance, and rainbows play every day. | Hand-crafted in Ireland, this charming children’s book series uses engaging weather-characters (think Chloe Cloud, Riley Rainbow, Sally Sunshine) to gently introduce scientific concepts with personality and heart. | With vivid illustrations, playful storytelling and a mission to help kids understand | how weather works | , Wonderfully Weathery Books offers something both fun and educational — ideal for little imaginations and inquisitive minds alike.",,,,Books,,,,https://dublincitymum.ie/wp-content/uploads/2025/10/Screenshot_31-10-2025_10557_wonderfullyweatherybooks.com_-773x600.jpeg
Wow Burger,https://dublincitymum.ie/listing/wow-burger/,https://wowburger.ie/,+35314967147,"Wow Burger | (Ranelagh) | This bold, playful spot delivers upon its name—generous portions, fun flavours, and plenty of space for families. With a kids’ menu and high chairs, this mid-range hotspot hits all the marks. | Kids Menu: | Yes | High Chairs: | Yes | Baby Changing: | Yes | Why It’s Great: | Big flavour, bold vibe, and a team that embraces families in all the right ways. | Nearby Family Activity: | Pair with a swing through | Ranelagh Village | , or get the Luas into town and go exploring!","3 Ranelagh Road, Ranelagh, Dublin 6, Ireland",53.33015,-6.260114,Eat,,,,https://dublincitymum.ie/wp-content/uploads/2025/05/Screenshot-82.png
Yalla Kids,https://dublincitymum.ie/listing/yalla-kids/,https://yallakidsparties.ie/,+353876512106,"Yalla Kids Parties, led by experienced children’s entertainer Becky, offers dynamic and engaging birthday party entertainment across Dublin, Wicklow, Kildare, Meath, and Louth. With over a decade of experience in the industry, Becky brings a wealth of knowledge and enthusiasm to every event, ensuring a memorable experience for children aged 1 and up. | ​ | Their diverse range of party packages includes options such as bubble discos, balloon modelling, face painting, glitter tattoos, magic shows, karaoke, arts and crafts, and interactive games. Each package is designed to cater to various age groups and event types, ensuring that every child is entertained and engaged throughout the celebration. Whether it’s a birthday party, wedding, christening, communion, or cultural event, Yalla Kids Parties provides tailored entertainment solutions to suit your needs","Dublin, Ireland",53.349801,-6.260296,Party Entertainers,,,,https://dublincitymum.ie/wp-content/uploads/2025/08/Screenshot-259.png
Yamamori Sushi,https://dublincitymum.ie/listing/yamamori-sushi/,https://www.yamamori.ie/northcity,+35318720003,"Yamamori Sushi | (Ormond Quay) | Fresh sushi and Japanese comfort in a cheerful setting. Families are welcomed with high chairs and a kids’ menu, and the mid-range prices make it accessible for casual nibbling or splashing out a little. | Kids Menu: | Yes | High Chairs: | Yes | Baby Changing: | Yes | Why It’s Great: | Light, fresh dining for modern families—plus the buzz of the quayside keeps it lively. | Nearby Family Activity: | Saunter to | EPIC Museum | , where an incredible interactive museum awaits.","38-39 Ormond Quay Lower, North City, Dublin 1, Ireland",53.346776,-6.263879,Eat,,https://www.yamamori.ie/northcity,,https://dublincitymum.ie/wp-content/uploads/2025/05/Screenshot-2025-08-31-at-11.19.33-800x600.png
Yoga Dublin,https://dublincitymum.ie/listing/yoga-dublin/,https://www.yogadublin.com/,,"Yoga Dublin offers a welcoming space for expectant mums with their Pregnancy Yoga classes. These classes focus on gentle movements, breathing techniques, and relaxation to support both body and mind during pregnancy. Held at their studios in Ranelagh and Rathmines, the sessions are suitable from the second trimester onwards and aim to alleviate common discomforts while preparing for childbirth. | Yoga Dublin also provides workshops and courses in baby massage and first aid, creating a comprehensive support system for new parents. With a variety of class options and flexible pricing, Yoga Dublin is dedicated to nurturing your journey into motherhood | ​ | Yoga Dublin offers a welcoming space for expectant mums with their Pregnancy Yoga classes. These classes focus on gentle movements, breathing techniques, and relaxation to support both body and mind during pregnancy. Held at their studios in Ranelagh and Rathmines, the sessions are suitable from the second trimester onwards and aim to alleviate common discomforts while preparing for childbirth. | Yoga Dublin also provides workshops and courses in baby massage and first aid, creating a comprehensive support system for new parents. With a variety of class options and flexible pricing, Yoga Dublin is dedicated to nurturing your journey into motherhood | ​ | Studios | Ranelagh: | 28A Dartmouth Road, Ranelagh, Dublin 6, D06 HV20 | Rathmines: 2nd Floor, 111 Rathmines Rd Lower, | Rathmines, | Dublin 6, | D06 K5F6 | Harold’s Cross: 322 Harold’s Cross Road, | Terenure, | Dublin 6W, | D6W FT62 | Online: Join at home – | Schedule (Online)","28A Dartmouth Road, Ranelagh, Dublin 6, D06 HV20",,,Pre + Postnatal Exercise,,,,https://dublincitymum.ie/wp-content/uploads/2025/08/Yoga-Dub-800x600.jpg
Yoga Mammas,https://dublincitymum.ie/listing/yoga-mammas/,https://www.yogamammas.ie/pregnancy-yoga,,"Elaine (or Lainey, as her yogis call her!) offers welcoming Pregnancy Yoga classes in Knocklyon and online, blending over 15 years of experience with a holistic approach to birth. Her classes focus on active birth principles, gravity-based positions, and breathing techniques to prepare both body and mind for childbirth. Beyond physical practice, Lainey integrates aromatherapy, affirmations, and guided meditations to support emotional well-being. Classes are suitable from 12 weeks onwards and are designed to foster a supportive community of expectant mums. Health insurance receipts are available for eligible participants.","Iona Centre, Knocklyon D16 T299",,,Pre + Postnatal Exercise,,,,https://dublincitymum.ie/wp-content/uploads/2025/08/yoga-momma-697x600.png
Yoga With Neasa,https://dublincitymum.ie/listing/yoga-with-neasa/,https://yoga-in-dublin.com/mother-baby-yoga-class/,,"Yoga in Dublin, led by Neasa, offers a nurturing environment for expectant mums with her Pregnancy Yoga classes. Held on Tuesday evenings from 6:30 to 7:30 PM at Scots Hall, Howth Road, Clontarf, Dublin 3, these classes focus on gentle movements, breathing techniques, and relaxation to support both body and mind during pregnancy. Suitable for all stages of pregnancy, the sessions aim to alleviate common discomforts and prepare for childbirth. Neasa’s approach combines traditional yoga practices with a deep understanding of the unique needs of pregnant women, creating a supportive community for mums-to-be. | There are no Mother + Baby classes currently running – | contact Nessa directly | for details","15 Seafiled Road, Clontarf, Dublin 3",,,Pre + Postnatal Exercise,,,,https://dublincitymum.ie/wp-content/uploads/2025/08/Nesa.png
Young Chef at Airfield Estate,https://dublincitymum.ie/listing/young-chef-at-airfield-estate/,https://www.airfield.ie/events/young-chef/,+35319696666,"Airfield Estate’s Young Chef Workshops offer a hands-on cooking experience for budding chefs aged 8-12. Set in the beautiful Inspiration Kitchen, overlooking the estate’s food garden, kids will learn to create wholesome, seasonal meals using ingredients grown on-site whenever possible. | Led by experienced educators, these Sunday workshops (10 am – 12:30 pm) cover both sweet and savory dishes, helping young chefs develop practical cooking skills and a deeper connection to fresh, sustainable ingredients.","Airfield Estate, Overend Way, Dundrum, Dublin 14, Ireland, D14 EE77",,,Cooking,,,,https://dublincitymum.ie/wp-content/uploads/2025/07/Screenshot-193.png
Zakura,https://dublincitymum.ie/listing/zakura/,https://www.wexford.zakura.ie/,,"Zakura (Wexford St.) | A cosy Japanese restaurant serving up sushi, ramen, bento boxes and warming Japanese curries in a relaxed, family-friendly setting. Their dedicated Kid Bento menu is a big hit, with choices like the | Elephant Bento | (katsu chicken, rice and gyoza), the | Monkey Bento | (edamame, fried noodles and cucumber roll), and a | Kids Chicken Ramen | topped with veggies and chicken. Fresh, tasty, and fun. Prices are very reasonable, and the casual vibe makes it a great option for families looking for something a bit different from the usual pizza-and-pasta night. | Kids Menu: | Yes – dedicated Kid Bento boxes and ramen. | High Chairs: | Yes. | Baby Changing: | No. | Why It’s Great: | Healthy, flavourful Japanese food in a laid-back space — great for adventurous eaters or families looking to introduce little ones to something new.","Flat 2, Wexford Street, Dublin 2, Ireland",53.336938,-6.265393,Eat,,https://www.wexford.zakura.ie/#book_online,,https://dublincitymum.ie/wp-content/uploads/2025/09/ZACHURA.png
Zero Latency Dublin (Sandyford Swords),https://dublincitymum.ie/listing/zero-latency-dublin-sandyford-swords/,https://zerolatencyvr.ie/,,"Zero Latency Dublin (Sandyford Swords) offers a fun and unique experience for families in Dublin. Ideal for kids aged 8-16 years, its a fantastic choice for birthdays that mix excitement with ease and give parents time to actually enjoy the day too. This spot is a real gem for families looking to celebrate in style. Expect friendly staff, lots of laughs, and a great atmosphere where kids can have the time of their lives while parents relax and enjoy the fun.","Barrysparks, Swords, County Dublin, K67 A2T0, Ireland",53.453768,-6.219006,Party Venues,,,,https://dublincitymum.ie/wp-content/uploads/2025/10/Screenshot_19-10-2025_9846_zerolatencyvr.ie_.jpeg
Zipit,https://dublincitymum.ie/listing/zipit/,https://zipit.ie/blog/childrens-birthday-party-venues-in-dublin/,,"Skip the traditional indoor birthday party and head out for some fun-filled family-friendly adventures! Suitable for anyone | over 7 years of age | , the high ropes course is the perfect way to mark the special day outside. | Parents will need to bring the cake and food, and leave the fun to us! (However, Four Star Pizza also delivers to the location.) | Packed with 3 hours of treetop fun, our | Tibradden Wood Zipit Adventure Park | is an ideal venue for an outdoor birthday party in Dublin for kids! The course is also home to our incredible | Zip Trail | , which spans 500 metres and offers adrenaline-pumping fun for | anyone 12 years old and above.","Cruagh, County Dublin, D16 XY79, Ireland",53.243844,-6.295882,Party Venues,,,,https://dublincitymum.ie/wp-content/uploads/2025/08/Screenshot-2025-10-04-at-11.25.47-750x600.png
Zipit Forest Adventures,https://dublincitymum.ie/listing/zipit-forest-adventures/,https://zipit.ie/,,"Ready for a treetop escape that the whole family will cheer about? | Zipit Forest Adventures | delivers exactly that—imagine climbing wooden platforms snuggled into Coillte woodland, swinging on rope bridges, climbing through cargo nets, zipping along high wire trails, and balancing beams—all with heights ranging from about 1 m up to 20 m for those seeking a bit more thrill. | Every adventure includes a full 3‑hour experience complete with up‑to‑date safety harnesses, a safety briefing, and guidance from ERCA‑certified instructors, so mums and dads can relax (well, sort of) while the kids amaze themselves. With locations in Dublin’s Tibradden Wood, Roscommon, Cork, and the exciting new Wicklow branch at Djouce, it’s the perfect blend of forest fun, fresh air, and family bonding. | Children from age 7 | to adults can enjoy up to 4 hours of excitement and adventure.","Tibradden Lane, Tibradden, Dublin, Ireland",53.248344,-6.284386,Outdoor,,,,https://dublincitymum.ie/wp-content/uploads/2025/08/ZIP-800x600.jpg
frkl.,https://dublincitymum.ie/listing/frkl/,https://www.myfrkl.com/,,"frkl. | is jewellery made to connect, buildable, customisable pieces designed to mark life’s moments and invite you to belong. Clips, charms, chains: you set the base, you choose the hang-on, you style your story. Founded by incredible Angela Scanlon, the Irish-born brand invites you to be unique, express yourself, and link your memories into something wearable and fun. With each necklace, bracelet or charm you choose, you’re not just wearing jewellery—you’re wearing your journey. Bold, playful, and made to last.",,,,Jewellery Designers,,,,https://dublincitymum.ie/wp-content/uploads/2025/10/Screenshot_26-10-2025_84525_www.myfrkl.com_-709x600.jpeg
iSwim Academy,https://dublincitymum.ie/listing/iswim-academy/,https://iswim.ie/contact/,+35315242645,"iSwim Academy in Dublin offers swimming lessons designed to promote a healthy lifestyle and support children’s physical, mental, and social development. | Classes are divided by age and skill level, with small group sizes to ensure personal attention and allow kids to learn at their own pace. The focus is on making swimming enjoyable and building confidence in the water.","Tallaght, Liffey Valley, Clontarf",,,Swimming,,,,https://dublincitymum.ie/wp-content/uploads/2025/06/Screenshot-115.png
Óg Childcare,https://dublincitymum.ie/listing/og-childcare/,https://ogchildcare.ie/,+353863993122,"Childcare Agency | Irish-owned & operated | Childcare Relief Agency | , providing qualified, vetted professionals to parents and childcare facilities","Richmond St S, Saint Kevin's, Dublin 8",,,Childminders,,,,https://dublincitymum.ie/wp-content/uploads/2025/08/og-child-800x600.jpg
